frame_index,msg_stamp,total_ms,input_count,output_count,read_ms,batch_ms,infer_ms,post_ms,pub_msg_ms,pub_marker_ms
6,1790555937.367420435,105.081887,54706,0,19.729309,8.388222,76.740177,0.078723,0.112596,0.032860
7,1790555937.467628479,96.111732,54683,0,19.469325,4.644492,71.757271,0.070470,0.115291,0.054883
8,1790555937.567802429,98.882271,54699,0,18.956682,4.614182,75.094572,0.071356,0.110682,0.034797
9,1790555937.668014288,103.112226,54689,0,19.739852,8.206147,74.935149,0.071941,0.123405,0.035732
10,1790555937.768205166,95.170566,54678,0,19.217094,4.913131,70.310247,0.066868,0.629053,0.034173
11,1790555937.868398666,99.663801,54685,0,19.454020,4.911689,75.096745,0.066524,0.102338,0.032485
12,1790555937.968641996,107.892850,54660,0,19.362570,8.093723,80.232393,0.064961,0.103470,0.035733
13,1790555938.068813324,100.094370,54669,0,19.803427,6.490698,73.541643,0.073036,0.146859,0.038707
14,1790555938.169017553,95.263442,54667,0,18.896512,4.873621,71.074222,0.122447,0.252209,0.044431
15,1790555938.269178391,95.316523,54701,0,19.554673,4.813809,70.735363,0.067580,0.110978,0.034120
16,1790555938.369368553,99.047062,54670,0,19.363333,4.942319,74.503741,0.070493,0.133543,0.033633
17,1790555938.469633818,105.503151,54668,0,18.935136,9.349427,76.941791,0.074631,0.165226,0.036940
18,1790555938.569808483,94.993062,54652,0,18.571100,4.812689,71.314899,0.072578,0.184553,0.037243
19,1790555938.669982433,95.105010,54711,0,19.309166,4.326082,71.212769,0.081952,0.138508,0.036533
20,1790555938.770207882,97.968663,54668,0,19.054745,4.401864,73.859138,0.083992,0.514460,0.054464
21,1790555938.870398283,106.833411,54702,0,19.069943,6.196363,81.329467,0.073701,0.123961,0.039976
22,1790555938.970716476,96.517434,54720,0,18.900513,6.335103,71.064185,0.069143,0.112231,0.036259
23,1790555939.070808411,94.434585,54728,0,19.209554,4.114868,70.822600,0.073485,0.178504,0.035574
24,1790555939.271155596,103.067072,54674,0,18.230032,7.854578,76.736112,0.070776,0.142610,0.032964
25,1790555939.471571922,94.428641,54705,0,18.128530,5.071853,70.995841,0.077669,0.116575,0.038173
26,1790555939.772170544,99.512579,54720,0,18.121364,4.053815,77.061411,0.098933,0.141412,0.035644
27,1790555939.872344732,102.067202,54669,0,19.842509,8.366695,73.636340,0.074836,0.111722,0.035100
28,1790555939.972517967,97.169616,54739,0,19.340659,4.339727,73.145746,0.103770,0.188899,0.050815
29,1790555940.072717428,106.323079,54661,0,19.772439,7.641632,78.616655,0.106989,0.146589,0.038775
30,1790555940.172931671,97.145626,54682,0,19.055080,6.205338,71.178065,0.072681,0.594260,0.040202
31,1790555940.273160934,95.635505,54697,0,19.293293,4.198375,71.862564,0.085658,0.149388,0.046227
32,1790555940.373328447,100.093950,54705,0,19.444011,4.747491,75.630097,0.070760,0.163800,0.037791
33,1790555940.473546028,105.084955,54691,0,19.624041,7.458398,77.735789,0.082282,0.139761,0.044684
34,1790555940.573721170,96.501038,54746,0,18.965777,5.873035,71.443870,0.070095,0.109302,0.038959
35,1790555940.673945427,95.860542,54719,0,19.556369,4.389158,71.570155,0.105686,0.173780,0.065394
36,1790555940.774116755,99.991119,54726,0,19.482901,4.296727,75.996575,0.070980,0.108180,0.035756
37,1790555940.874310732,101.329632,54740,0,19.249790,6.910210,74.807148,0.119724,0.195263,0.047497
38,1790555940.974496841,96.509983,54709,0,19.384586,4.808032,72.020299,0.086970,0.160321,0.049775
39,1790555941.074701786,94.522914,54712,0,19.554201,4.541147,70.210451,0.075773,0.106485,0.034857
40,1790555941.174924850,100.031601,54684,0,19.768150,4.637459,74.983628,0.071652,0.531141,0.039571
41,1790555941.275121689,106.990251,54719,0,19.706045,8.353614,78.681525,0.093240,0.119723,0.036104
42,1790555941.375312328,94.353562,54741,0,19.024692,4.358582,70.751603,0.072721,0.109724,0.036240
43,1790555941.475480556,95.565844,54702,0,19.446721,4.167596,71.558934,0.094030,0.231532,0.067031
44,1790555941.575708866,98.231342,54723,0,19.100506,4.640487,74.132344,0.115052,0.186034,0.056919
45,1790555941.675890207,105.817749,54677,0,18.992079,7.695967,78.842748,0.082774,0.164697,0.039484
46,1790555941.776071787,94.834764,54713,0,19.218701,4.465631,70.869945,0.077820,0.157146,0.045521
47,1790555941.876270294,98.619285,54707,0,19.558457,4.397648,74.380045,0.081105,0.146216,0.055814
48,1790555941.976497173,105.451990,54664,0,19.461810,7.750635,77.961799,0.104017,0.139714,0.034015
49,1790555942.076698542,95.075719,54702,0,19.165759,4.430056,71.268074,0.069268,0.108246,0.034316
50,1790555942.277092934,101.362535,54656,0,19.108471,4.699459,76.864494,0.083448,0.558657,0.048006
51,1790555942.377227545,102.359091,54691,0,19.098118,7.703750,75.356104,0.065746,0.101855,0.033518
52,1790555942.477483511,95.679444,54718,0,19.247001,5.380476,70.793047,0.086852,0.132294,0.039774
53,1790555942.577669621,96.811926,54696,0,18.775743,4.487548,73.232529,0.099815,0.159852,0.056439
54,1790555942.677850485,106.362109,54716,0,19.057438,4.373073,82.711076,0.068395,0.103828,0.048299
55,1790555942.778053045,100.039750,54704,0,19.763583,7.231249,72.819365,0.067738,0.123509,0.034306
56,1790555942.878243923,95.068305,54756,0,19.189525,4.441651,71.186817,0.069644,0.131701,0.048967
57,1790555942.978408337,100.015329,54721,0,19.267620,4.232596,76.258603,0.077491,0.135163,0.043856
58,1790555943.078634024,104.199147,54755,0,19.575128,7.634989,76.758194,0.068869,0.127080,0.034887
59,1790555943.279056787,101.853267,54737,0,18.118734,7.271575,76.213147,0.098932,0.114993,0.035886
60,1790555943.379252434,98.893901,54740,0,19.317390,4.385491,74.532668,0.086685,0.537183,0.034484
61,1790555943.479392290,105.756657,54723,0,19.074886,8.201136,78.242669,0.063637,0.102496,0.071833
62,1790555943.579655647,95.147455,54713,0,18.972727,4.436670,71.457589,0.073777,0.156304,0.050388
63,1790555943.679839849,101.334507,54745,0,19.644036,4.583543,76.829986,0.063140,0.104968,0.108834
64,1790555943.780023336,104.093149,54731,0,19.423240,8.174734,76.273441,0.067710,0.104682,0.049342
65,1790555943.880216837,96.429101,54737,0,19.466971,4.611745,72.086358,0.107389,0.119582,0.037056
66,1790555943.980403423,95.223939,54704,0,19.235302,4.729554,71.061067,0.064875,0.100397,0.032744
67,1790555944.080616951,97.285430,54743,0,19.995034,4.775690,72.191447,0.110645,0.149894,0.062720
68,1790555944.180852413,103.199011,54770,0,19.862782,3.961025,79.176610,0.063190,0.102097,0.033307
69,1790555944.281038761,100.526805,54694,0,19.525029,7.378083,73.251271,0.165505,0.153230,0.053687
70,1790555944.381314993,94.802453,54731,0,19.127919,4.718933,70.184424,0.079775,0.643985,0.047417
71,1790555944.481393814,104.501894,54729,0,19.862300,4.298353,80.130191,0.066228,0.109023,0.035799
72,1790555944.581582308,99.624756,54722,0,19.697332,7.596970,72.130735,0.065403,0.101475,0.032841
73,1790555944.681777239,96.164585,54720,0,19.818403,5.121952,70.959886,0.094766,0.113895,0.055683
74,1790555944.781981230,98.119136,54767,0,19.349645,4.669899,73.897412,0.063981,0.103518,0.034681
75,1790555944.882180691,104.187830,54731,0,19.164776,7.794917,76.947671,0.068575,0.142513,0.069378
76,1790555944.982381344,96.946298,54750,0,19.388861,6.161069,71.173136,0.067143,0.117269,0.038820
77,1790555945.082563162,99.472089,54762,0,19.459536,4.861981,74.948676,0.067391,0.101643,0.032862
78,1790555945.182815313,102.836267,54701,0,19.320340,5.078555,78.181009,0.103685,0.117786,0.034892
79,1790555945.282961369,101.432018,54724,0,20.435040,7.708134,73.010925,0.076081,0.162542,0.039296
80,1790555945.383153915,95.223598,54764,0,19.735342,4.224941,70.624881,0.069290,0.537045,0.032099
81,1790555945.583599329,102.959869,54775,0,19.279668,3.935364,79.521114,0.065720,0.103569,0.054434
82,1790555945.683793783,99.183481,54731,0,19.280744,6.509891,73.146892,0.070634,0.140492,0.034828
83,1790555945.783942938,96.770805,54734,0,19.252505,5.144100,72.155380,0.065379,0.119538,0.033903
84,1790555945.884199858,102.225085,54747,0,19.668128,4.699025,77.610234,0.064498,0.108729,0.074471
85,1790555945.984347582,103.071098,54766,0,19.384740,7.518056,75.922792,0.070921,0.141454,0.033135
86,1790555946.084507704,96.787558,54750,0,19.933355,5.420574,71.187032,0.066796,0.111536,0.068265
87,1790555946.184740305,104.153758,54745,0,20.271569,5.049999,78.597591,0.081499,0.100509,0.052591
88,1790555946.284958124,100.276837,54734,0,19.694488,7.724081,72.589988,0.104199,0.105364,0.058717
89,1790555946.385117292,101.608652,54753,0,19.893090,4.504496,76.983487,0.073043,0.114957,0.039579
90,1790555946.585518599,99.837430,54725,0,18.334068,4.164544,76.296876,0.120097,0.876634,0.045211
91,1790555946.685711861,105.127726,54751,0,19.249789,8.305868,77.346286,0.067399,0.124155,0.034229
92,1790555946.785885811,97.640115,54734,0,19.367067,5.382150,72.692289,0.066423,0.100554,0.031632
93,1790555946.986291170,102.544499,54733,0,18.515902,6.932251,76.825273,0.105013,0.114535,0.051525
94,1790555947.186703682,94.958350,54758,0,17.941061,5.590678,71.203276,0.074388,0.112045,0.036902
95,1790555947.286869049,102.194865,54714,0,19.185260,4.713921,78.052324,0.068456,0.119160,0.055744
96,1790555947.387095451,100.612382,54764,0,19.978722,7.516475,72.848951,0.102606,0.116461,0.049167
97,1790555947.587537050,103.840497,54745,0,18.149172,7.276749,78.197315,0.076961,0.105925,0.034375
98,1790555947.687675953,94.241492,54760,0,19.387025,4.490175,69.923180,0.204566,0.183800,0.052746
99,1790555947.787879944,97.197367,54741,0,19.251778,4.528659,73.173618,0.085448,0.123750,0.034114
100,1790555947.888081551,107.477334,54753,0,19.601191,4.472824,82.633364,0.116324,0.616982,0.036649
101,1790555947.988245726,98.611558,54738,0,19.493193,7.025118,71.833268,0.120255,0.105300,0.034424
102,1790555948.088480234,95.976300,54766,0,19.444489,4.832878,71.501877,0.066398,0.098278,0.032380
103,1790555948.188674450,102.817775,54768,0,20.084851,4.993830,77.479762,0.099182,0.125124,0.035026
104,1790555948.288908005,99.991165,54788,0,20.420986,7.326997,71.902968,0.122515,0.183729,0.033970
105,1790555948.389056921,96.209910,54708,0,19.482325,4.469241,72.023027,0.068237,0.104171,0.062909
106,1790555948.489284754,97.426672,54774,0,19.944054,5.387221,71.890553,0.069998,0.101483,0.033363
107,1790555948.689691067,94.092190,54771,0,19.408099,5.088739,69.328722,0.083839,0.141561,0.041230
108,1790555948.789853096,97.693023,54745,0,18.668660,4.728942,74.038938,0.079845,0.132858,0.043780
109,1790555948.890043736,105.730564,54780,0,19.124095,4.505249,81.884559,0.067621,0.115658,0.033382
110,1790555948.990243912,98.569383,54732,0,19.014872,7.041052,71.875466,0.076414,0.526778,0.034801
111,1790555949.094902039,94.269279,54614,0,18.870379,4.782658,70.308365,0.082549,0.185699,0.039629
112,1790555949.195119381,105.904014,54742,0,19.164753,4.846881,81.607725,0.082494,0.125543,0.076618
113,1790555949.295302868,97.393157,54723,0,18.889172,5.864269,72.226912,0.120469,0.242151,0.050184
114,1790555949.395496130,95.390014,54758,0,19.671507,4.642851,70.773418,0.088148,0.168893,0.045197
115,1790555949.495691776,93.141384,54712,0,19.084892,4.689698,69.146365,0.066879,0.119167,0.034383
116,1790555949.595894337,101.448422,54734,0,19.583958,4.914304,76.672360,0.070233,0.133764,0.073803
117,1790555949.696090460,102.341408,54769,0,19.935611,7.317548,74.888783,0.064983,0.102232,0.032251
118,1790555949.796250820,95.478940,54725,0,19.561620,4.237435,71.463712,0.072928,0.107889,0.035356
119,1790555949.896497726,97.458082,54733,0,18.924801,4.494367,73.801582,0.082858,0.117416,0.037058
120,1790555949.996681929,101.655257,54745,0,19.453470,4.522602,76.965993,0.070820,0.594518,0.047854
121,1790555950.096847057,98.380799,54748,0,19.329483,6.222873,72.621479,0.067453,0.106860,0.032651
122,1790555950.197065115,93.584990,54732,0,19.074102,4.177419,70.104936,0.080517,0.113240,0.034776
123,1790555950.297264099,95.719427,54773,0,18.850991,4.756869,71.851048,0.068959,0.133621,0.057939
124,1790555950.397460938,106.944611,54726,0,20.190587,8.072805,78.379252,0.096596,0.113704,0.091667
125,1790555950.497630119,96.812678,54748,0,19.617817,5.795043,71.156742,0.068797,0.142249,0.032030
126,1790555950.597857952,95.480673,54797,0,19.458783,4.434981,71.347184,0.070508,0.113744,0.055473
127,1790555950.698023319,93.523220,54726,0,19.412187,4.265772,69.576032,0.077449,0.149443,0.042337
128,1790555950.798248291,101.908026,54740,0,20.002847,4.089059,77.586120,0.078200,0.115116,0.036684
129,1790555950.898418665,102.688406,54764,0,20.069877,7.871240,74.528832,0.068694,0.115315,0.034448
130,1790555951.098877192,99.126088,54744,0,18.756910,6.864490,72.599593,0.077397,0.778851,0.048847
131,1790555951.299236536,100.791362,54725,0,18.280438,4.089722,78.215101,0.069748,0.103673,0.032680
132,1790555951.399402142,103.798457,54760,0,19.185301,8.139094,76.220942,0.072422,0.146705,0.033993
133,1790555951.499643326,96.314949,54762,0,19.877564,5.358585,70.874848,0.067465,0.104048,0.032439
134,1790555951.599827051,96.913643,54739,0,19.472053,4.292262,72.812807,0.145365,0.154894,0.036262
135,1790555951.700027227,99.970602,54749,0,19.798312,4.025303,75.942317,0.067263,0.103302,0.034105
136,1790555951.800225496,103.591086,54753,0,19.600340,7.912472,75.815917,0.086218,0.120841,0.055298
137,1790555951.900439978,97.693424,54786,0,19.257823,5.478728,72.750538,0.067481,0.104929,0.033925
138,1790555952.000581264,94.385513,54776,0,19.622645,4.813698,69.672894,0.083832,0.147629,0.044815
139,1790555952.201128244,104.068114,54783,0,20.281868,3.864378,79.647445,0.093100,0.149756,0.031567
140,1790555952.301225185,99.332658,54762,0,19.663219,6.813675,72.137902,0.064787,0.619341,0.033734
141,1790555952.401371956,101.367323,54761,0,19.697127,7.972242,73.447478,0.069433,0.118496,0.062547
142,1790555952.501588583,96.326232,54796,0,19.216766,4.958748,71.940863,0.068037,0.106716,0.035102
143,1790555952.601814270,98.029874,54744,0,19.537742,4.358416,73.914022,0.070452,0.113685,0.035557
144,1790555952.701993942,103.763113,54778,0,19.641795,4.184135,79.592680,0.115091,0.189633,0.039779
145,1790555952.802187920,105.151513,54704,0,19.270799,8.407973,77.182753,0.089164,0.165892,0.034932
146,1790555952.902354479,96.484971,54716,0,19.054581,4.291209,72.861592,0.074932,0.138592,0.064065
147,1790555953.002566099,98.341685,54766,0,19.094266,4.288643,74.725475,0.069960,0.124103,0.039238
148,1790555953.203010321,95.000196,54741,0,17.942058,4.253724,72.504768,0.139124,0.125698,0.034824
149,1790555953.303204536,104.862896,54781,0,19.227844,7.142231,78.238850,0.085576,0.129621,0.038774
150,1790555953.403383255,101.018027,54737,0,19.890092,7.316863,73.157283,0.081964,0.536504,0.035321
151,1790555953.503562450,95.501115,54748,0,19.648603,4.375647,71.251733,0.066635,0.108577,0.049920
152,1790555953.603761196,100.679522,54713,0,19.405177,4.672273,76.388843,0.069997,0.108607,0.034625
153,1790555953.703997135,105.200848,54779,0,19.697943,8.328541,76.832036,0.069236,0.231877,0.041215
154,1790555953.804159641,95.082505,54730,0,19.434051,4.466019,70.951301,0.074319,0.119892,0.036923
155,1790555953.904348373,95.781404,54719,0,19.390093,4.387046,71.793333,0.070938,0.105737,0.034257
156,1790555954.004582882,99.166007,54786,0,19.727649,4.657880,74.548517,0.072677,0.118862,0.040422
157,1790555954.104775667,105.961423,54762,0,19.618480,4.554872,81.476781,0.107480,0.147055,0.056755
158,1790555954.204943180,100.322031,54724,0,19.614299,6.800555,73.582611,0.097706,0.176246,0.050614
159,1790555954.305151939,96.153853,54769,0,19.464293,4.722127,71.632537,0.153229,0.143606,0.038061
160,1790555954.505511761,96.530018,54731,0,18.538279,4.287797,73.000327,0.077230,0.567282,0.059103
161,1790555954.605735779,104.988417,54722,0,19.175413,8.746691,76.698080,0.093274,0.239903,0.035056
162,1790555954.705899477,95.688856,54756,0,19.690812,4.411956,71.355931,0.085390,0.109800,0.034967
163,1790555954.906352043,95.498886,54766,0,18.806160,4.063188,72.392963,0.071801,0.115390,0.049384
164,1790555955.006525040,102.720553,54718,0,19.804867,7.963689,74.680860,0.104041,0.130655,0.036441
165,1790555955.106709957,97.380891,54734,0,19.852969,4.174659,73.115224,0.068962,0.134117,0.034960
166,1790555955.206910372,101.543611,54772,0,19.125304,4.545522,77.663066,0.068228,0.108941,0.032550
167,1790555955.307107925,104.844275,54727,0,19.437515,8.062046,77.048602,0.099123,0.146695,0.050294
168,1790555955.407296419,96.158073,54760,0,19.109205,5.673422,71.083044,0.114155,0.139257,0.038990
169,1790555955.507496357,95.443666,54803,0,19.063022,4.400748,71.767886,0.067474,0.107992,0.036544
170,1790555955.707927704,95.432310,54785,0,18.507380,3.904589,72.360225,0.068995,0.542290,0.048831
171,1790555955.808090210,104.507233,54731,0,19.154418,9.210656,75.920298,0.074354,0.112843,0.034664
172,1790555956.008454800,97.261856,54749,0,18.696482,6.261002,72.048164,0.068231,0.153052,0.034925
173,1790555956.108710289,93.920309,54757,0,20.105557,4.246210,69.327903,0.064296,0.142314,0.034029
174,1790555956.208925009,103.682604,54745,0,19.591840,4.577817,79.296479,0.068819,0.109090,0.038559
175,1790555956.309079409,103.241795,54763,0,19.738673,6.970511,76.321968,0.068995,0.106639,0.035009
176,1790555956.409290791,96.094758,54759,0,19.478029,5.030414,71.293519,0.087050,0.168078,0.037668
177,1790555956.509497643,96.553336,54813,0,19.595173,4.044041,72.621325,0.093322,0.142701,0.056774
178,1790555956.609660387,103.339046,54706,0,20.170790,4.191235,78.719026,0.077331,0.138786,0.041878
179,1790555956.709854364,105.394940,54762,0,19.598589,8.657092,76.888993,0.081884,0.126353,0.042029
180,1790555956.810102940,105.632465,54792,0,19.823522,9.535260,75.475078,0.077814,0.674248,0.046543
181,1790555956.910278559,96.567630,54724,0,19.892709,4.243758,72.124399,0.075109,0.191528,0.040127
182,1790555957.010456085,95.985591,54809,0,19.119067,5.242422,71.420305,0.065499,0.105361,0.032937
183,1790555957.110673428,100.951935,54773,0,19.933138,5.202914,75.601490,0.066555,0.112392,0.035446
184,1790555957.210844994,107.195058,54747,0,20.519642,8.352479,77.985417,0.078882,0.181658,0.076980
185,1790555957.311066866,98.866089,54832,0,20.100391,5.989891,72.512245,0.070658,0.157230,0.035674
186,1790555957.411239386,95.597355,54770,0,19.381461,4.271687,71.708078,0.069639,0.113616,0.052874
187,1790555957.611650467,91.425639,54740,0,18.789237,4.044262,68.287825,0.098527,0.162847,0.042941
188,1790555957.711832285,84.421196,54813,0,19.420103,6.988126,57.790723,0.069199,0.116996,0.036049
189,1790555957.812030315,101.067444,54752,0,18.505615,4.302478,77.973288,0.076349,0.158628,0.051086
190,1790555957.912220478,105.622528,54832,0,19.547667,8.201676,77.201514,0.090190,0.526187,0.055294
191,1790555958.012421370,99.418304,54783,0,19.779648,7.092159,72.311615,0.073530,0.122681,0.038671
192,1790555958.112637281,94.693141,54722,0,19.698447,4.909861,69.682321,0.112286,0.241661,0.048565
193,1790555958.313003302,97.253479,54783,0,18.776546,3.986571,74.223736,0.071195,0.121647,0.073784
194,1790555958.513406038,104.295925,54826,0,18.507244,6.749874,78.799429,0.067298,0.119348,0.052732
195,1790555958.613643169,98.493499,54784,0,19.683604,6.266082,72.194931,0.117395,0.190640,0.040847
196,1790555958.813962698,98.603942,54784,0,18.598716,4.876312,74.847822,0.099135,0.137499,0.044458
197,1790555958.914184332,106.624480,54782,0,19.934249,7.652712,78.746446,0.070089,0.145209,0.075775
198,1790555959.014388800,99.810480,54802,0,19.727418,7.239509,72.636888,0.067405,0.106253,0.033007
199,1790555959.114601374,96.203704,54808,0,19.156199,5.209981,71.638356,0.064538,0.102284,0.032346
200,1790555959.214774132,93.507683,54775,0,19.417307,4.779498,68.636317,0.077590,0.558581,0.038390
201,1790555959.314980268,100.922019,54763,0,19.736686,4.334727,76.592496,0.080961,0.136989,0.040160
202,1790555959.415172577,102.945224,54833,0,19.650448,4.281824,78.791508,0.084315,0.103674,0.033455
203,1790555959.515367746,104.852900,54797,0,19.210219,8.381351,76.932762,0.120328,0.161922,0.046318
204,1790555959.615617514,96.163269,54761,0,19.178527,5.512958,71.258534,0.069631,0.108886,0.034733
205,1790555959.715734243,95.467052,54801,0,19.633249,4.917264,70.707427,0.066925,0.106925,0.035262
206,1790555959.815961599,93.039416,54786,0,19.454299,4.813990,68.545470,0.069734,0.120957,0.034966
207,1790555959.916186810,101.772048,54787,0,19.012785,4.543401,77.981028,0.067478,0.118092,0.049264
208,1790555960.016380310,104.457559,54763,0,19.312491,8.549973,76.355677,0.100152,0.105609,0.033657
209,1790555960.116541624,95.841080,54722,0,19.185345,4.604720,71.804064,0.086657,0.104145,0.056149
210,1790555960.216780663,102.687946,54722,0,19.927808,4.702337,77.367561,0.065461,0.592178,0.032601
211,1790555960.316986322,104.684943,54723,0,19.369856,4.920237,80.122657,0.069859,0.143878,0.058456
212,1790555960.417131662,104.583612,54774,0,19.414313,8.916110,76.033717,0.069092,0.117452,0.032928
213,1790555960.517374992,96.008552,54798,0,20.141682,4.531615,71.095045,0.066865,0.114494,0.058851
214,1790555960.617537022,96.023543,54794,0,19.743271,4.384013,71.579609,0.114131,0.156512,0.046007
215,1790555960.717726231,95.798065,54777,0,19.571922,4.430362,71.519340,0.083667,0.148723,0.044051
216,1790555960.817923069,100.073192,54769,0,19.459033,4.875077,75.513004,0.068421,0.121207,0.036450
217,1790555960.918120146,105.478370,54766,0,19.499429,4.355766,81.334276,0.095069,0.158276,0.035554
218,1790555961.018316507,99.034341,54852,0,19.477144,7.608083,71.675540,0.070999,0.167887,0.034688
219,1790555961.118488789,96.127806,54803,0,19.944125,4.404610,71.555570,0.069883,0.118678,0.034940
220,1790555961.218706369,100.040859,54739,0,19.582159,4.636047,75.145690,0.068797,0.572382,0.035784
221,1790555961.519302368,97.822804,54809,0,18.674709,4.568333,74.308305,0.097423,0.134620,0.039414
222,1790555961.619529724,103.498214,54843,0,19.136304,4.701913,79.459958,0.066942,0.100363,0.032734
223,1790555961.719700813,102.909873,54752,0,19.400155,8.386254,74.884397,0.072668,0.130741,0.035658
224,1790555961.819896460,98.479062,54801,0,18.709189,7.356711,72.094074,0.088874,0.187120,0.043094
225,1790555961.920113802,95.408785,54811,0,19.072550,5.198026,70.930155,0.069065,0.105120,0.033869
226,1790555962.020285606,98.264064,54751,0,19.357265,4.269941,74.403627,0.068769,0.107584,0.056878
227,1790555962.120491982,103.322507,54794,0,19.177745,4.128875,79.795267,0.080883,0.106553,0.033184
228,1790555962.220684052,101.756188,54840,0,19.273517,8.551980,73.683795,0.077186,0.130968,0.038742
229,1790555962.320881367,95.845573,54774,0,19.238051,5.296638,71.005225,0.067934,0.203325,0.034400
230,1790555962.421075344,99.765260,54746,0,19.247907,7.616598,72.186020,0.075809,0.599626,0.039300
231,1790555962.521245480,96.836470,54733,0,19.142302,5.595922,71.871746,0.066417,0.106098,0.053985
232,1790555962.621470213,100.417434,54771,0,19.342526,5.168692,75.652261,0.092639,0.126310,0.035006
233,1790555962.721688271,105.657371,54791,0,19.605118,4.820355,81.014131,0.068949,0.113674,0.035144
234,1790555962.821866035,99.275419,54809,0,19.529735,6.819121,72.680079,0.068873,0.140630,0.036981
235,1790555962.922090530,95.313965,54755,0,19.445794,4.339096,71.213405,0.092827,0.170988,0.051855
236,1790555963.022283554,96.083767,54753,0,19.376359,5.508465,70.925065,0.081499,0.156971,0.035408
237,1790555963.122472763,94.505704,54764,0,18.945612,4.863950,70.446840,0.076717,0.138207,0.034378
238,1790555963.222680807,99.707883,54769,0,19.495615,4.697158,75.310554,0.068762,0.102141,0.033653
239,1790555963.322870731,106.532095,54794,0,19.186742,4.701735,82.423022,0.069422,0.113400,0.037774
240,1790555963.423088551,100.952794,54797,0,20.013242,7.060909,73.161809,0.069260,0.602881,0.044693
241,1790555963.523273945,96.458135,54763,0,19.594873,4.468751,72.149022,0.092471,0.114534,0.038484
242,1790555963.623457432,95.433292,54775,0,19.529535,4.290705,71.379327,0.068496,0.100316,0.064913
243,1790555963.723644018,106.292259,54746,0,19.601566,4.462805,81.945946,0.065277,0.158013,0.058652
244,1790555963.823851824,104.812243,54757,0,19.344283,7.635269,77.593832,0.076480,0.116736,0.045643
245,1790555963.924058676,104.694243,54810,0,19.007331,7.071448,78.334248,0.069011,0.138543,0.073662
246,1790555964.024223089,99.732906,54799,0,19.242197,7.076618,73.061758,0.076837,0.191838,0.083658
247,1790555964.124417067,94.608966,54785,0,19.106878,4.290558,70.906435,0.094057,0.149010,0.062028
248,1790555964.224652767,94.783041,54817,0,19.285548,4.160834,71.082928,0.064995,0.104796,0.083940
249,1790555964.324841261,97.904626,54814,0,19.104144,4.341775,74.112438,0.085758,0.202500,0.058011
250,1790555964.425012827,103.128357,54782,0,19.036521,4.664850,78.761787,0.070352,0.551620,0.043227
251,1790555964.525228977,103.793838,54775,0,18.899699,8.791218,75.796269,0.109809,0.131434,0.065409
252,1790555964.625431299,97.004074,54818,0,19.691180,4.238539,72.816600,0.069844,0.143093,0.044818
253,1790555964.725620031,97.372727,54794,0,19.574083,4.625179,72.902692,0.066592,0.144131,0.060050
254,1790555964.825796127,103.800752,54763,0,19.257235,7.997165,76.302898,0.086671,0.108629,0.048154
255,1790555964.926027298,95.870832,54816,0,19.748338,4.510565,71.371508,0.068348,0.113837,0.058236
256,1790555965.026217222,94.815536,54769,0,19.349172,4.586122,70.566276,0.098907,0.151319,0.063740
257,1790555965.126413584,102.326796,54788,0,19.820929,4.119847,78.107452,0.068636,0.142701,0.067231
258,1790555965.226604939,103.964553,54774,0,19.636684,7.742322,76.317906,0.094649,0.130185,0.042807
259,1790555965.326835632,98.245444,54814,0,19.902049,5.977764,72.121108,0.066870,0.118622,0.059031
260,1790555965.427004337,95.991343,54767,0,19.308766,4.448923,71.465551,0.071164,0.644719,0.052220
261,1790555965.527200937,94.851454,54809,0,19.084573,4.249916,71.268139,0.070276,0.132272,0.046278
262,1790555965.627393484,101.122306,54799,0,19.481359,4.589606,76.751271,0.068519,0.172065,0.059486
263,1790555965.827791452,100.028427,54839,0,19.602980,5.123571,75.006167,0.100433,0.131877,0.063399
264,1790555965.927964687,103.778092,54829,0,19.394528,4.986073,79.156248,0.080224,0.115812,0.045207
265,1790555966.028201818,102.765480,54818,0,20.046930,7.473601,75.016978,0.069947,0.114881,0.043143
266,1790555966.228587627,98.943475,54808,0,18.287823,7.990692,72.312664,0.117415,0.172547,0.062334
267,1790555966.328774691,100.347593,54853,0,19.580849,4.631642,75.622669,0.201346,0.252749,0.058338
268,1790555966.428978682,105.862261,54822,0,20.329633,6.934884,78.207004,0.075264,0.201895,0.113581
269,1790555966.629422665,104.242983,54830,0,18.136343,7.626673,78.241093,0.070635,0.121607,0.046632
270,1790555966.729558706,98.866293,54842,0,19.693459,6.696874,71.742390,0.070738,0.614305,0.048527
271,1790555966.829751015,101.273014,54821,0,18.884376,4.646200,77.506957,0.067292,0.102390,0.065799
272,1790555966.929942369,104.446393,54747,0,19.357958,8.286253,76.596349,0.063940,0.101421,0.040472
273,1790555967.030146599,95.512984,54789,0,19.045007,4.839159,71.334363,0.071157,0.139704,0.083594
274,1790555967.130337954,96.542653,54805,0,19.305788,6.008791,70.941810,0.117355,0.115767,0.053142
275,1790555967.230554581,96.878006,54759,0,19.809745,3.950304,72.863504,0.096974,0.112041,0.045438
276,1790555967.330703020,99.839479,54775,0,19.510746,4.160420,75.952353,0.067159,0.105671,0.043130
277,1790555967.430904865,105.249248,54841,0,19.988172,6.977426,78.017489,0.072208,0.121615,0.072338
278,1790555967.531127453,100.662297,54802,0,19.849164,6.735321,73.792519,0.086981,0.124992,0.073320
279,1790555967.631331682,95.596630,54810,0,19.308631,4.618517,71.418285,0.071338,0.111849,0.068010
280,1790555967.831726551,96.379962,54802,0,19.984121,4.339575,71.413355,0.072916,0.524804,0.045191
281,1790555967.931902170,101.995435,54801,0,20.014973,4.588779,77.101587,0.081434,0.123420,0.085242
282,1790555968.032137156,103.736651,54839,0,19.890229,7.832799,75.794064,0.068106,0.109680,0.041773
283,1790555968.132280588,97.185395,54814,0,19.681144,5.187332,72.086978,0.070830,0.114889,0.044222
284,1790555968.232474089,95.947729,54835,0,20.048301,5.025762,70.624666,0.070385,0.125986,0.052629
285,1790555968.332874298,99.023659,54814,0,19.997665,4.344043,74.448017,0.067933,0.121748,0.044253
286,1790555968.432907343,105.496042,54772,0,19.497912,4.116898,81.610281,0.067240,0.138504,0.065207
287,1790555968.533087730,100.455895,54828,0,19.279792,7.071087,73.869270,0.074774,0.115387,0.045585
288,1790555968.633298159,96.758125,54797,0,19.220833,4.720307,72.586883,0.068113,0.104896,0.057093
289,1790555968.733507156,100.643410,54716,0,19.594446,4.543985,76.274786,0.071769,0.111446,0.046978
290,1790555968.833698750,104.598514,54762,0,19.174786,8.580757,76.170545,0.066664,0.564082,0.041680
291,1790555968.933890104,96.095644,54881,0,19.369670,4.300919,72.117547,0.076224,0.162470,0.068814
292,1790555969.034089565,95.573625,55094,0,19.363487,4.806422,71.154843,0.076013,0.120489,0.052371
293,1790555969.134314299,94.865982,55032,0,19.749540,4.398712,70.496945,0.067989,0.110102,0.042694
294,1790555969.234442711,103.175753,54941,0,19.679919,4.370457,78.885853,0.081478,0.113704,0.044342
295,1790555969.334631920,102.775453,54921,0,19.033236,8.437074,75.005398,0.079601,0.160990,0.059154
296,1790555969.434853554,95.471392,54845,0,19.167606,4.706828,71.374814,0.073360,0.107333,0.041451
297,1790555969.535052061,99.774674,54904,0,19.998938,4.282275,75.259201,0.074338,0.113995,0.045927
298,1790555969.635246038,105.790853,54856,0,19.638785,4.577228,81.308240,0.082073,0.130852,0.053675
299,1790555969.735452890,101.906294,54874,0,19.963891,6.957031,74.737114,0.068458,0.137156,0.042644
300,1790555969.835686445,102.158782,54820,0,20.146706,4.876177,76.498219,0.066738,0.529133,0.041809
301,1790555969.935843229,103.225337,54794,0,19.517027,4.607257,78.873526,0.079845,0.105262,0.042420
302,1790555970.036046028,104.310126,54841,0,19.556325,5.017484,79.514221,0.067019,0.110385,0.044692
303,1790555970.136236429,103.264824,54875,0,19.520894,4.419160,79.065288,0.066594,0.111379,0.081509
304,1790555970.236408949,105.765712,54821,0,19.880260,4.089627,81.527613,0.070051,0.134442,0.063719
305,1790555970.336645842,100.342261,54819,0,19.945175,6.681816,73.434619,0.076303,0.137154,0.067194
306,1790555970.436802626,94.773694,54783,0,19.313852,4.019079,71.093517,0.134025,0.169731,0.043490
307,1790555970.537031889,95.736979,54802,0,19.501627,4.510342,71.423398,0.065517,0.160026,0.076069
308,1790555970.637247086,94.769766,54808,0,19.011910,4.042432,71.318040,0.139555,0.198834,0.058995
309,1790555970.737428188,102.138057,54752,0,19.467552,4.325671,78.127823,0.069556,0.104461,0.042994
310,1790555970.837622643,106.410317,54706,0,19.486223,3.934075,82.121240,0.070111,0.724800,0.073868
311,1790555970.937805653,100.445147,54756,0,19.765582,7.443139,72.954852,0.088221,0.119047,0.074306
312,1790555971.038044691,95.647082,54719,0,19.905971,4.131092,71.324836,0.097518,0.143080,0.044585
313,1790555971.138208866,99.377930,54702,0,19.638929,4.578456,74.873545,0.068975,0.170946,0.047079
314,1790555971.238410234,105.129875,54725,0,19.690173,4.635259,80.531367,0.079603,0.131765,0.061708
315,1790555971.338605404,107.421061,54741,0,20.113186,6.974810,80.111771,0.082631,0.097339,0.041324
316,1790555971.438743353,105.185660,54757,0,19.880207,8.489922,76.525438,0.099474,0.125870,0.064749
317,1790555971.538976669,102.595098,54688,0,19.462334,4.377836,78.511527,0.101165,0.100187,0.042049
318,1790555971.639134884,106.734285,54731,0,19.625236,8.435106,78.378769,0.069365,0.161855,0.063954
319,1790555971.739358664,99.941640,54737,0,19.903251,4.945081,74.823649,0.073658,0.134964,0.061037
320,1790555971.839576006,104.051282,54825,0,19.932809,4.517466,78.841981,0.072402,0.632788,0.053836
321,1790555971.939780235,107.993493,54785,0,20.052878,4.810437,82.819320,0.092891,0.153391,0.064576
322,1790555972.039956570,105.476824,54818,0,19.128505,7.670078,78.404190,0.086863,0.143498,0.043690
323,1790555972.140145063,96.502589,54779,0,19.662704,6.073252,70.476588,0.080884,0.149793,0.059368
324,1790555972.240335464,93.124403,54854,0,19.929517,4.361524,68.606774,0.065517,0.105499,0.055572
325,1790555972.340529680,101.300226,54783,0,19.352737,4.736207,76.981794,0.064629,0.106279,0.058580
326,1790555972.440770864,103.947635,54855,0,19.263801,5.191228,79.243824,0.080586,0.114048,0.054148
327,1790555972.540956020,99.791533,54784,0,19.978721,7.229391,72.346070,0.071233,0.116073,0.050045
328,1790555972.641161442,97.239337,54757,0,19.324232,4.400817,73.275243,0.074860,0.118439,0.045746
329,1790555972.741321564,104.375386,54747,0,19.995245,4.175973,79.909174,0.067874,0.140540,0.086580
330,1790555972.841563225,101.617296,54708,0,19.249154,7.156120,74.446502,0.070105,0.649923,0.045492
331,1790555972.941763163,93.910471,54734,0,18.875972,4.584219,70.193622,0.073423,0.138711,0.044524
332,1790555973.041916132,92.573003,54706,0,19.074626,4.380283,68.812790,0.083544,0.164107,0.057653
333,1790555973.142140627,100.514285,54727,0,19.423782,5.238955,75.614620,0.071841,0.116885,0.048202
334,1790555973.242306232,103.447143,54739,0,19.526971,4.388260,79.260455,0.096722,0.116169,0.058566
335,1790555973.342501640,101.607207,54783,0,19.296586,8.105215,73.935037,0.069083,0.153646,0.047640
336,1790555973.442725182,93.069000,54693,0,19.035345,4.674888,69.112106,0.074971,0.126180,0.045510
337,1790555973.542923927,98.509054,54717,0,19.625594,4.256342,74.367046,0.074729,0.129170,0.056173
338,1790555973.643124819,104.982913,54715,0,19.693018,3.971636,81.057103,0.083498,0.127111,0.050547
339,1790555973.743318796,98.914730,54754,0,20.296604,6.994035,71.379374,0.082907,0.117270,0.044540
340,1790555973.843514681,94.498538,54708,0,19.545708,4.390646,69.716987,0.093913,0.684100,0.067184
341,1790555973.943709612,104.579524,54766,0,20.197486,4.281784,79.856490,0.081226,0.104950,0.057588
342,1790555974.043886423,103.898313,54739,0,20.267795,8.789072,74.515185,0.092073,0.166224,0.067964
343,1790555974.244266033,97.305623,54723,0,19.286686,4.563892,73.233186,0.068961,0.107112,0.045786
344,1790555974.344469070,103.821567,54807,0,19.531088,4.156173,79.825290,0.067088,0.113517,0.128411
345,1790555974.444700718,101.903440,54778,0,19.227065,7.460550,74.978315,0.069305,0.108397,0.059808
346,1790555974.645076752,93.604615,54755,0,19.575001,4.506612,69.263995,0.073538,0.121934,0.063535
347,1790555974.745279074,100.159559,54649,0,20.616387,4.428119,74.863083,0.083702,0.118437,0.049831
348,1790555974.845463991,106.652114,54759,0,20.070083,7.983748,78.345909,0.096710,0.113056,0.042608
349,1790555974.945683241,97.581448,54670,0,20.469407,5.098862,71.770533,0.070392,0.127386,0.044868
350,1790555975.146062374,100.350495,54692,0,19.057079,4.225582,76.425060,0.088095,0.510105,0.044574
351,1790555975.246234894,105.570617,54694,0,19.500936,8.352658,77.416165,0.104114,0.150327,0.046417
352,1790555975.346444607,97.531908,54647,0,19.295198,6.794514,71.193583,0.068910,0.137119,0.042584
353,1790555975.446629524,94.469091,54635,0,19.359772,4.466390,70.425399,0.068534,0.106579,0.042417
354,1790555975.546827793,99.562018,54600,0,19.477392,4.608195,75.229975,0.080259,0.121392,0.044805
355,1790555975.647045851,104.998331,54626,0,19.679853,4.438917,80.672644,0.063847,0.101886,0.041184
356,1790555975.747226000,100.045054,54620,0,19.528527,7.903325,72.290088,0.077100,0.180406,0.065608
357,1790555975.847451448,96.159816,54629,0,19.510280,5.139367,71.258343,0.082485,0.107870,0.061471
358,1790555976.148041725,95.427987,54581,0,19.216408,4.756163,71.204180,0.079674,0.120690,0.050872
359,1790555976.248227596,101.172993,54633,0,20.140684,4.500335,76.262928,0.085341,0.130844,0.052861
360,1790555976.348399162,107.141757,54639,0,20.441885,8.245676,77.673354,0.071872,0.664961,0.044009
361,1790555976.448611021,100.562516,54662,0,20.160211,7.864141,72.256157,0.071027,0.166647,0.044333
362,1790555976.548793316,99.744374,54682,0,20.179854,4.885373,74.431206,0.072195,0.113830,0.061916
363,1790555976.648986816,106.073950,54646,0,21.032004,4.949144,79.825305,0.066418,0.155331,0.045748
364,1790555976.749181986,104.657533,54656,0,20.755832,8.172091,75.511039,0.068118,0.105510,0.044943
365,1790555976.849393845,96.703393,54651,0,20.074140,5.031389,71.362251,0.068097,0.107844,0.059672
366,1790555976.949609518,102.156967,54670,0,20.393077,4.880791,76.656696,0.065365,0.113429,0.047609
367,1790555977.049810886,103.325605,54683,0,19.755519,4.999058,78.254557,0.072838,0.178795,0.064838
368,1790555977.149967909,104.963775,54676,0,19.993663,8.475942,76.244159,0.076347,0.130380,0.043284
369,1790555977.250171185,100.081199,54699,0,20.102762,4.560878,75.200378,0.066782,0.106031,0.044368
370,1790555977.350372076,108.272442,54658,0,20.557414,5.248515,81.751170,0.096054,0.571423,0.047866
371,1790555977.450608492,104.327878,54700,0,19.988784,8.274827,75.852723,0.066723,0.104237,0.040584
372,1790555977.650974035,102.323297,54675,0,19.670107,7.327166,75.000464,0.118183,0.134941,0.072436
373,1790555977.851317406,95.605893,54678,0,18.437689,5.085160,71.807748,0.082990,0.140910,0.051396
374,1790555977.951569080,93.137392,54672,0,19.587079,4.660467,68.661098,0.068512,0.105048,0.055188
375,1790555978.452497721,92.272135,54708,0,18.292771,3.844587,69.811779,0.107289,0.158025,0.057684
376,1790555978.552694559,104.416068,54706,0,20.004590,4.307713,79.860197,0.080242,0.105696,0.057630
377,1790555978.753156185,93.361549,54660,0,18.962519,4.694797,69.460182,0.072364,0.113314,0.058373
378,1790555978.853302479,103.169651,54674,0,19.691458,4.520105,78.744029,0.067842,0.104787,0.041430
379,1790555978.953500986,102.626637,54616,0,19.279262,8.419581,74.670109,0.082594,0.117321,0.057770
380,1790555979.053698063,100.190026,54641,0,19.871066,7.275842,72.306768,0.068843,0.622694,0.044813
381,1790555979.153893948,99.841540,54668,0,19.867657,4.673000,74.995030,0.100625,0.143414,0.061814
382,1790555979.254092693,100.168478,54656,0,19.787525,4.329666,75.819193,0.067480,0.105561,0.059053
383,1790555979.354297400,105.144297,54686,0,19.697027,7.340015,77.867682,0.070273,0.103086,0.066214
384,1790555979.454511166,95.948205,54672,0,19.337472,4.976985,71.380612,0.070645,0.123777,0.058714
385,1790555979.554705381,100.695850,54695,0,19.514839,4.483285,76.450106,0.065573,0.117836,0.064211
386,1790555979.654914856,105.075089,54687,0,19.256107,8.137474,77.409458,0.068630,0.138213,0.065207
387,1790555979.755078316,100.420635,54652,0,19.871404,7.001489,73.264757,0.085167,0.151183,0.046635
388,1790555979.855317593,96.872697,54687,0,19.706868,4.949659,71.970313,0.069663,0.130957,0.045237
389,1790555979.955471516,96.029683,54648,0,19.270157,4.843728,71.677022,0.066244,0.130676,0.041856
390,1790555980.055700779,102.834491,54640,0,19.967353,4.491626,77.657897,0.067816,0.605185,0.044614
391,1790555980.155924559,106.185154,54651,0,19.398591,8.599320,77.895709,0.080731,0.137603,0.073200
392,1790555980.256113052,94.421907,54651,0,19.037530,4.409542,70.591049,0.078348,0.192701,0.112737
393,1790555980.356255531,95.247330,54700,0,19.690934,4.378518,70.940517,0.066451,0.126322,0.044588
394,1790555980.456473112,95.675327,54696,0,19.980108,4.577367,70.822082,0.095781,0.138604,0.061385
395,1790555980.556658030,103.173584,54705,0,19.983131,4.751409,78.119183,0.101172,0.140734,0.077955
396,1790555980.656846046,105.176628,54703,0,19.487093,8.390306,76.976270,0.104590,0.162308,0.056061
397,1790555980.757050991,95.294309,54749,0,19.927112,4.422954,70.678087,0.071485,0.130717,0.063954
398,1790555980.857392311,95.017383,54695,0,18.970212,4.316903,71.444914,0.068691,0.170443,0.046220
399,1790555981.057689190,101.035321,54669,0,18.472374,4.082652,78.237663,0.082610,0.118564,0.041458
400,1790555981.157848120,104.899049,54683,0,20.235963,8.974783,74.982100,0.068638,0.570789,0.066776
401,1790555981.258061171,95.553004,54678,0,19.438199,4.470626,71.412100,0.070732,0.118282,0.043065
402,1790555981.358223438,97.291328,54633,0,19.633022,4.864868,72.573515,0.069882,0.107488,0.042553
403,1790555981.458452702,104.859346,54669,0,19.746538,4.785655,79.942968,0.111933,0.186408,0.085844
404,1790555981.558608055,101.749835,54640,0,19.700583,7.192842,74.627021,0.069763,0.118661,0.040965
405,1790555981.658847094,100.418818,54700,0,19.463565,4.922780,75.769623,0.104930,0.115215,0.042705
406,1790555981.759055614,106.631760,54649,0,19.709326,4.567209,81.986133,0.132920,0.174927,0.061245
407,1790555981.859238625,100.081058,54689,0,19.337087,7.067514,73.406421,0.076687,0.128567,0.064782
408,1790555981.959426641,95.457223,54688,0,19.339146,4.550770,71.266882,0.070899,0.187053,0.042473
409,1790555982.059642076,101.274409,54672,0,19.795616,5.057694,76.005578,0.067170,0.257657,0.090694
410,1790555982.159798384,106.442045,54717,0,19.198768,8.196552,78.240481,0.083413,0.653889,0.068942
411,1790555982.260028601,97.576766,54657,0,20.143980,5.434745,71.730721,0.081703,0.135961,0.049656
412,1790555982.360219955,97.291460,54666,0,20.173803,5.181306,71.600876,0.133588,0.138496,0.063391
413,1790555982.460372210,100.393160,54660,0,19.980989,4.108683,76.025207,0.119633,0.115364,0.043284
414,1790555982.560614824,105.686463,54678,0,20.137431,4.483270,80.785555,0.108898,0.125362,0.045947
415,1790555982.660807610,99.163007,54636,0,20.115688,6.802685,71.954304,0.075397,0.167269,0.047664
416,1790555982.760997057,97.067869,54634,0,19.265975,4.914504,72.606033,0.067576,0.114091,0.099690
417,1790555982.861164331,95.407701,54676,0,19.612357,4.646405,70.910463,0.067385,0.123888,0.047203
418,1790555982.961391687,95.642678,54710,0,19.687095,4.738370,70.851623,0.105406,0.133523,0.126661
419,1790555983.061560869,100.032542,54694,0,20.070178,3.974110,75.700239,0.081683,0.147217,0.059115
420,1790555983.161799431,106.206441,54694,0,19.812972,4.722631,80.905526,0.066681,0.633546,0.065085
421,1790555983.362174511,92.264138,54698,0,18.041978,4.516758,69.474925,0.065578,0.107269,0.057630
422,1790555983.462345839,105.711218,54718,0,19.917339,7.736876,77.795575,0.069491,0.135321,0.056616
423,1790555983.562556744,99.201099,54705,0,19.762732,6.257306,72.948498,0.070647,0.117747,0.044169
424,1790555983.762925625,100.339970,54722,0,17.931365,4.409887,77.449098,0.257404,0.240920,0.051296
425,1790555983.863133192,104.819658,54740,0,19.055013,8.840516,76.659072,0.086172,0.121711,0.057174
426,1790555984.063529253,97.482622,54783,0,18.364599,4.684232,74.137482,0.081670,0.124787,0.089852
427,1790555984.163736582,104.600917,54786,0,19.981164,8.767275,75.581971,0.075465,0.153266,0.041776
428,1790555984.263925552,96.499440,54701,0,20.064834,5.449503,70.751612,0.073355,0.113868,0.046268
429,1790555984.364094019,99.097378,54725,0,19.835209,4.043841,74.801590,0.172980,0.187920,0.055838
430,1790555984.464318514,105.647871,54718,0,20.341496,8.589223,75.982742,0.067519,0.606053,0.060838
431,1790555984.564483643,99.573555,54764,0,19.705939,7.053616,72.594739,0.067200,0.105683,0.046378
432,1790555984.764892101,94.052762,54825,0,19.831398,4.476234,69.481063,0.099217,0.120435,0.044415
433,1790555984.865112543,102.609162,54788,0,20.259352,4.404610,77.704809,0.068393,0.108274,0.063724
434,1790555984.965296745,106.014156,54855,0,19.749608,8.150367,77.817203,0.084331,0.150482,0.062165
435,1790555985.065502644,95.953073,54858,0,19.900567,4.419742,71.419643,0.068054,0.103149,0.041918
436,1790555985.165712595,96.091624,54908,0,19.484814,4.590564,71.683423,0.072638,0.168378,0.091807
437,1790555985.265879631,97.841969,54875,0,20.168590,4.132191,73.306726,0.069065,0.104915,0.060482
438,1790555985.366109371,104.989309,54856,0,19.966431,4.213198,80.548507,0.066330,0.133582,0.061261
439,1790555985.466253996,101.031620,54863,0,19.347912,7.132220,74.279787,0.075394,0.141161,0.055146
440,1790555985.666684151,99.986066,54952,0,19.744802,6.615052,72.984727,0.078489,0.518477,0.044519
441,1790555985.766860008,96.606596,54900,0,19.387078,4.452730,72.529597,0.067564,0.125586,0.044041
442,1790555985.967296839,101.743936,54883,0,18.302298,8.410148,74.806612,0.070058,0.110905,0.043915
443,1790555986.067460060,94.878452,54956,0,19.909111,4.661795,69.929322,0.125979,0.171781,0.080464
444,1790555986.167653799,100.983705,54940,0,19.575822,4.248073,76.928937,0.068633,0.105355,0.056885
445,1790555986.267900944,101.548212,54912,0,19.321438,7.179573,74.788024,0.108500,0.107596,0.043081
446,1790555986.368042707,95.586488,54884,0,19.291318,4.346554,71.703720,0.088692,0.112513,0.043691
447,1790555986.468266249,101.471725,54917,0,19.580219,4.255741,77.350551,0.085857,0.152966,0.046391
448,1790555986.568439722,102.105261,54971,0,19.566291,7.623157,74.691244,0.064841,0.101674,0.058054
449,1790555986.668680906,98.426323,54976,0,19.497809,6.895919,71.762930,0.089924,0.122167,0.057574
450,1790555986.768826485,99.863724,54924,0,19.899948,4.626296,74.693093,0.065338,0.522350,0.056699
451,1790555986.869055748,105.279132,54895,0,19.013202,8.786234,77.182390,0.067794,0.174413,0.055099
452,1790555986.969247341,95.411795,54958,0,19.415085,4.263021,71.348517,0.111694,0.200950,0.072528
453,1790555987.069422960,96.239141,54959,0,19.816070,4.286040,71.811500,0.123720,0.140615,0.061196
454,1790555987.169654131,95.378596,55016,0,19.106061,4.506465,71.539778,0.069298,0.110552,0.046442
455,1790555987.269835711,101.089337,55047,0,20.004903,7.084895,73.750166,0.066466,0.125543,0.057364
456,1790555987.370029926,105.011215,55017,0,19.605511,8.306571,76.714983,0.155612,0.179225,0.049313
457,1790555987.470223427,98.942763,55011,0,19.742869,6.852418,71.972954,0.095339,0.190243,0.088940
458,1790555987.570424795,95.264879,54965,0,19.465329,5.202244,70.300770,0.129534,0.109991,0.057011
459,1790555987.670641899,98.111980,55012,0,19.426725,5.792975,72.539862,0.088976,0.197991,0.065451
460,1790555987.770819902,97.831474,55004,0,19.148676,4.750983,73.313046,0.082664,0.478701,0.057404
461,1790555987.871043444,100.241243,55052,0,19.284663,4.282027,76.431949,0.066448,0.107801,0.068355
462,1790555987.971216679,105.326545,55050,0,19.564424,8.277593,77.245957,0.071226,0.120104,0.047241
463,1790555988.071416140,97.885709,55053,0,18.821637,5.914764,72.910139,0.075084,0.116212,0.047873
464,1790555988.171646357,96.396545,55086,0,19.170409,5.803881,71.080452,0.074439,0.220683,0.046681
465,1790555988.271755695,95.456477,55054,0,19.095740,4.455542,71.623134,0.092433,0.140129,0.049499
466,1790555988.472176075,92.476453,55078,0,18.250759,4.414899,69.568517,0.071267,0.109807,0.061204
467,1790555988.572342634,100.930933,55053,0,18.780285,3.942492,77.974907,0.066372,0.118430,0.048447
468,1790555988.672577143,100.721043,55013,0,19.895744,7.680542,72.813300,0.086325,0.176859,0.068273
469,1790555988.772760868,95.234124,55015,0,19.317453,4.988019,70.617424,0.096597,0.157083,0.057548
470,1790555988.872929811,96.529822,55048,0,19.852592,4.400554,71.569313,0.070880,0.593065,0.043418
471,1790555988.973122835,93.441823,55021,0,19.579905,4.182132,69.384361,0.068396,0.166155,0.060874
472,1790555989.073323011,100.730626,55046,0,19.715620,4.739158,76.045022,0.073668,0.112992,0.044166
473,1790555989.173575163,103.984948,54994,0,19.464689,9.463305,74.770974,0.100960,0.137744,0.047276
474,1790555989.273785114,95.527012,55002,0,19.391074,4.410252,71.444421,0.078053,0.157036,0.046176
475,1790555989.373968601,94.468773,55040,0,20.311481,4.420712,69.480092,0.079829,0.116569,0.060090
476,1790555989.474164248,98.243069,55027,0,19.989764,4.560192,73.444833,0.075201,0.123233,0.049846
477,1790555989.574359894,105.263139,55030,0,19.122709,7.667010,78.186384,0.075041,0.144159,0.067836
478,1790555989.674558640,99.063521,55048,0,19.838971,6.401431,72.532872,0.075775,0.152180,0.062292
479,1790555989.774720669,96.415810,55024,0,19.747717,4.531246,71.813602,0.076608,0.185892,0.060745
480,1790555989.874955177,96.487869,55055,0,19.779151,4.156201,71.898662,0.079921,0.523955,0.049979
481,1790555989.975147963,103.091889,55089,0,19.372052,4.618991,78.868683,0.074718,0.112380,0.045065
482,1790555990.075330257,103.992382,55047,0,19.474805,7.411503,76.839877,0.079254,0.137191,0.049752
483,1790555990.175504208,108.506905,55064,0,19.637810,9.473057,79.101591,0.116641,0.129725,0.048081
484,1790555990.275736809,101.395952,55021,0,19.517417,7.714523,73.878943,0.069395,0.132328,0.083346
485,1790555990.375939608,99.598932,55033,0,20.054520,7.148996,72.123728,0.070759,0.149225,0.051704
486,1790555990.476100206,96.114090,55074,0,19.703316,4.213582,71.896160,0.094061,0.138833,0.068138
487,1790555990.576337814,96.790787,55038,0,19.953289,4.676893,71.924235,0.067785,0.107367,0.061218
488,1790555990.676634073,96.418312,55021,0,19.440345,5.298810,71.438989,0.069847,0.108972,0.061349
489,1790555990.776725769,102.618627,55017,0,20.313185,4.947672,77.145957,0.065869,0.103841,0.042103
490,1790555990.876946211,101.437968,55051,0,19.889458,4.575375,76.279245,0.066143,0.585766,0.041981
491,1790555990.977126598,106.252166,55036,0,19.907818,7.833386,78.265111,0.072267,0.114564,0.059020
492,1790555991.077275038,101.761965,55051,0,19.899633,7.316612,74.269425,0.089792,0.116438,0.070065
493,1790555991.177512169,97.458494,55061,0,19.510992,4.772918,72.914026,0.110002,0.108019,0.042537
494,1790555991.277679205,96.158427,55042,0,19.916420,4.566466,71.455557,0.068165,0.107596,0.044223
495,1790555991.377891064,96.859444,55087,0,20.165854,4.980254,71.315631,0.093585,0.216889,0.087231
496,1790555991.478123188,101.220627,55006,0,19.741499,4.502257,76.740694,0.088949,0.105258,0.041970
497,1790555991.578300714,104.097839,55029,0,20.078941,4.797377,78.964897,0.077144,0.115579,0.063901
498,1790555991.678490400,106.107652,55050,0,19.719654,8.402793,77.671495,0.112501,0.147380,0.053829
499,1790555991.778682470,100.138034,55035,0,19.829936,4.328644,75.751616,0.072762,0.110998,0.044078
500,1790555991.878878117,103.329468,55023,0,19.794119,4.646106,78.201162,0.064892,0.563379,0.059810
501,1790555991.979067087,103.372914,55077,0,19.465956,4.787286,78.838052,0.066502,0.169340,0.045778
502,1790555992.079254389,105.543813,55071,0,19.483005,4.990165,80.823019,0.097780,0.107782,0.042062
503,1790555992.179473877,107.326086,55011,0,19.328167,4.267172,83.454266,0.100774,0.127372,0.048335
504,1790555992.279676914,106.521659,55024,0,19.473157,6.924171,79.792343,0.110198,0.162000,0.059790
505,1790555992.379848719,101.712672,55098,0,20.149297,7.048425,74.253670,0.082993,0.127841,0.050446
506,1790555992.480062485,93.864213,55027,0,18.661465,5.010579,69.933524,0.068469,0.123079,0.067097
507,1790555992.580253601,101.979045,55076,0,19.302940,4.458023,77.973083,0.086727,0.113786,0.044486
508,1790555992.680400848,106.606250,55045,0,19.756420,4.116285,82.477728,0.066175,0.130846,0.058796
509,1790555992.780639648,107.176827,55043,0,19.723566,5.118935,82.069944,0.090403,0.122299,0.051680
510,1790555992.880822897,106.433440,55011,0,19.724665,4.208608,81.766220,0.079793,0.609138,0.045016
511,1790555992.981048107,108.158009,55010,0,19.102042,8.400591,80.388481,0.083487,0.132618,0.050790
512,1790555993.181438684,99.970288,55091,0,19.898878,6.627310,73.215734,0.072050,0.110494,0.045822
513,1790555993.381818056,93.268112,55033,0,19.397397,4.331262,69.306758,0.069918,0.113692,0.049085
514,1790555993.482049704,101.778684,55028,0,20.097132,4.171781,77.246415,0.072832,0.113664,0.076860
515,1790555993.582217216,101.485526,55007,0,19.617865,6.630692,74.961416,0.068208,0.141324,0.066021
516,1790555993.682380915,96.154314,55048,0,19.047965,5.071102,71.719761,0.107178,0.161994,0.046314
517,1790555993.782620668,96.217820,55050,0,19.191536,4.220749,72.532282,0.087377,0.130525,0.055351
518,1790555993.882790804,104.823522,55073,0,19.371266,6.722872,78.431297,0.078108,0.158888,0.061091
519,1790555993.983010530,97.055903,55117,0,19.187409,6.342220,71.141965,0.065028,0.242213,0.077068
520,1790555994.083176136,99.857351,55020,0,19.788301,6.896496,72.491204,0.074607,0.549970,0.056773
521,1790555994.183374405,99.809089,55054,0,19.209920,4.671720,75.710532,0.066025,0.107638,0.043254
522,1790555994.283577204,104.974868,55043,0,19.436721,4.470322,80.843492,0.066210,0.100196,0.057927
523,1790555994.383768082,100.228359,55055,0,20.033782,7.213311,72.631855,0.105933,0.159527,0.083951
524,1790555994.483971596,95.392953,55072,0,19.479854,4.457855,71.162121,0.101381,0.131359,0.060383
525,1790555994.584160805,96.384071,55017,0,19.576177,5.117636,71.467449,0.065620,0.109731,0.047458
526,1790555994.684321880,98.555886,55030,0,18.974732,4.704960,74.624701,0.066013,0.108128,0.077352
527,1790555994.884749413,103.539590,55059,0,18.425678,5.296731,79.590888,0.070237,0.108773,0.047283
528,1790555994.984954596,99.691932,55014,0,19.650876,7.506374,72.256029,0.089278,0.112154,0.077221
529,1790555995.085156202,100.837990,55020,0,19.636572,7.634457,73.293940,0.068295,0.133497,0.071229
530,1790555995.285503149,104.252913,55060,0,18.286910,6.885702,78.273793,0.069992,0.683225,0.053291
531,1790555995.385768890,97.216991,55100,0,19.367536,5.426117,72.151613,0.083940,0.127045,0.060740
532,1790555995.485943794,96.205739,55076,0,19.335136,5.775722,70.848253,0.083156,0.118182,0.045290
533,1790555995.586217642,96.733596,55085,0,19.314840,5.866372,71.299850,0.075998,0.118542,0.057994
534,1790555995.686351538,96.603262,55084,0,19.291871,5.273773,71.707989,0.121033,0.156409,0.052187
535,1790555995.786554813,93.068373,55041,0,19.484918,4.438601,68.883316,0.081104,0.125013,0.055421
536,1790555995.886707306,105.773068,55021,0,20.076690,4.697626,80.724782,0.069161,0.145369,0.059440
537,1790555996.087246180,96.662577,55003,0,19.239204,6.103205,71.007636,0.085159,0.164306,0.063067
538,1790555996.187302828,93.974267,55025,0,19.588110,4.779886,69.280265,0.096018,0.181159,0.048829
539,1790555996.287495375,99.807183,55059,0,20.090727,5.278755,74.117803,0.144165,0.122733,0.053000
540,1790555996.387712717,103.213682,55030,0,20.385817,4.484780,77.696526,0.066847,0.528981,0.050731
541,1790555996.487888098,105.948291,55027,0,20.345014,8.263290,76.998342,0.091577,0.193284,0.056784
542,1790555996.588088751,98.755309,55072,0,19.560978,6.675822,72.215666,0.078113,0.155415,0.069315
543,1790555996.688282251,99.503393,55082,0,19.992640,6.711323,72.540807,0.078198,0.133142,0.047283
544,1790555996.788513422,96.993666,55044,0,20.226866,4.630142,71.858714,0.073840,0.141304,0.062800
545,1790555996.888703585,100.034336,55026,0,20.174220,4.309871,75.193169,0.142724,0.169511,0.044841
546,1790555996.988875866,106.324654,55010,0,20.294190,5.866603,79.890082,0.089219,0.139862,0.044698
547,1790555997.089070559,101.213194,55062,0,20.483072,6.986926,73.339534,0.168507,0.188373,0.046782
548,1790555997.189300299,97.386888,55098,0,19.743463,5.280720,72.138308,0.068390,0.112002,0.044005
549,1790555997.289515734,97.046285,55037,0,19.823869,5.063317,71.909282,0.077843,0.110693,0.061281
550,1790555997.389706612,97.739156,55051,0,19.899474,5.534973,71.561832,0.088569,0.611302,0.043006
551,1790555997.489891291,103.805089,55062,0,20.037856,6.076209,77.446364,0.074317,0.117058,0.053285
552,1790555997.590090752,106.419280,54977,0,19.905709,4.265903,81.986829,0.100742,0.114268,0.045829
553,1790555997.690253019,101.209062,54996,0,20.398725,7.225721,73.362057,0.077171,0.103988,0.041400
554,1790555997.790511608,97.363414,55018,0,20.278711,4.845480,71.988076,0.067865,0.138750,0.044532
555,1790555997.890642405,97.809328,55032,0,20.571123,5.154120,71.791116,0.088705,0.144398,0.059866
556,1790555997.990841627,99.978343,55000,0,20.350801,4.566783,74.825683,0.076087,0.115015,0.043974
557,1790555998.091066360,104.464341,54961,0,20.533038,5.100999,78.593818,0.074014,0.104917,0.057555
558,1790555998.191249609,106.196201,54996,0,20.454897,4.950928,80.411599,0.132453,0.195952,0.050372
559,1790555998.291423798,104.153376,54937,0,20.229531,3.984345,79.722256,0.067923,0.106978,0.042343
560,1790555998.391651392,105.166242,54990,0,20.271736,4.260426,79.960444,0.072130,0.552252,0.049254
561,1790555998.491921425,107.288314,55003,0,19.815525,4.421206,82.801046,0.076406,0.123261,0.050870
562,1790555998.592034101,105.807778,55030,0,19.828340,4.449102,81.284580,0.068593,0.124713,0.052450
563,1790555998.692237854,107.212963,54975,0,20.670544,9.249535,77.052312,0.069534,0.127470,0.043568
564,1790555998.792414904,97.853982,54985,0,20.464090,6.571289,70.487962,0.119595,0.139518,0.071528
565,1790555998.992834330,97.993637,54909,0,19.099858,4.654323,73.985990,0.081257,0.122119,0.050090
566,1790555999.193226814,98.779933,54939,0,19.410586,7.810525,71.287815,0.095272,0.123750,0.051985
567,1790555999.393610239,97.033067,54881,0,17.957782,6.705369,72.123194,0.068469,0.132494,0.045759
568,1790555999.493818283,92.936653,54843,0,19.199271,4.639016,68.848344,0.065296,0.126913,0.057813
569,1790555999.694206476,103.130939,54871,0,18.591341,9.072264,75.236607,0.073933,0.109296,0.047498
570,1790555999.794399023,100.121363,54874,0,19.068237,4.395774,75.968834,0.071487,0.572371,0.044660
571,1790555999.894594193,106.972307,54849,0,19.981215,5.903118,80.830832,0.067972,0.147666,0.041504
572,1790555999.994799614,97.544638,54888,0,19.457993,6.285849,71.582589,0.067649,0.108035,0.042523
573,1790556000.095002174,95.773008,54832,0,19.277660,4.494075,71.772939,0.074816,0.109219,0.044299
574,1790556000.195188522,97.652508,54802,0,19.489713,4.219385,73.698532,0.070143,0.131868,0.042867
575,1790556000.295360088,105.142856,54730,0,19.904509,4.230891,80.800040,0.065942,0.100748,0.040726
576,1790556000.395592213,102.894704,54720,0,19.735150,8.190592,74.625529,0.096722,0.182092,0.064619
577,1790556000.595951557,100.739208,54676,0,18.299761,7.349139,74.854024,0.074486,0.113488,0.048310
578,1790556000.696162224,98.670334,54641,0,19.559844,4.865747,73.994189,0.083657,0.116110,0.050787
579,1790556000.796403170,103.862174,54667,0,20.064520,4.338781,79.209333,0.085020,0.111617,0.052903
580,1790556000.896541119,100.629955,54644,0,19.587481,7.515671,72.869803,0.075879,0.522303,0.058818
581,1790556000.996842146,95.502987,54619,0,18.757933,4.184337,72.258438,0.094784,0.146057,0.061438
582,1790556001.096931219,98.194737,54572,0,18.173293,4.339306,75.423660,0.071473,0.112154,0.074851
583,1790556001.197129488,105.343789,54642,0,19.019313,4.379610,81.703887,0.068197,0.127359,0.045423
584,1790556001.297349215,97.116105,54644,0,19.237419,5.885570,71.719899,0.070950,0.151052,0.051215
585,1790556001.397518635,96.514033,54597,0,19.796038,5.159564,71.314234,0.091165,0.108149,0.044883
586,1790556001.497717619,98.172386,54604,0,19.716691,4.650499,73.545843,0.102438,0.113684,0.043231
587,1790556001.597938776,103.453767,54642,0,20.009330,4.175161,79.017097,0.066609,0.099902,0.085668
588,1790556001.698104143,102.652720,54649,0,19.769987,8.567167,74.039336,0.086783,0.136980,0.052467
589,1790556001.798305750,94.676486,54720,0,19.078706,4.435846,70.917299,0.069654,0.105550,0.069431
590,1790556001.998725414,96.115825,54777,0,18.857242,6.137418,70.476072,0.094475,0.485856,0.064762
591,1790556002.098937511,100.630591,54833,0,19.045924,4.026857,77.336161,0.073990,0.105111,0.042548
592,1790556002.199120045,105.238233,54817,0,19.471858,8.138166,77.367027,0.083969,0.127678,0.049535
593,1790556002.299283504,96.084457,54773,0,19.466166,5.317101,71.083758,0.068686,0.104800,0.043946
594,1790556002.399479389,93.824317,54808,0,19.719918,4.421944,69.388305,0.077385,0.148091,0.068674
595,1790556002.499709845,98.531068,54759,0,19.726251,4.355703,74.140160,0.089796,0.170175,0.048983
596,1790556002.599915981,103.306981,54673,0,19.512748,7.911581,75.539217,0.140334,0.160711,0.042390
597,1790556002.700072765,95.708097,54723,0,19.390491,5.359252,70.715452,0.076241,0.117735,0.048926
598,1790556002.800293207,98.450383,54668,0,19.756042,4.302825,73.886113,0.259213,0.197027,0.049163
599,1790556002.900484800,106.901481,54715,0,19.950615,3.942718,82.713592,0.076208,0.172118,0.046230
600,1790556003.000712872,97.298554,54694,0,19.327362,5.971433,71.387023,0.068048,0.486520,0.058168
601,1790556003.201060295,93.474920,54697,0,19.026679,4.693456,69.547763,0.066071,0.100048,0.040903
602,1790556003.301249266,100.689398,54725,0,19.399450,4.162250,76.693652,0.223370,0.150396,0.060280
603,1790556003.401444674,103.076837,54771,0,19.972161,6.951926,75.864517,0.068900,0.158938,0.060395
604,1790556003.501630068,93.971243,54762,0,19.064651,5.206914,69.340765,0.126789,0.165009,0.067115
605,1790556003.601848841,99.563963,54716,0,19.295720,4.312352,75.453715,0.289156,0.158310,0.054710
606,1790556003.702037811,104.816501,54776,0,19.294620,4.157762,81.155747,0.065696,0.100088,0.042588
607,1790556003.802255630,98.110667,54694,0,19.529414,6.251374,72.093773,0.082106,0.113031,0.040969
608,1790556003.902441263,95.486750,54686,0,18.986934,5.279610,70.901980,0.105319,0.153243,0.059664
609,1790556004.002626896,96.455989,54733,0,19.745087,4.381854,72.032339,0.103794,0.128098,0.064817
610,1790556004.102814198,104.083024,54754,0,19.474799,4.263635,79.709595,0.069956,0.521988,0.043051
611,1790556004.203052521,100.452598,54692,0,19.430195,8.484817,72.298488,0.072673,0.109195,0.057230
612,1790556004.303237915,97.215702,54730,0,19.318045,4.395515,73.208481,0.067845,0.141377,0.084439
613,1790556004.403451204,103.194689,54757,0,20.006205,4.726018,78.202801,0.097170,0.105950,0.056545
614,1790556004.503663540,105.448564,54722,0,19.562946,7.392249,78.265713,0.065731,0.112216,0.049709
615,1790556004.603858232,96.584540,54668,0,19.372206,5.664712,71.200665,0.096150,0.187210,0.063597
616,1790556004.704017162,96.108920,54686,0,19.406404,5.366573,71.105458,0.065656,0.107111,0.057718
617,1790556004.804201365,99.147402,54644,0,19.605589,3.979290,75.286628,0.082671,0.112065,0.081159
618,1790556004.904400826,100.980881,54654,0,19.291926,4.060171,77.348700,0.099683,0.123173,0.057228
619,1790556005.004581928,105.034887,54641,0,19.461970,8.766625,76.558090,0.067357,0.139325,0.041520
620,1790556005.104808807,96.777628,54757,0,19.559479,4.913448,71.619070,0.065867,0.571999,0.047765
621,1790556005.204990387,100.654299,54772,0,19.736972,4.581374,76.103968,0.066815,0.107515,0.057655
622,1790556005.305157900,105.744698,54784,0,19.656959,4.330436,81.511228,0.067589,0.111537,0.066949
623,1790556005.405388832,101.846719,54813,0,20.435051,7.518848,73.669758,0.069876,0.109207,0.043979
624,1790556005.505567074,95.600877,54821,0,19.430105,4.444726,71.438121,0.089060,0.144451,0.054414
625,1790556005.605768442,100.696434,54748,0,19.400501,4.953049,76.122295,0.071917,0.105348,0.043324
626,1790556005.705965757,103.442315,54730,0,19.415889,4.296604,79.468039,0.091045,0.106232,0.064506
627,1790556005.806196451,101.904193,54739,0,19.183638,7.303848,75.186695,0.069638,0.117136,0.043238
628,1790556005.906367779,95.216304,54648,0,18.637448,4.568125,71.775171,0.070247,0.121285,0.044028
629,1790556006.006594658,97.828411,54641,0,19.355066,5.927437,72.309212,0.071475,0.109913,0.055308
630,1790556006.106757402,95.814645,54613,0,19.123401,4.276713,71.750037,0.083749,0.537097,0.043648
631,1790556006.206954956,100.554154,54609,0,19.267710,4.497976,76.533482,0.069766,0.141192,0.044028
632,1790556006.307144880,100.721727,54630,0,19.134024,4.676149,76.603815,0.080904,0.125880,0.100955
633,1790556006.407380581,105.807390,54654,0,19.608717,4.797560,81.092418,0.105096,0.152051,0.051548
634,1790556006.507564545,99.080156,54608,0,19.295723,7.317518,72.217578,0.070921,0.135954,0.042462
635,1790556006.607770920,96.299050,54611,0,19.564991,4.586284,71.856671,0.113980,0.133321,0.043803
636,1790556006.707956314,100.327194,54647,0,19.328908,4.917494,75.847879,0.070271,0.103607,0.059035
637,1790556006.808135271,106.271470,54663,0,19.087722,5.181058,81.724626,0.079007,0.128752,0.070305
638,1790556006.908325434,105.677399,54686,0,19.107698,9.279315,76.966419,0.118330,0.144203,0.061434
639,1790556007.108713627,105.104884,54623,0,19.783528,4.858051,80.206600,0.072473,0.118740,0.065492
640,1790556007.208916664,103.553999,54684,0,19.622655,8.204823,74.975497,0.096741,0.610772,0.043511
641,1790556007.309110641,96.524623,54694,0,19.167593,5.842798,71.281778,0.067998,0.105736,0.058720
642,1790556007.509479284,98.883779,54733,0,20.115211,4.321551,74.074043,0.094561,0.207576,0.070837
643,1790556007.609737158,105.256980,54752,0,19.153051,4.197105,81.554524,0.090165,0.206323,0.055812
644,1790556007.709893942,102.557568,54729,0,19.528228,7.910415,74.836348,0.064991,0.173579,0.044007
645,1790556007.810138464,96.090479,54740,0,19.313226,4.917219,71.612199,0.074106,0.126910,0.046819
646,1790556008.010486603,91.743179,54741,0,17.789236,4.341506,69.385523,0.065067,0.102741,0.059106
647,1790556008.110708475,102.753046,54732,0,19.772182,4.279934,78.423329,0.070428,0.119667,0.087506
648,1790556008.311101198,95.478355,54806,0,19.559266,4.906088,70.765768,0.068101,0.109944,0.069188
649,1790556008.411309481,97.889071,54770,0,19.896668,4.179728,73.588091,0.070133,0.110068,0.044383
650,1790556008.711882353,99.006597,54728,0,18.637206,3.983392,75.647485,0.079687,0.593633,0.065194
651,1790556008.912286520,100.205308,54748,0,17.987446,7.067618,74.757647,0.112536,0.201806,0.078255
652,1790556009.012452602,100.388042,54835,0,19.429907,4.484498,76.254523,0.071148,0.104535,0.043431
653,1790556009.212843895,101.962766,54798,0,19.700989,6.998476,74.927107,0.114794,0.156359,0.065041
654,1790556009.313066244,99.256256,54895,0,19.427438,4.325635,75.240788,0.082863,0.129287,0.050245
655,1790556009.413264990,105.081805,54913,0,20.069357,4.378404,80.425564,0.065350,0.101507,0.041623
656,1790556009.513425827,99.723149,54887,0,19.913063,6.942488,72.586889,0.066711,0.131065,0.082933
657,1790556009.613635063,96.875889,54908,0,19.257202,5.449378,71.955010,0.065774,0.104786,0.043739
658,1790556009.713853836,95.552205,54846,0,19.066797,5.089053,71.167721,0.065739,0.101372,0.061523
659,1790556009.813996553,99.023800,54809,0,18.971025,4.334117,75.475698,0.069292,0.128074,0.045594
660,1790556009.914252281,105.851855,54874,0,19.239478,4.320968,81.510377,0.067600,0.658673,0.054759
661,1790556010.014430285,101.051658,54842,0,19.096556,8.413822,73.284848,0.075443,0.120627,0.060362
662,1790556010.114653111,95.513233,54912,0,19.168748,4.839950,71.281088,0.070516,0.108157,0.044774
663,1790556010.315010548,97.546546,54987,0,18.790268,6.480244,72.051544,0.070084,0.111237,0.043169
664,1790556010.415209293,95.431781,54989,0,18.998297,4.233614,71.906486,0.098807,0.147881,0.046696
665,1790556010.515366554,104.508122,54969,0,18.934072,6.802883,78.492557,0.080475,0.151931,0.046204
666,1790556010.615624666,96.474047,55043,0,19.748448,5.208882,71.254293,0.082413,0.108052,0.071959
667,1790556010.816011429,99.752643,55035,0,17.878337,3.968691,77.685187,0.072258,0.106225,0.041945
668,1790556010.916210175,105.256204,54927,0,19.331164,8.041332,77.651216,0.069641,0.115951,0.046900
669,1790556011.016391993,99.057765,54837,0,18.953515,6.226487,73.568921,0.111434,0.147688,0.049720
670,1790556011.116601944,96.368320,54755,0,18.869809,4.777816,72.072610,0.096559,0.496741,0.054785
671,1790556011.216778278,102.103571,54768,0,19.548184,4.621410,77.727363,0.065479,0.099910,0.041225
672,1790556011.316979647,102.885767,54778,0,19.383992,5.176831,77.897864,0.159284,0.223372,0.044424
673,1790556011.417163372,103.133471,54841,0,19.094874,8.480235,75.303879,0.076820,0.131443,0.046220
674,1790556011.517378330,99.086434,54884,0,19.484949,6.473652,72.907576,0.067805,0.110390,0.042062
675,1790556011.617560387,96.949587,54902,0,19.527379,5.459199,71.701726,0.079337,0.134519,0.047427
676,1790556011.717751503,95.916643,54892,0,19.538610,4.294880,71.815733,0.066887,0.110904,0.089629
677,1790556011.817965746,101.137170,54910,0,19.667383,5.242740,75.947046,0.075140,0.142090,0.062771
678,1790556011.918119192,103.156362,54905,0,19.078276,4.333742,79.527159,0.067329,0.104910,0.044946
679,1790556012.018340826,102.718515,54900,0,19.855195,7.194495,75.436772,0.070067,0.118308,0.043678
680,1790556012.118522406,96.033362,54855,0,19.205008,4.412499,71.698460,0.069181,0.579899,0.068315
681,1790556012.218715668,99.785397,54832,0,19.366823,3.971416,76.215252,0.065202,0.123213,0.043491
682,1790556012.318923473,99.406344,54905,0,18.871630,4.161365,76.163114,0.064384,0.104000,0.041851
683,1790556012.419149399,104.319277,54864,0,19.425699,4.406870,80.268936,0.068959,0.105663,0.043150
684,1790556012.519313335,103.148729,54936,0,19.315293,8.015734,75.522756,0.085590,0.142760,0.066596
685,1790556012.619529486,99.113993,54898,0,19.520520,6.938953,72.359163,0.073677,0.156837,0.064843
686,1790556012.719752073,138.322704,54896,1,19.255690,4.514589,113.839747,0.116390,0.174542,0.421746
687,1790556012.819887877,100.962062,54890,0,18.172519,4.219766,78.322845,0.084617,0.118227,0.044088
688,1790556012.920115232,105.694418,54808,0,19.585697,9.583412,76.274841,0.087647,0.120412,0.042409
689,1790556013.020344734,93.788716,54931,0,18.967401,5.471296,69.099005,0.069854,0.133916,0.047244
690,1790556013.220729351,94.572333,54827,0,18.847192,4.931645,70.059704,0.072806,0.614283,0.046703
691,1790556013.320872545,99.959857,54832,0,19.438323,4.891757,75.400986,0.075303,0.111081,0.042407
692,1790556013.421124458,105.071842,54897,0,19.777552,8.710891,76.334146,0.066784,0.113328,0.069141
693,1790556013.521296978,97.372325,54825,0,18.945238,5.926128,72.075532,0.102347,0.264607,0.058473
694,1790556013.621488333,96.170440,54892,0,19.235945,5.752174,70.941188,0.068081,0.111893,0.061159
695,1790556013.821918488,94.094574,54879,0,19.178678,4.779103,69.833768,0.073631,0.170798,0.058596
696,1790556013.922119379,99.869309,54905,0,18.737952,4.241035,76.643659,0.084906,0.115948,0.045809
697,1790556014.022249222,105.253148,54906,0,19.118895,7.390550,78.488864,0.071678,0.122969,0.060192
698,1790556014.122510433,99.798279,54813,0,19.312341,7.396029,72.845303,0.079515,0.118669,0.046422
699,1790556014.222684860,96.211259,54901,0,19.386059,4.353664,72.195856,0.098863,0.111774,0.065043
700,1790556014.322886229,100.334968,54830,0,18.794908,4.890765,75.919183,0.102175,0.576536,0.051401
701,1790556014.423044443,106.436537,54841,0,18.829240,4.764891,82.630614,0.065133,0.106101,0.040558
702,1790556014.523312807,104.013141,54887,0,19.380279,4.323013,80.089274,0.069311,0.108442,0.042822
703,1790556014.623457193,102.100324,54844,0,19.007786,8.821441,74.032082,0.068223,0.121006,0.049786
704,1790556014.723676443,96.142967,54864,0,19.680775,4.286561,71.941114,0.073826,0.112518,0.048173
705,1790556014.823903561,95.815357,54884,0,18.788398,4.497459,72.231661,0.084274,0.157351,0.056214
706,1790556014.924068451,98.972475,54865,0,19.075899,6.377273,73.282866,0.070012,0.122374,0.044051
707,1790556015.024267197,95.643390,54880,0,19.080786,4.940873,71.347949,0.072953,0.155150,0.045679
708,1790556015.124468327,95.545026,54886,0,19.384758,4.850785,71.063135,0.072391,0.129348,0.044609
709,1790556015.324823856,100.167815,54829,0,18.707986,4.898747,76.325735,0.073666,0.117251,0.044430
710,1790556015.425060034,107.709980,54801,0,20.417476,8.457533,77.944056,0.083122,0.744235,0.063558
711,1790556015.525249004,96.823432,54895,0,20.230229,5.170140,71.140270,0.076025,0.135641,0.071127
712,1790556015.625453472,96.429474,54821,0,19.758819,5.072088,71.166737,0.125419,0.226814,0.079597
713,1790556015.725652456,96.867150,54832,0,20.129179,5.174459,71.108438,0.073923,0.316338,0.064813
714,1790556015.825837374,93.750809,54888,0,20.472366,4.318744,68.659792,0.098765,0.131489,0.069653
715,1790556016.026204824,105.742266,54905,0,18.242905,7.830439,79.436592,0.075685,0.112380,0.044265
716,1790556016.126396656,105.128874,54816,0,19.609667,7.471696,77.797556,0.072043,0.135882,0.042030
717,1790556016.226623058,103.272395,54878,0,19.398861,7.275608,76.336934,0.072913,0.129934,0.058145
718,1790556016.326826334,97.984081,54864,0,19.095340,6.722186,71.939268,0.068326,0.115186,0.043775
719,1790556016.427022219,98.706519,54878,0,18.935584,6.216270,73.309115,0.085464,0.112260,0.047826
720,1790556016.627400398,104.722409,54850,0,18.257309,9.345929,76.467529,0.091700,0.515907,0.044035
721,1790556016.827776432,95.484866,54854,0,19.283849,4.854299,71.092581,0.082934,0.110657,0.060546
722,1790556017.028210640,98.374625,54900,0,18.258323,4.984440,74.846748,0.065241,0.164728,0.055145
723,1790556017.128375769,105.460381,54816,0,19.198910,5.062943,80.898207,0.106234,0.133082,0.061005
724,1790556017.228583336,97.005884,54863,0,19.725474,4.089296,72.904748,0.099222,0.127586,0.059558
725,1790556017.328763247,100.577229,54881,0,19.337402,4.285802,76.696914,0.074341,0.141485,0.041285
726,1790556017.428955317,105.033771,54903,0,19.521967,7.482894,77.713640,0.083138,0.187152,0.044980
727,1790556017.529195786,100.605207,54832,0,19.921457,6.942369,73.506901,0.073348,0.105497,0.055635
728,1790556017.629340410,98.441023,54885,0,19.331396,6.575275,72.242975,0.109448,0.136367,0.045562
729,1790556017.729560614,95.124098,54831,0,19.214794,4.822742,70.857749,0.068361,0.111098,0.049354
730,1790556017.929973364,96.654283,54888,0,17.980654,4.918441,73.077875,0.069182,0.563513,0.044618
731,1790556018.130360842,96.808296,54848,0,19.145432,6.411470,71.017409,0.069461,0.118166,0.046358
732,1790556018.230497122,99.163479,54871,0,19.460488,4.340151,75.038555,0.103763,0.162131,0.058391
733,1790556018.430939198,95.409307,54843,0,19.666090,4.555479,70.919747,0.073956,0.132040,0.061995
734,1790556018.531111956,100.755912,54869,0,19.566751,4.130711,76.621353,0.167576,0.205927,0.063594
735,1790556018.631316662,105.223750,54848,0,19.532275,4.506775,80.951111,0.068405,0.119771,0.045413
736,1790556018.731510878,99.499294,54879,0,19.652723,7.560673,72.054278,0.069935,0.117703,0.043982
737,1790556018.831709385,96.052846,54858,0,19.632962,4.810880,71.379562,0.070049,0.112516,0.046877
738,1790556018.931897640,100.748310,54880,0,20.056306,4.143506,76.338092,0.064757,0.101829,0.043820
739,1790556019.032100439,105.463354,54891,0,19.390702,7.361606,78.450824,0.080312,0.122916,0.056994
740,1790556019.232465744,105.643354,54848,0,19.621174,7.916046,77.280990,0.068420,0.678451,0.078273
741,1790556019.332701206,99.646714,54823,0,19.210973,6.390636,73.698949,0.097124,0.194320,0.054712
742,1790556019.432898521,96.624445,54902,0,19.263502,4.443139,72.664107,0.067547,0.106018,0.080132
743,1790556019.633306265,103.331321,54870,0,18.739949,3.792366,80.550961,0.102808,0.101830,0.043407
744,1790556019.733494759,101.691360,54805,0,19.557978,7.364867,74.505428,0.106909,0.114563,0.041615
745,1790556019.833666801,95.712605,54831,0,19.186903,5.082870,71.162723,0.108885,0.109477,0.061747
746,1790556019.933905363,98.485983,54879,0,19.582630,4.490321,74.176309,0.070127,0.106589,0.060007
747,1790556020.134287834,98.742082,54873,0,18.758029,4.150496,75.514101,0.082577,0.168328,0.068551
748,1790556020.234484911,105.356566,54821,0,19.970684,7.801936,77.310800,0.066869,0.118394,0.087883
749,1790556020.334683418,98.523690,54883,0,19.341499,6.859655,71.930808,0.085710,0.218448,0.087570
750,1790556020.434846401,95.822507,54889,0,18.812905,5.434808,70.870091,0.078279,0.580398,0.046026
751,1790556020.535092115,93.845109,54802,0,19.286845,4.326679,69.961593,0.086722,0.126004,0.057266
752,1790556020.635255337,101.277254,54868,0,19.123561,4.431147,77.517245,0.066766,0.098578,0.039957
753,1790556020.735469341,104.540040,54891,0,19.294136,8.463159,76.515098,0.075968,0.128654,0.063025
754,1790556020.835632563,95.468733,54848,0,19.424658,4.290742,71.464557,0.072085,0.139556,0.077135
755,1790556021.036035061,102.730264,54869,0,20.255370,4.182315,78.033382,0.097750,0.117594,0.043853
756,1790556021.136265993,105.034639,54853,0,19.244827,7.686394,77.822756,0.075620,0.134048,0.070994
757,1790556021.236439228,98.665299,54872,0,19.373184,6.002334,72.973371,0.071588,0.184786,0.060036
758,1790556021.336659193,95.011507,54814,0,19.769249,4.175776,70.754569,0.107499,0.139805,0.064609
759,1790556021.436803579,97.620469,54842,0,19.358930,4.450275,73.533608,0.099477,0.122873,0.055306
760,1790556021.537044287,102.078114,54843,0,19.465871,4.820293,77.156540,0.070648,0.513893,0.050869
761,1790556021.637220144,105.485082,54827,0,19.012475,8.513921,77.674217,0.072724,0.131439,0.080306
762,1790556021.737432718,96.311498,54854,0,19.105753,5.110641,71.808212,0.080778,0.143096,0.063018
763,1790556021.837630272,94.686522,54785,0,19.302747,4.387320,70.741558,0.097660,0.110581,0.046656
764,1790556021.937799692,98.134167,54854,0,19.677785,4.492624,73.729684,0.068132,0.119519,0.046423
765,1790556022.038030863,105.061119,54849,0,19.247530,4.375311,81.190591,0.066291,0.124602,0.056794
766,1790556022.138218164,102.320374,54860,0,19.831182,6.814307,75.386714,0.112435,0.118009,0.057727
767,1790556022.238395214,96.504928,54826,0,19.484428,5.178290,71.559157,0.071274,0.140178,0.071601
768,1790556022.338579416,99.468349,54863,0,19.227108,7.176808,72.733668,0.083439,0.193550,0.053776
769,1790556022.438757896,94.848003,54888,0,19.081956,4.639182,70.846991,0.066397,0.167242,0.046235
770,1790556022.538969517,99.527709,54883,0,19.628823,3.949378,75.268762,0.073753,0.564811,0.042182
771,1790556022.639158487,106.710010,54855,0,19.181303,4.292101,83.008075,0.067485,0.108267,0.052779
772,1790556022.739364386,99.289339,54852,0,19.314053,7.731123,71.976667,0.067068,0.105271,0.095157
773,1790556022.839587212,95.873462,54876,0,19.331384,4.790094,71.529934,0.070400,0.109201,0.042449
774,1790556022.939795971,100.671284,54831,0,19.659026,4.608225,76.193730,0.065200,0.103089,0.042014
775,1790556023.039959192,106.228525,54837,0,19.339930,4.544510,82.040113,0.066083,0.169944,0.067945
776,1790556023.140159607,100.844517,54836,0,20.035284,7.010254,73.554687,0.067979,0.109586,0.066727
777,1790556023.240343094,95.635609,54814,0,19.470769,4.316250,71.633564,0.065518,0.108296,0.041212
778,1790556023.340576172,100.849903,54791,0,19.622182,5.342739,75.626806,0.070440,0.127595,0.060141
779,1790556023.440768957,104.867450,54851,0,19.536447,4.957976,80.157807,0.066594,0.106957,0.041669
780,1790556023.641162157,92.497906,54875,0,18.238386,4.219483,69.357160,0.072011,0.567514,0.043352
781,1790556023.741373539,101.319094,54843,0,19.177323,4.331481,77.575693,0.082178,0.108011,0.044408
782,1790556023.841597795,105.169922,54760,0,18.950708,7.723402,78.182903,0.105826,0.146316,0.060767
783,1790556024.041970491,99.629154,54867,0,18.880479,4.442338,75.985690,0.117076,0.146926,0.056645
784,1790556024.142118931,104.578543,54885,0,18.934662,8.127260,77.195450,0.069125,0.205625,0.046421
785,1790556024.342512846,103.593673,54846,0,18.294073,8.353012,76.681247,0.077471,0.130994,0.056876
786,1790556024.442706108,97.142239,54829,0,18.897648,6.412851,71.610224,0.073191,0.104454,0.043871
787,1790556024.542875767,97.799340,54854,0,19.404912,4.702545,73.184372,0.222976,0.229239,0.055296
788,1790556024.643135071,98.463230,54817,0,19.937260,4.550633,73.702160,0.079387,0.134021,0.059769
789,1790556024.843491554,104.218146,54854,0,18.100828,8.170030,77.700402,0.068320,0.134269,0.044297
790,1790556024.943727255,96.304422,54829,0,19.383128,5.017384,71.219670,0.076092,0.558254,0.049894
791,1790556025.144088984,98.901468,54839,0,18.095430,4.373605,76.153342,0.084391,0.138207,0.056493
792,1790556025.244280338,104.007072,54840,0,18.755915,7.379386,77.549840,0.088752,0.172363,0.060816
793,1790556025.444686413,100.064045,54845,0,18.113874,7.846713,73.879285,0.072982,0.105384,0.045807
794,1790556025.645100355,102.260146,54791,0,18.510982,4.260631,79.202951,0.080906,0.128319,0.076357
795,1790556025.745262861,105.014270,54808,0,19.171275,8.924866,76.708874,0.065260,0.103383,0.040612
796,1790556025.945661545,97.910633,54860,0,18.015640,6.706290,72.945367,0.077634,0.113471,0.052231
797,1790556026.045886993,100.951619,54856,0,20.413041,4.497015,75.768789,0.106597,0.120678,0.045499
798,1790556026.146080732,106.599040,54833,0,20.263819,4.453290,81.585147,0.093333,0.143001,0.060450
799,1790556026.246286392,100.573151,54812,0,20.780191,6.941394,72.550918,0.069099,0.168925,0.062624
800,1790556026.346435785,96.872363,54828,0,20.149713,4.785754,71.238321,0.069262,0.566695,0.062618
801,1790556026.446655512,96.716573,54829,0,19.775921,5.314712,71.357133,0.071405,0.152338,0.045064
802,1790556026.546874285,96.927392,54843,0,20.093290,5.388476,71.143288,0.086669,0.167611,0.048058
803,1790556026.747249603,94.809878,54845,0,18.464790,4.337932,71.735938,0.085528,0.129622,0.056068
804,1790556026.847418070,99.536267,54839,0,20.133672,5.264584,73.864516,0.087287,0.132207,0.054001
805,1790556027.047820091,96.594765,54840,0,18.221951,6.396076,71.761253,0.068931,0.103496,0.043058
806,1790556027.148007393,93.277150,54867,0,19.185201,4.365077,69.395160,0.094910,0.178367,0.058435
807,1790556027.248207331,94.428643,54856,0,19.409081,4.285654,70.522809,0.066954,0.102144,0.042001
808,1790556027.348403931,99.857774,54867,0,19.492777,4.442625,75.466256,0.158782,0.215224,0.082110
809,1790556027.448625803,101.868935,54822,0,19.120328,4.423858,78.090076,0.067065,0.125486,0.042122
810,1790556027.548846960,104.176105,54836,0,19.548078,8.242263,75.718574,0.067222,0.533778,0.066190
811,1790556027.649020910,96.865137,54829,0,19.444236,4.719790,72.487301,0.064998,0.106518,0.042294
812,1790556027.749186754,101.636336,54881,0,20.127700,4.545663,76.710314,0.066023,0.143820,0.042816
813,1790556027.849408150,106.977660,54867,0,19.754592,9.595486,77.374016,0.081706,0.114002,0.057858
814,1790556027.949600935,95.075314,55014,0,19.157496,4.738005,70.947320,0.068573,0.106008,0.057912
815,1790556028.049796343,98.191480,54914,0,19.571969,4.317332,74.006187,0.066206,0.170468,0.059318
816,1790556028.150013685,106.149839,54927,0,20.084533,4.387214,81.398979,0.065592,0.165413,0.048108
817,1790556028.250215769,101.456381,54852,0,18.956070,8.072312,74.216437,0.066776,0.102002,0.042784
818,1790556028.350343704,96.269364,54883,0,20.053861,4.853680,71.067333,0.081499,0.152682,0.060309
819,1790556028.450574398,95.143078,54888,0,19.372843,4.739416,70.738566,0.067362,0.152277,0.072614
820,1790556028.550768137,99.495656,54807,0,19.967818,4.421315,74.311436,0.086445,0.656582,0.052060
821,1790556028.650981188,107.468362,54871,0,19.836784,7.751536,79.600701,0.071547,0.159432,0.048362
822,1790556028.751177549,98.037483,54944,0,19.118385,6.984972,71.650449,0.067894,0.147953,0.067830
823,1790556028.851342440,99.932354,55041,0,19.704705,4.393683,75.568532,0.065302,0.156213,0.043919
824,1790556028.951613426,102.001765,55029,0,19.700309,4.896780,77.153965,0.080481,0.106543,0.063687
825,1790556029.051785469,101.090011,55008,0,19.702589,7.090079,74.020796,0.096509,0.121170,0.058868
826,1790556029.151947975,95.266272,54972,0,19.067139,4.563104,71.378490,0.069645,0.135405,0.052489
827,1790556029.252136469,96.193828,54975,0,20.013517,4.136280,71.670484,0.121646,0.164632,0.087269
828,1790556029.352356434,101.869362,54924,0,19.034943,4.469665,78.146542,0.067363,0.107183,0.043666
829,1790556029.452515602,105.469771,54891,0,19.194224,8.391925,77.518460,0.131498,0.174299,0.059365
830,1790556029.552795887,95.591096,54889,0,18.841030,4.755933,71.351778,0.070340,0.527975,0.044040
831,1790556029.652938604,99.529543,54858,0,19.305239,4.689073,75.297761,0.066821,0.127193,0.043456
832,1790556029.753123999,102.648503,54864,0,19.267574,4.388970,78.766640,0.072896,0.109724,0.042699
833,1790556029.853318453,100.574872,54902,0,19.895870,7.702238,72.673092,0.066174,0.163555,0.073943
834,1790556029.953518152,95.511969,54839,0,19.358060,4.925272,70.920203,0.068384,0.171512,0.068538
835,1790556030.053739786,101.374804,54806,0,19.652539,4.133834,77.368281,0.070647,0.106903,0.042600
836,1790556030.153908491,104.233004,54801,0,19.669547,4.371980,79.948909,0.063399,0.104305,0.074864
837,1790556030.254074812,104.908523,54754,0,19.656000,9.217491,75.803056,0.066899,0.117299,0.047778
838,1790556030.354335785,95.717689,54763,0,19.459967,4.405754,71.635380,0.063984,0.096026,0.056578
839,1790556030.454490423,102.078109,54813,0,19.921448,5.102520,76.842583,0.066346,0.102045,0.043167
840,1790556030.554714680,104.514231,54754,0,19.261271,5.116371,79.437709,0.126511,0.528583,0.043786
841,1790556030.654886484,106.593664,54778,0,19.911199,4.033534,82.422366,0.066136,0.099573,0.060856
842,1790556030.755111217,104.858463,54788,0,18.944714,9.023962,76.553615,0.143425,0.131643,0.061104
843,1790556030.855324268,99.528344,54799,0,19.136846,4.852603,75.251670,0.075195,0.161911,0.050119
844,1790556030.955467224,104.041356,54778,0,20.354510,5.017097,78.421139,0.081568,0.104046,0.062996
845,1790556031.055710316,104.879415,54801,0,20.525086,4.468751,79.552872,0.128326,0.146177,0.058203
846,1790556031.155902863,104.563747,54814,0,19.751242,4.665734,79.921901,0.064697,0.103034,0.057139
847,1790556031.256103992,106.136661,54772,0,19.509394,4.889624,81.461190,0.071754,0.145117,0.059582
848,1790556031.356264114,105.242148,54776,0,18.996211,4.412886,81.601667,0.068080,0.119005,0.044299
849,1790556031.456480026,104.076534,54725,0,19.554789,7.615847,76.674106,0.083027,0.106876,0.041889
850,1790556031.556689501,97.118828,54829,0,19.605435,5.869929,70.949761,0.096891,0.551251,0.045561
851,1790556031.656882286,97.921405,54798,0,19.362396,5.025542,73.266377,0.067851,0.140342,0.058897
852,1790556031.757079601,102.175946,54795,0,19.428240,4.590138,77.946954,0.067481,0.101275,0.041858
853,1790556031.857301235,104.514552,54799,0,19.662310,9.406639,75.193961,0.078694,0.126055,0.046893
854,1790556032.057633162,98.734108,54808,0,18.283029,4.044041,76.127535,0.097416,0.136707,0.045380
855,1790556032.157838345,104.023856,54823,0,19.518385,7.627802,76.625885,0.067659,0.137556,0.046569
856,1790556032.258034945,97.094577,54828,0,19.897561,5.451898,71.460516,0.112057,0.127671,0.044874
857,1790556032.358244419,95.800904,54781,0,19.805015,4.823516,70.848154,0.133726,0.144690,0.045803
858,1790556032.458458424,96.567189,54749,0,19.982051,4.218108,72.155210,0.065100,0.104522,0.042198
859,1790556032.558634758,98.406028,54768,0,19.453731,4.419254,74.299959,0.068309,0.121529,0.043246
860,1790556032.658821583,105.579223,54759,0,19.934164,4.473512,80.386507,0.109091,0.621520,0.054429
861,1790556032.759022236,101.448528,54794,0,19.975549,8.133917,73.047067,0.099138,0.150322,0.042535
862,1790556032.859254122,95.170421,54768,0,19.644845,4.599026,70.646321,0.069208,0.116846,0.094175
863,1790556032.959399939,95.349468,54781,0,19.694251,4.163031,71.197467,0.094787,0.121939,0.077993
864,1790556033.059599876,100.213503,54764,0,20.003256,4.397203,75.588706,0.067863,0.112050,0.044425
865,1790556033.159797668,102.576497,54774,0,19.586095,7.508990,75.184136,0.067065,0.167767,0.062444
866,1790556033.260030031,97.206034,54751,0,19.139062,5.916041,71.879824,0.070107,0.118618,0.082382
867,1790556033.360181570,95.070024,54749,0,19.425406,4.179800,71.217494,0.082226,0.122383,0.042715
868,1790556033.460421085,92.287972,54760,0,19.361330,4.176461,68.422805,0.093438,0.162127,0.071811
869,1790556033.560616970,102.292019,54796,0,18.863219,4.830018,78.376452,0.069181,0.106614,0.046535
870,1790556033.660805464,102.879107,54765,0,19.481239,7.929041,74.763140,0.077728,0.553530,0.074429
871,1790556033.760978460,96.746357,54741,0,19.386679,4.443285,72.670364,0.067016,0.133883,0.045130
872,1790556033.861205101,98.582313,54758,0,19.818057,4.175663,74.311133,0.080678,0.106015,0.090767
873,1790556033.961367130,104.235134,54758,0,19.651371,7.449356,76.837893,0.083612,0.168471,0.044431
874,1790556034.061555386,99.017845,54728,0,19.693349,6.491899,72.574661,0.088813,0.120523,0.048600
875,1790556034.161784172,95.081178,54753,0,19.506664,4.377605,70.925155,0.068445,0.145384,0.057925
876,1790556034.261960983,94.070347,54780,0,19.489083,4.929891,69.318972,0.078464,0.157314,0.096623
877,1790556034.362192869,101.547940,54737,0,19.514074,4.338130,77.439038,0.070928,0.125980,0.059790
878,1790556034.462377310,104.045611,54756,0,19.681458,8.487132,75.607123,0.067793,0.159435,0.042670
879,1790556034.562528372,96.545851,54804,0,19.778412,5.198631,71.318118,0.071571,0.131893,0.047226
880,1790556034.662755489,97.572375,54752,0,19.774798,4.388204,72.768502,0.073671,0.524075,0.043125
881,1790556034.762938738,100.515686,54717,0,19.668260,4.214196,76.394541,0.068030,0.106420,0.064239
882,1790556034.863163948,104.494539,54769,0,19.324636,8.312490,76.620889,0.072552,0.120745,0.043227
883,1790556034.963347912,98.873879,54713,0,19.842098,6.705178,72.107074,0.069429,0.106224,0.043876
884,1790556035.063553333,96.356030,54800,0,18.787853,4.890261,72.385326,0.081048,0.148914,0.062628
885,1790556035.263966799,97.134985,54809,0,19.059571,4.558890,73.290332,0.073151,0.108233,0.044808
886,1790556035.364192009,97.474322,54763,0,18.766570,6.756837,71.673986,0.103690,0.128371,0.044868
887,1790556035.464315176,99.363121,54787,0,19.458181,4.790043,74.871045,0.085260,0.113991,0.044601
888,1790556035.564512968,106.527439,54778,0,20.161435,7.183597,78.901685,0.076427,0.152105,0.052190
889,1790556035.664716005,97.095924,54816,0,19.432070,5.439291,71.952228,0.068894,0.158535,0.044906
890,1790556035.764932156,99.468559,54821,0,19.298237,4.654357,74.796543,0.068896,0.602953,0.047573
891,1790556035.865073681,106.374467,54865,0,19.510090,4.392970,82.233154,0.069325,0.126467,0.042461
892,1790556035.965293407,98.030603,54833,0,19.231538,6.334520,72.232245,0.073795,0.115124,0.043381
893,1790556036.065531492,96.263177,54842,0,18.938236,4.988907,72.068701,0.082504,0.129711,0.055118
894,1790556036.165718079,94.269211,54868,0,19.485957,4.335101,70.086481,0.083371,0.214373,0.063928
895,1790556036.265924931,96.865732,54823,0,19.516846,4.499341,72.575932,0.065723,0.142236,0.065654
896,1790556036.366089821,99.905587,54880,0,19.402023,4.338647,75.921353,0.067584,0.131512,0.044468
897,1790556036.466309547,102.775079,54884,0,19.110390,8.577599,74.778009,0.093615,0.153161,0.062305
898,1790556036.566509724,95.236593,54849,0,19.389479,4.569839,70.971616,0.070701,0.148390,0.086568
899,1790556036.666718006,98.008948,54871,0,19.328172,4.792954,73.608962,0.088087,0.127084,0.063689
900,1790556036.766874313,102.257375,54827,0,19.649309,4.803833,77.154389,0.075037,0.531349,0.043458
901,1790556036.867036819,105.215376,54848,0,19.057775,8.675885,77.106316,0.151153,0.167270,0.056977
902,1790556036.967283726,95.541642,54854,0,19.774911,4.615350,70.899780,0.077005,0.123085,0.051511
903,1790556037.067458391,96.020227,54823,0,19.700660,4.388646,71.609097,0.071254,0.190831,0.059739
904,1790556037.167690277,96.078877,54816,0,19.883807,4.195389,71.721883,0.067847,0.165240,0.044711
905,1790556037.267903328,98.611042,54848,0,19.133016,4.529602,74.697501,0.068859,0.133558,0.048506
906,1790556037.368069410,104.328753,54851,0,19.936754,4.330704,79.718760,0.148249,0.147120,0.047166
907,1790556037.468240738,101.700291,54857,0,19.702283,6.673045,75.058412,0.119060,0.105361,0.042130
908,1790556037.568467140,96.440010,54867,0,19.476946,4.431558,72.237794,0.075610,0.162950,0.055152
909,1790556037.668664217,94.854874,54877,0,19.502298,4.283383,70.821689,0.082834,0.116832,0.047838
910,1790556037.768835068,100.510463,54882,0,19.895694,4.484326,75.470384,0.068849,0.530152,0.061058
911,1790556037.869046450,103.595566,54957,0,19.428881,7.630174,76.270151,0.066524,0.135100,0.064736
912,1790556037.969220877,95.348626,54925,0,19.324493,4.200444,71.434908,0.092355,0.176087,0.120339
913,1790556038.069527626,94.633360,54890,0,19.480629,4.328048,70.490469,0.159041,0.115297,0.059876
914,1790556038.169655323,93.920993,54941,0,19.529454,4.397091,69.784369,0.066280,0.103317,0.040482
915,1790556038.370043993,105.378135,54922,0,19.436155,6.765902,78.851127,0.085890,0.174565,0.064496
916,1790556038.470180750,99.948799,54905,0,19.814021,6.975945,72.863723,0.076734,0.122345,0.096031
917,1790556038.570431232,95.999386,54988,0,19.888108,4.948178,70.912658,0.068797,0.115612,0.066033
918,1790556038.670641661,94.101056,55008,0,20.344656,4.940534,68.526815,0.069933,0.132818,0.086300
919,1790556038.770800829,96.618890,55049,0,19.182356,4.744197,72.400462,0.094060,0.153385,0.044430
920,1790556038.871031523,103.963197,55026,0,19.602287,7.946544,75.763779,0.071013,0.528321,0.051253
921,1790556038.971160889,101.791089,55052,0,19.738449,7.756669,74.035000,0.071683,0.122243,0.067045
922,1790556039.071387291,94.753484,55071,0,19.323399,4.355643,70.798941,0.086568,0.126699,0.062234
923,1790556039.171597004,96.566022,54953,0,19.418009,4.510566,72.287287,0.125155,0.170610,0.054395
924,1790556039.271814585,105.290540,54982,1,19.498505,4.565126,80.445026,0.123513,0.302792,0.355578
925,1790556039.371976137,99.380783,54897,0,19.582654,6.281345,73.257568,0.070050,0.127414,0.061752
926,1790556039.472145081,95.186582,54890,0,18.935127,4.471394,71.449775,0.071890,0.196510,0.061886
927,1790556039.572388649,93.804522,54975,0,19.062201,4.807087,69.687234,0.067540,0.136304,0.044156
928,1790556039.672535896,101.806290,54942,0,19.256296,4.539830,77.746987,0.070141,0.142385,0.050651
929,1790556039.772796631,101.051273,54958,0,19.514677,7.408939,73.776364,0.080493,0.190078,0.080722
930,1790556039.973160028,92.243129,54900,0,17.991717,3.882674,69.696906,0.068328,0.562311,0.041193
931,1790556040.073366642,105.755022,54861,0,18.840761,4.367018,82.286612,0.070431,0.114076,0.076124
932,1790556040.173593283,97.247471,54915,0,20.195907,6.135157,70.535137,0.095679,0.238012,0.047579
933,1790556040.273768902,100.218256,54912,0,20.114841,6.381237,73.477732,0.070951,0.114280,0.059215
934,1790556040.373955011,96.561618,54902,0,19.455464,4.330678,72.450800,0.084858,0.165215,0.074603
935,1790556040.474137306,100.684276,54898,0,20.018725,4.610432,75.815849,0.072917,0.120953,0.045400
936,1790556040.574360609,105.907310,54913,0,19.661727,7.936086,78.032543,0.120473,0.113288,0.043193
937,1790556040.674504280,96.865160,54913,0,20.321455,5.033996,71.214241,0.083019,0.146337,0.066112
938,1790556040.774756670,96.030079,54884,0,19.530815,4.830572,71.413550,0.082504,0.118260,0.054378
939,1790556040.874921799,98.487692,54887,0,19.863870,4.799908,73.578294,0.073670,0.118027,0.053923
940,1790556040.975152731,106.219267,54912,0,19.940421,7.334936,78.134622,0.134629,0.625930,0.048729
941,1790556041.075304508,97.390811,54916,0,20.240454,4.893538,71.962123,0.067281,0.158110,0.069305
942,1790556041.175515652,96.317856,54907,0,19.910936,5.065140,71.095022,0.080394,0.119777,0.046587
943,1790556041.275701046,96.815997,54906,0,20.113883,5.018643,71.346298,0.073659,0.188157,0.075357
944,1790556041.375921965,101.479885,54849,0,19.967427,4.461920,76.835405,0.066729,0.106096,0.042308
945,1790556041.476103306,104.467395,54858,0,20.034260,8.151072,75.955671,0.094549,0.170415,0.061428
946,1790556041.576317072,97.009502,54826,0,20.255012,4.821145,71.674908,0.066939,0.148285,0.043213
947,1790556041.676494837,101.974187,54876,0,20.369295,4.857671,76.514194,0.077145,0.104724,0.051158
948,1790556041.776715994,106.538122,54815,0,20.484300,8.611854,77.205546,0.068899,0.124473,0.043050
949,1790556041.876905918,97.021427,54906,0,19.925247,4.218819,72.538104,0.088001,0.176106,0.075150
950,1790556041.977123022,97.023668,54867,0,20.115076,4.470152,71.672682,0.073900,0.643719,0.048139
951,1790556042.077298164,101.680938,54842,0,20.591458,4.619012,76.210462,0.076497,0.123302,0.060207
952,1790556042.177476168,104.220210,54912,0,20.364216,4.780210,78.822246,0.091750,0.101281,0.060507
953,1790556042.277675152,103.308057,54914,0,20.228629,7.590210,75.179247,0.074882,0.129833,0.105256
954,1790556042.377907276,98.517545,54875,0,20.333420,4.888817,72.988094,0.074319,0.157906,0.074989
955,1790556042.478288412,101.947814,54871,0,19.398389,4.696760,77.560295,0.110148,0.129756,0.052466
956,1790556042.578283548,106.962075,54904,0,20.619233,4.542923,81.521304,0.085351,0.139606,0.053658
957,1790556042.678477526,108.136676,54933,0,19.921606,4.645703,83.276418,0.081371,0.157751,0.053827
958,1790556042.778684616,105.666014,54909,0,19.928590,7.930842,77.580943,0.069545,0.112614,0.043480
959,1790556042.878884792,103.055351,54886,0,19.958024,6.837494,76.023277,0.067196,0.124204,0.045156
960,1790556043.079278708,102.340881,54884,0,18.140208,6.988450,76.583131,0.071991,0.508800,0.048301
961,1790556043.279663086,91.688979,54924,0,17.977902,3.979756,69.417131,0.099887,0.167916,0.046387
962,1790556043.379831553,102.485834,54893,0,19.482814,4.223848,78.557409,0.074100,0.105629,0.042034
963,1790556043.480054379,105.074981,54908,0,19.341068,8.542208,76.944663,0.067586,0.110806,0.068650
964,1790556043.580252171,97.816516,54876,0,19.728565,5.380108,72.452279,0.068910,0.143276,0.043378
965,1790556043.680414677,96.465230,54853,0,19.540356,4.993652,71.648572,0.095422,0.143272,0.043956
966,1790556043.780610561,100.041505,54855,0,19.406615,5.086890,75.306507,0.081060,0.116282,0.044151
967,1790556043.881046772,104.551151,54868,0,19.166057,4.478680,80.688028,0.064913,0.097744,0.055729
968,1790556043.981045961,98.944861,54869,0,19.410470,7.422608,71.880666,0.067191,0.105475,0.058451
969,1790556044.081237316,99.076060,54864,0,20.138030,4.898631,73.776555,0.105225,0.107511,0.050108
970,1790556044.181445122,100.436556,54867,0,20.017385,7.182834,72.459207,0.084649,0.633267,0.059214
971,1790556044.281600475,97.615576,54882,0,20.459862,5.392350,71.509751,0.068328,0.142868,0.042417
972,1790556044.381807804,100.044162,54873,0,19.145287,5.056493,75.531762,0.118538,0.116851,0.075231
973,1790556044.682417393,95.239433,54907,0,18.791529,3.942949,72.246604,0.085655,0.128710,0.043986
974,1790556044.782573938,105.252041,54916,0,19.481356,8.620078,76.874101,0.065447,0.125845,0.085214
975,1790556044.882772446,95.824163,54849,0,19.322630,5.297164,70.983914,0.069391,0.107973,0.043091
976,1790556044.982978821,97.835521,54871,0,19.701237,4.191421,73.613505,0.076110,0.182424,0.070824
977,1790556045.183372974,100.685906,54860,0,19.077545,6.607740,74.756234,0.077336,0.115864,0.051187
978,1790556045.383795023,94.573906,54852,0,19.691799,4.746681,69.880971,0.069363,0.135968,0.049124
979,1790556045.483958721,100.385362,54832,0,19.358016,3.900074,76.914656,0.068795,0.102357,0.041464
980,1790556045.884770155,90.962367,54884,0,18.665298,4.109739,67.579875,0.068497,0.494774,0.044184
981,1790556045.984956741,105.712394,54857,0,18.528401,7.360144,79.518563,0.084941,0.173187,0.047158
982,1790556046.085139513,97.052742,54889,0,19.559363,5.640822,71.612063,0.071661,0.108465,0.060368
983,1790556046.185326099,96.685227,54892,0,19.807118,5.148979,71.473475,0.086622,0.108880,0.060153
984,1790556046.285530329,98.349119,54890,0,19.754781,4.972942,73.330826,0.074801,0.146563,0.069206
985,1790556046.385755539,102.345834,54863,0,19.828176,4.715878,77.530498,0.068977,0.160974,0.041331
986,1790556046.485920668,107.040234,54836,0,20.219191,7.033103,79.547283,0.069330,0.126399,0.044928
987,1790556046.586105108,97.225019,54901,0,19.235507,5.801545,71.871660,0.100132,0.171389,0.044786
988,1790556046.686313152,95.824888,54853,0,19.470207,4.302025,71.844939,0.066492,0.099451,0.041774
989,1790556046.786568642,101.182389,54832,0,19.395658,4.849560,76.672442,0.068072,0.150351,0.046306
990,1790556046.886733055,104.633286,54839,0,19.582161,4.512977,79.859480,0.069430,0.536519,0.072719
991,1790556046.986909866,99.315968,54880,0,19.657382,6.253349,73.189831,0.067761,0.105187,0.042458
992,1790556047.087097406,95.395009,54882,0,19.628330,4.258172,71.220292,0.084684,0.154280,0.049251
993,1790556047.187325478,101.157500,54886,0,19.559405,4.535486,76.777158,0.067244,0.134505,0.083702
994,1790556047.287465572,105.950848,54846,0,19.776336,8.433386,77.396852,0.094175,0.176937,0.073162
995,1790556047.387886763,95.791264,54885,0,19.396908,4.664211,71.498960,0.066895,0.105668,0.058622
996,1790556047.487918377,96.285616,54932,0,19.866605,5.250094,70.921373,0.080432,0.103985,0.063127
997,1790556047.688309193,96.849506,54901,0,17.873978,6.690337,72.062143,0.067960,0.111222,0.043866
998,1790556047.888695002,104.671604,54869,0,19.038392,8.366585,77.043089,0.068338,0.103827,0.051373
999,1790556047.988860369,97.789922,54892,0,19.580344,6.508205,71.446259,0.070725,0.136172,0.048217
1000,1790556048.089078903,101.743904,54919,0,19.910112,5.229468,75.909851,0.066529,0.584683,0.043261
1001,1790556048.189234018,106.511546,54839,0,19.781579,4.772201,81.752583,0.066573,0.098645,0.039965
1002,1790556048.289458036,98.548852,54879,0,19.787650,6.644339,71.852673,0.087160,0.116050,0.060980
1003,1790556048.389622211,97.427153,54870,0,18.980491,5.774502,72.377118,0.108083,0.140588,0.046371
1004,1790556048.489891768,95.487438,54908,0,19.620561,4.240961,71.377358,0.075971,0.128398,0.044189
1005,1790556048.690263987,95.386759,54908,0,19.695912,5.085720,70.370140,0.068612,0.107608,0.058767
1006,1790556048.890677929,104.109319,54864,0,18.036294,8.314924,77.455366,0.073714,0.174246,0.054775
1007,1790556048.990824699,96.373441,54815,0,19.516262,5.134878,71.475689,0.074016,0.124352,0.048244
1008,1790556049.091051817,99.974781,54839,0,19.216364,4.979449,75.544056,0.074052,0.116969,0.043891
1009,1790556049.191257715,105.247636,54885,0,19.403273,4.799231,80.735008,0.082965,0.146373,0.080786
1010,1790556049.291464806,99.509584,54932,0,19.922143,6.570576,72.292180,0.073129,0.599254,0.052302
1011,1790556049.391642332,96.416286,54867,0,19.183479,4.712860,72.207335,0.095705,0.142478,0.074429
1012,1790556049.491837263,100.940860,54839,0,19.699233,4.796232,76.191420,0.068938,0.140572,0.044465
1013,1790556049.592049837,105.140609,54862,0,19.921033,8.056812,76.894703,0.078104,0.144741,0.045216
1014,1790556049.692217588,94.709211,54882,0,19.164754,4.711391,70.503075,0.129660,0.140288,0.060043
1015,1790556049.892636299,97.675478,54900,0,18.894190,4.846169,73.555218,0.067632,0.226875,0.085394
1016,1790556049.992820978,105.192239,54872,0,19.556783,4.649080,80.744997,0.067791,0.100722,0.072866
1017,1790556050.093034506,99.357698,54890,0,19.505397,7.448726,72.150154,0.071664,0.134777,0.046980
1018,1790556050.293419123,95.678352,54824,0,19.730261,4.665263,70.979195,0.094934,0.148603,0.060096
1019,1790556050.393637896,103.510871,54899,0,20.548844,5.002389,77.635359,0.075976,0.183538,0.064765
1020,1790556050.593971014,98.334857,54916,0,18.756558,6.114793,72.772204,0.095330,0.540352,0.055620
1021,1790556050.694202662,101.696197,54931,0,19.115173,6.195901,76.158705,0.070641,0.110157,0.045620
1022,1790556050.794359922,106.173838,54896,0,19.664231,4.333824,81.921603,0.082185,0.127398,0.044597
1023,1790556050.894579649,96.904764,54925,0,19.318642,5.862988,71.475245,0.070484,0.129797,0.047608
1024,1790556050.994791985,96.178639,54882,0,19.922528,4.694348,71.324740,0.068923,0.120803,0.047297
1025,1790556051.094957113,100.448723,54945,0,19.377146,4.504930,76.302758,0.114386,0.107552,0.041951
1026,1790556051.195148230,106.589955,54860,0,19.588007,4.453200,82.330351,0.067825,0.105687,0.044885
1027,1790556051.295390129,97.796240,54886,0,19.975456,6.499012,70.994468,0.112391,0.130838,0.084075
1028,1790556051.395589590,94.597997,54960,0,19.254726,4.888660,70.225789,0.065035,0.118573,0.045214
1029,1790556051.495738029,101.694735,54837,0,19.494316,4.385976,77.606345,0.065238,0.100779,0.042081
1030,1790556051.595962048,105.755884,54900,0,19.555489,8.302323,77.170992,0.075999,0.603763,0.047318
1031,1790556051.696152210,96.010818,54883,0,18.936152,4.612237,72.166612,0.075419,0.143847,0.076551
1032,1790556051.796344042,100.270196,54886,0,19.911132,4.418578,75.698628,0.067353,0.128816,0.045689
1033,1790556051.896518469,107.175558,54896,0,19.928717,8.149597,78.811138,0.084040,0.129458,0.072608
1034,1790556051.996726513,94.491940,54885,0,18.730718,4.387539,71.013934,0.101764,0.179663,0.078322
1035,1790556052.096920729,96.359157,54924,0,19.707839,4.885218,71.528791,0.068436,0.125431,0.043442
1036,1790556052.197179556,100.844412,54877,0,20.137956,4.414013,76.047649,0.066874,0.109737,0.068183
1037,1790556052.297306538,104.527115,54868,0,19.797565,4.211589,80.269746,0.064843,0.105803,0.077569
1038,1790556052.497671843,99.093056,54861,0,19.587292,3.967082,75.326697,0.066310,0.103002,0.042673
1039,1790556052.597916365,100.546727,54884,0,19.511827,7.201217,73.534411,0.082243,0.160650,0.056379
1040,1790556052.698088408,96.127191,54916,0,19.578311,4.427711,71.448774,0.070478,0.541226,0.060691
1041,1790556052.798291206,98.914506,54907,0,19.300207,4.135436,75.218817,0.080254,0.126162,0.053630
1042,1790556052.898483753,100.748404,54855,0,19.345771,4.224954,76.962974,0.070914,0.102749,0.041042
1043,1790556052.998705626,102.059751,54906,0,19.089798,8.608493,73.988630,0.114998,0.201919,0.055913
1044,1790556053.098875284,96.028391,54870,0,19.971041,4.695535,71.130397,0.072824,0.114261,0.044333
1045,1790556053.199070692,99.799158,54880,0,19.310722,4.448005,75.821617,0.067605,0.108924,0.042285
1046,1790556053.299242020,102.289138,54890,0,19.529011,4.512274,78.020734,0.072127,0.099245,0.055747
1047,1790556053.399479628,101.726001,54891,0,19.330975,7.445303,74.668438,0.086595,0.129109,0.065581
1048,1790556053.499660015,96.550252,54911,0,19.037824,5.277927,72.012245,0.066748,0.114505,0.041003
1049,1790556053.599853039,99.110070,54892,0,19.409209,4.661325,74.804740,0.067784,0.103274,0.063738
1050,1790556053.700083733,106.385129,54824,0,19.412227,4.657733,81.567024,0.094178,0.601377,0.052590
1051,1790556053.800269127,97.039423,54873,0,19.439215,6.436656,70.839120,0.069167,0.182621,0.072644
1052,1790556053.900444984,95.847570,54889,0,19.645140,4.464680,71.469788,0.077473,0.145967,0.044522
1053,1790556054.000641823,100.027730,54850,0,19.110077,5.106536,75.543007,0.067403,0.157462,0.043245
1054,1790556054.100851297,106.007269,54912,0,19.505413,7.356296,78.827995,0.096956,0.143455,0.077154
1055,1790556054.201050282,96.615350,54851,0,19.410299,5.727009,71.190702,0.068815,0.128336,0.090189
1056,1790556054.301229715,95.852250,54899,0,19.270011,4.257801,72.026799,0.088914,0.160964,0.047761
1057,1790556054.401427507,99.103534,54872,0,19.493418,4.253088,75.054890,0.130324,0.124475,0.047339
1058,1790556054.501598358,106.206883,54884,0,20.086065,4.035892,81.802672,0.079632,0.121513,0.081109
1059,1790556054.601794481,100.190566,54856,0,19.864907,7.107675,72.966769,0.102608,0.105251,0.043356
1060,1790556054.802249670,102.484969,54883,0,18.144346,4.292522,79.344477,0.068574,0.575108,0.059942
1061,1790556054.902389050,104.196747,54885,0,19.762051,8.702532,75.498140,0.074628,0.116265,0.043131
1062,1790556055.102804422,98.551562,54879,0,20.261314,4.879277,73.140880,0.096510,0.126300,0.047281
1063,1790556055.203028917,102.843786,54847,0,19.783735,4.271091,78.553098,0.081231,0.098145,0.056486
1064,1790556055.303521395,102.103868,54885,0,20.152371,7.732995,73.854280,0.108240,0.198039,0.057943
1065,1790556055.503638029,98.331919,54844,0,19.961012,4.783185,73.327855,0.079989,0.130261,0.049617
1066,1790556055.603795290,105.499166,54885,0,19.177949,4.341994,81.725034,0.071238,0.113128,0.069823
1067,1790556055.703989744,98.253228,54923,0,19.807516,6.341218,71.850245,0.103237,0.108711,0.042301
1068,1790556055.804183245,97.418288,54851,0,19.179499,5.930218,71.950303,0.073073,0.206419,0.078776
1069,1790556055.904382467,95.292982,54852,0,19.029160,5.157519,70.852672,0.076929,0.125230,0.051472
1070,1790556056.004551411,92.528056,54843,0,19.317445,4.179760,68.378724,0.069105,0.512799,0.070223
1071,1790556056.104781866,109.125507,54874,0,19.506642,4.624751,84.711421,0.106929,0.114465,0.061299
1072,1790556056.204980373,100.582711,54896,0,19.644513,7.048391,73.608299,0.087377,0.137625,0.056506
1073,1790556056.305138111,105.655361,54906,0,19.336549,7.432306,78.582365,0.085305,0.142652,0.076184
1074,1790556056.405334234,100.408888,54877,0,19.301501,6.105672,74.742759,0.096802,0.105177,0.056977
1075,1790556056.605801582,96.477116,54895,0,18.464355,6.831108,70.940218,0.071713,0.109010,0.060712
1076,1790556056.705945492,97.360557,54895,0,19.374051,3.982629,73.714038,0.065345,0.163262,0.061232
1077,1790556056.806149483,107.006279,54930,0,19.740024,8.803351,78.107184,0.133808,0.161362,0.060550
1078,1790556056.906336784,95.853048,54933,0,19.953462,4.360737,71.225795,0.104774,0.135061,0.073219
1079,1790556057.006536245,96.814788,54914,0,20.642867,4.273265,71.646874,0.076619,0.116163,0.059000
1080,1790556057.106738091,102.316707,54895,0,20.849981,5.221320,75.590238,0.071664,0.536734,0.046770
1081,1790556057.206909895,106.963534,54887,0,20.816073,9.046852,76.857524,0.069414,0.126978,0.046693
1082,1790556057.307160616,97.194776,54902,0,20.393416,4.920645,71.623017,0.074347,0.140383,0.042968
1083,1790556057.507495403,92.666989,54833,0,18.670237,4.754180,68.869483,0.074192,0.207885,0.091012
1084,1790556057.607752562,104.033770,54867,0,19.023813,4.825618,79.923354,0.087202,0.132986,0.040797
1085,1790556057.707918644,101.966158,54803,0,19.552173,6.830336,75.237612,0.082543,0.177297,0.086197
1086,1790556057.808110952,96.031528,54879,0,19.219534,4.825559,71.751760,0.068387,0.106521,0.059767
1087,1790556057.908352852,99.816390,54962,0,19.473435,4.557999,75.555386,0.065880,0.105624,0.058066
1088,1790556058.008514404,106.054604,54893,0,19.578507,4.275298,81.865313,0.111037,0.162913,0.061536
1089,1790556058.108733654,96.789695,54857,0,19.072166,6.090938,71.366031,0.098067,0.120111,0.042382
1090,1790556058.208895206,95.384412,54866,0,18.610540,4.957449,71.018139,0.071512,0.679348,0.047424
1091,1790556058.309126377,99.183303,54931,0,19.279563,4.268874,75.366441,0.076261,0.132101,0.060063
1092,1790556058.409260988,105.758715,54949,0,19.742168,4.537515,81.225853,0.078728,0.123343,0.051108
1093,1790556058.509514332,102.063022,54884,0,19.721701,7.373929,74.719922,0.083758,0.105137,0.058575
1094,1790556058.609677553,96.464908,54858,0,19.502515,5.162280,71.529105,0.064384,0.164641,0.041983
1095,1790556058.709910870,102.201134,54915,0,19.657076,5.081674,77.213214,0.065701,0.110297,0.073172
1096,1790556058.810068130,106.227869,54842,0,19.409799,9.640930,76.949719,0.068373,0.115967,0.043081
1097,1790556058.910300255,95.598938,54920,0,19.676354,4.101069,71.579995,0.082556,0.113318,0.045646
1098,1790556059.010443449,95.898247,54950,0,19.596605,4.688254,71.277587,0.069723,0.187602,0.078476
1099,1790556059.110691547,98.707403,54909,0,18.764858,4.942209,74.746448,0.070238,0.137782,0.045868
1100,1790556059.210864067,104.439286,54880,0,19.549665,4.949909,79.344935,0.065873,0.473505,0.055399
1101,1790556059.311060429,103.847382,54936,0,19.951354,7.858268,75.805600,0.069783,0.119419,0.042958
1102,1790556059.411249638,95.341132,54905,0,19.349859,4.505972,71.223238,0.069380,0.108212,0.084471
1103,1790556059.511470079,98.944534,54920,0,19.126729,4.179817,75.391265,0.064941,0.138154,0.043628
1104,1790556059.611646891,103.163179,54877,0,19.465247,4.227864,79.271241,0.064679,0.094654,0.039494
1105,1790556059.711854219,105.028225,54949,0,19.269643,8.431194,76.945583,0.085482,0.237178,0.059145
1106,1790556059.812073708,99.518086,54885,0,19.237408,6.723793,73.314519,0.070554,0.113134,0.058678
1107,1790556059.912421703,95.268898,54923,0,19.146296,4.415043,71.490275,0.066343,0.109738,0.041203
1108,1790556060.012433767,100.417702,54908,0,19.828852,4.212694,76.154466,0.074319,0.103618,0.043753
1109,1790556060.112672806,104.586803,54924,0,19.006059,4.615662,80.711916,0.082639,0.122104,0.048423
1110,1790556060.212866545,101.753617,54902,0,19.820796,7.042184,74.212977,0.086639,0.530049,0.060972
1111,1790556060.313019276,100.232807,54925,0,19.314926,4.896460,75.795322,0.066227,0.099084,0.060788
1112,1790556060.513411045,101.600156,54906,0,20.209457,4.108117,76.980563,0.077586,0.146698,0.077735
1113,1790556060.613612890,105.137532,54907,0,19.584279,8.860314,76.456856,0.070998,0.103757,0.061328
1114,1790556060.713802576,95.713137,54875,0,19.384219,4.668391,71.432430,0.080969,0.105815,0.041313
1115,1790556060.914235353,98.143064,54940,0,19.754643,4.520832,73.623120,0.068125,0.108632,0.067712
1116,1790556061.014392376,106.136113,54811,0,19.978493,4.228601,81.677028,0.071825,0.138706,0.041460
1117,1790556061.114578485,101.873388,54908,0,19.776085,7.237194,74.487625,0.113165,0.197816,0.061503
1118,1790556061.214811563,97.022674,54855,0,19.504275,5.466721,71.836219,0.066915,0.104449,0.044095
1119,1790556061.314994335,95.549915,54855,0,19.301106,4.749003,71.276700,0.068786,0.110327,0.043993
1120,1790556061.415201902,103.402116,54915,0,20.035845,4.646374,78.127419,0.067235,0.480284,0.044959
1121,1790556061.515404463,106.086778,54843,0,19.496420,10.229506,76.078292,0.108231,0.127027,0.047302
1122,1790556061.615561247,95.880260,54895,0,19.340280,4.674548,71.623890,0.073131,0.117422,0.050989
1123,1790556061.815991402,97.978336,54871,0,19.053539,4.560341,74.092388,0.079450,0.128478,0.064140
1124,1790556061.916197062,102.345587,54945,0,19.646804,4.364700,78.114141,0.067668,0.108582,0.043692
1125,1790556062.016374826,104.721523,54869,0,19.708444,8.208443,76.547711,0.067285,0.145377,0.044263
1126,1790556062.116524696,97.390185,54867,0,19.660073,5.087570,72.274035,0.099365,0.207264,0.061878
1127,1790556062.216753721,95.076600,54895,0,18.896038,4.969569,70.964100,0.067792,0.112653,0.066448
1128,1790556062.316980362,100.005637,54896,0,19.648741,4.225892,75.849263,0.082476,0.153873,0.045392
1129,1790556062.417143583,106.607048,54861,0,19.676538,4.442595,82.247205,0.069982,0.112288,0.058440
1130,1790556062.517311811,102.484303,54872,0,19.775114,7.044641,75.008192,0.073725,0.534792,0.047839
1131,1790556062.617534876,96.770996,54854,0,19.562436,4.243454,72.697079,0.083081,0.134396,0.050550
1132,1790556062.717729092,97.653562,54918,0,18.928218,4.710821,73.718377,0.101522,0.151455,0.043169
1133,1790556062.918129683,101.096875,54922,0,19.708898,4.536922,76.619215,0.069742,0.107262,0.054836
1134,1790556063.018349648,106.143179,54898,0,19.720409,4.271446,81.850516,0.117795,0.140643,0.042370
1135,1790556063.118517876,100.664425,54863,0,19.594210,8.191939,72.567096,0.127746,0.136849,0.046585
1136,1790556063.218741417,95.077268,54903,0,18.809411,4.598394,71.453398,0.068851,0.105975,0.041239
1137,1790556063.318899632,101.047994,54889,0,19.636465,4.881005,76.249766,0.085176,0.134932,0.060650
1138,1790556063.419144869,105.822034,54860,0,19.445439,4.577857,81.538389,0.092314,0.124714,0.043321
1139,1790556063.519294977,99.865179,54886,0,19.680784,6.495952,73.418112,0.078365,0.148358,0.043608
1140,1790556063.619499683,96.770971,54853,0,19.620613,5.086568,71.405942,0.068760,0.539408,0.049680
1141,1790556063.719723940,94.977352,54866,0,18.869373,4.190639,71.492929,0.117372,0.220504,0.086535
1142,1790556063.819912195,100.782879,54903,0,19.978575,4.597835,75.965045,0.070744,0.123649,0.047031
1143,1790556063.920093298,105.419267,54898,0,19.618516,7.451267,78.099545,0.067734,0.134649,0.047556
1144,1790556064.020303249,96.166564,54878,0,19.554795,4.967771,71.422762,0.069899,0.107353,0.043984
1145,1790556064.120496035,95.924042,54927,0,19.803181,4.324368,71.564749,0.069181,0.120948,0.041615
1146,1790556064.220704556,100.785867,54887,0,19.321087,4.417756,76.800302,0.091455,0.110418,0.044849
1147,1790556064.320877790,105.765260,54904,0,19.827616,8.109109,77.523479,0.094069,0.154340,0.056647
1148,1790556064.421088219,99.530349,54904,0,19.367268,6.484092,73.396883,0.082595,0.151364,0.048147
1149,1790556064.521260738,94.534846,54893,0,19.464228,4.568284,70.250835,0.086151,0.106475,0.058873
1150,1790556064.621457815,102.809217,54870,0,20.188445,4.554632,77.292911,0.127768,0.601695,0.043766
1151,1790556064.821902990,107.119439,54929,0,20.151351,9.404411,77.240077,0.100455,0.123584,0.099561
1152,1790556064.922051668,98.539788,54934,0,19.798649,4.772405,73.647113,0.101130,0.174984,0.045507
1153,1790556065.022249937,96.289528,54858,0,20.040080,4.176464,71.824336,0.084560,0.114394,0.049694
1154,1790556065.122454882,103.786746,54927,0,20.610252,4.783489,78.090689,0.123447,0.131284,0.047585
1155,1790556065.222688198,105.427948,54897,0,19.781559,7.398343,78.013605,0.070669,0.120345,0.043427
1156,1790556065.322867155,99.305618,54858,0,19.384581,7.007226,72.636332,0.111577,0.122725,0.043177
1157,1790556065.423041344,96.037674,54905,0,19.266626,4.795410,71.747450,0.069078,0.114463,0.044647
1158,1790556065.523258209,99.669648,54860,0,19.817619,4.626295,74.986320,0.083950,0.111988,0.043476
1159,1790556065.623452663,108.251779,54878,0,19.902456,4.883848,83.182359,0.067894,0.143222,0.072000
1160,1790556065.823815584,96.278237,54833,0,20.225215,5.150162,70.057059,0.078638,0.703486,0.063677
1161,1790556065.924062252,103.761014,54897,0,19.224756,4.588994,79.707621,0.077596,0.117292,0.044755
1162,1790556066.024245262,108.728980,54848,0,19.367194,7.456144,81.628420,0.087642,0.118614,0.070966
1163,1790556066.124413729,102.866534,54894,0,20.039241,6.945250,75.612795,0.089776,0.126600,0.052872
1164,1790556066.224657774,100.418853,54873,0,19.542709,4.596242,76.021642,0.077920,0.115951,0.064389
1165,1790556066.324800491,103.059985,54870,0,19.326381,4.358780,79.086532,0.073894,0.140256,0.074142
1166,1790556066.425000906,105.222283,54933,0,18.968764,7.606215,78.360306,0.100029,0.140256,0.046713
1167,1790556066.525206089,101.875905,54914,0,19.587278,8.624613,73.401344,0.065205,0.118392,0.079073
1168,1790556066.625421286,96.876418,54896,0,19.721166,5.271836,71.598135,0.079025,0.143115,0.063141
1169,1790556066.725633621,98.227029,54857,0,19.873221,4.338518,73.758037,0.090521,0.109196,0.057536
1170,1790556066.825817347,96.953294,54944,0,19.308887,4.779396,72.197492,0.067644,0.542019,0.057856
1171,1790556066.926009417,96.961734,54910,0,19.170493,4.609114,72.952468,0.074080,0.110531,0.045048
1172,1790556067.026182175,97.842863,54858,0,19.217272,6.036331,72.289925,0.081143,0.158767,0.059425
1173,1790556067.126423120,95.084128,54906,0,18.972537,4.412094,71.457387,0.089067,0.109901,0.043142
1174,1790556067.226612568,94.970848,54871,0,19.285630,4.256294,71.199927,0.070897,0.112312,0.045788
1175,1790556067.326801300,95.130686,54886,0,19.501052,4.590543,70.821910,0.066520,0.109044,0.041617
1176,1790556067.527222157,93.114944,54882,0,18.727786,5.328885,68.833788,0.067084,0.116013,0.041388
1177,1790556067.627380133,104.498425,54867,0,19.457442,5.039980,79.783599,0.069869,0.104945,0.042590
1178,1790556067.827782393,98.408486,54878,0,20.363844,6.428507,71.370387,0.076827,0.119768,0.049153
1179,1790556067.927973270,98.484651,54859,0,20.462016,5.186528,72.540855,0.085466,0.153956,0.055830
1180,1790556068.028168201,96.890208,54897,0,20.410355,5.012372,70.761238,0.071108,0.590057,0.045078
1181,1790556068.128375053,96.314621,54829,0,20.175661,5.026243,70.745029,0.082161,0.198737,0.086790
1182,1790556068.228551149,103.646888,54934,0,20.670172,4.851006,77.813362,0.068083,0.142223,0.102042
1183,1790556068.328761339,105.741539,54845,0,20.480154,7.789566,77.216488,0.069611,0.139409,0.046311
1184,1790556068.428929329,99.110021,54916,0,20.151452,6.674474,71.882480,0.133449,0.163684,0.104482
1185,1790556068.529094696,100.770239,54869,0,20.056435,6.908380,73.552667,0.078764,0.117239,0.056754
1186,1790556068.629322767,96.353377,54898,0,19.709479,4.988794,71.417341,0.071437,0.108511,0.057815
1187,1790556068.829690695,96.643702,54851,0,19.245847,5.338864,71.811133,0.072842,0.130745,0.044271
1188,1790556069.030117273,104.180709,54937,0,19.495789,4.807079,79.624200,0.091156,0.119637,0.042848
1189,1790556069.130300999,102.665615,54800,0,19.428537,7.842904,75.163995,0.070871,0.116581,0.042727
1190,1790556069.230498552,95.076653,54896,0,18.964266,4.706260,70.608635,0.066206,0.664145,0.067141
1191,1790556069.330716848,95.127971,54896,0,18.883415,4.252993,71.704516,0.084477,0.136917,0.065653
1192,1790556069.430905104,92.730881,54882,0,19.299787,4.014262,69.173081,0.067012,0.109538,0.067201
1193,1790556069.531088352,100.221884,54914,0,19.434926,4.085530,76.471943,0.069402,0.113043,0.047040
1194,1790556069.631275892,105.013061,54861,0,19.319895,7.310509,78.097228,0.109819,0.103335,0.072275
1195,1790556069.731473207,100.554317,54847,0,19.454672,7.115950,73.728159,0.069004,0.117302,0.069230
1196,1790556069.831674337,95.647376,54918,0,19.038084,5.017892,71.292029,0.109713,0.130287,0.059371
1197,1790556069.931870937,96.395801,54892,0,19.395009,4.596266,72.171057,0.068418,0.106527,0.058524
1198,1790556070.032091856,92.755806,54883,0,19.459164,4.523325,68.534974,0.068243,0.127294,0.042806
1199,1790556070.232526779,102.385064,54884,0,18.098790,7.571332,76.432473,0.069745,0.152481,0.060243
1200,1790556070.332659960,95.407736,54904,0,19.177151,4.243708,71.164789,0.111564,0.641645,0.068879
1201,1790556070.533060074,91.003177,54892,0,18.276562,4.203668,68.285196,0.064655,0.102502,0.070594
1202,1790556070.633274317,92.853570,54893,0,18.636854,4.217931,69.747624,0.069118,0.140095,0.041948
1203,1790556070.733446836,99.872287,54866,0,19.775574,4.225886,75.556757,0.129075,0.134431,0.050564
1204,1790556070.833639860,104.169118,54908,0,19.252686,4.120142,80.529504,0.071902,0.120103,0.074781
1205,1790556070.933808327,102.733273,54911,0,19.334801,7.676004,75.500377,0.073250,0.104554,0.044287
1206,1790556071.034032822,101.576635,54876,0,19.319916,7.499042,74.487725,0.116577,0.108528,0.044847
1207,1790556071.134248495,92.518037,54879,0,19.255166,4.498077,68.430437,0.094753,0.174100,0.065504
1208,1790556071.234425068,103.310527,54921,0,19.184488,4.820160,79.067478,0.076899,0.103096,0.058406
1209,1790556071.334662914,103.150703,54892,0,19.265295,7.370458,76.190556,0.080958,0.175769,0.067667
1210,1790556071.434847116,95.195825,54939,0,19.058196,4.620009,70.828770,0.073087,0.566508,0.049255
1211,1790556071.535049200,99.522947,54909,0,19.180746,4.065993,75.999306,0.079567,0.139665,0.057670
1212,1790556071.635211229,102.716502,54946,0,19.211390,4.239174,78.998507,0.080677,0.133732,0.053022
1213,1790556071.735429525,102.224427,54825,0,19.097782,8.335915,74.376031,0.079358,0.224554,0.110787
1214,1790556071.835631132,100.882712,54876,0,20.156848,7.483497,72.968541,0.129965,0.103274,0.040587
1215,1790556071.935837030,96.288097,54879,0,19.244472,4.458672,72.376721,0.064367,0.102429,0.041436
1216,1790556072.036010265,94.772280,54897,0,19.078027,4.424530,70.939533,0.105001,0.173289,0.051900
1217,1790556072.136220217,94.705781,54864,0,19.009819,4.553884,70.880228,0.084031,0.135376,0.042443
1218,1790556072.236413002,99.581226,54885,0,19.996978,4.327949,74.997477,0.086910,0.126337,0.045575
1219,1790556072.336609840,96.632323,54829,0,19.232998,4.231123,72.914869,0.082480,0.120231,0.050622
1220,1790556072.436796665,95.340208,54875,0,19.171158,4.840592,70.538553,0.083725,0.663174,0.043006
1221,1790556072.536993265,94.989064,54890,0,19.830333,4.428168,70.485814,0.065759,0.113632,0.065358
1222,1790556072.637178659,100.677664,54924,0,19.347121,4.570348,76.485501,0.069332,0.138438,0.066924
1223,1790556072.737368345,106.854095,54935,0,19.283574,8.355041,78.890505,0.093172,0.186050,0.045753
1224,1790556072.837550640,97.438588,54907,0,19.718370,6.402820,70.981483,0.135249,0.154608,0.046058
1225,1790556072.937739372,95.863755,54896,0,19.507528,4.405785,71.701488,0.078783,0.116216,0.053955
1226,1790556073.138179302,93.289496,54872,0,18.249128,4.107668,70.614791,0.093537,0.161059,0.063313
1227,1790556073.238337040,104.819332,54917,0,19.961933,4.305457,80.310757,0.072784,0.114470,0.053931
1228,1790556073.338555336,101.216593,54900,0,18.776811,8.454491,73.703532,0.070222,0.168950,0.042587
1229,1790556073.438712597,95.618544,54903,0,19.322778,4.547652,71.460955,0.081144,0.153977,0.052038
1230,1790556073.538935661,98.999257,54878,0,18.886409,4.807706,74.621378,0.068182,0.563742,0.051840
1231,1790556073.639138460,106.374968,54917,0,18.939276,4.520813,82.586721,0.143110,0.137667,0.047381
1232,1790556073.739331722,100.477257,54925,0,19.457400,7.507342,73.271539,0.065007,0.136339,0.039630
1233,1790556073.839532375,99.307906,54885,0,19.388985,6.838621,72.847614,0.067562,0.105543,0.059581
1234,1790556073.939720869,96.001230,54874,0,19.215259,4.769576,71.763257,0.079396,0.127997,0.045745
1235,1790556074.039891243,100.232734,54891,0,19.097599,4.318727,76.590752,0.073621,0.108656,0.043379
1236,1790556074.140113354,105.285890,54898,0,19.545048,4.319295,81.062412,0.121013,0.177454,0.060668
1237,1790556074.240316868,101.900151,54916,0,19.645491,7.848808,74.180552,0.066146,0.118127,0.041027
1238,1790556074.340514660,96.511201,54894,0,19.494257,4.784571,71.996464,0.063773,0.106143,0.065993
1239,1790556074.440709591,96.752133,54874,0,19.814989,5.849959,70.819248,0.102689,0.098232,0.067016
1240,1790556074.540904999,95.974880,54880,0,19.360286,4.764118,71.205453,0.075983,0.526768,0.042272
1241,1790556074.641101599,99.647082,54928,0,19.460840,4.369837,75.565187,0.070523,0.140645,0.040050
1242,1790556074.741297245,103.536488,54863,0,19.140089,4.284122,79.843762,0.065184,0.120844,0.082487
1243,1790556074.841495037,106.010589,54912,0,19.868155,9.218927,76.698808,0.066425,0.110931,0.047343
1244,1790556074.941684484,97.429779,54898,0,19.606670,5.506496,72.013761,0.069869,0.179440,0.053543
1245,1790556075.041899443,95.979759,54902,0,19.545988,4.348049,71.838682,0.069487,0.134757,0.042796
1246,1790556075.142052889,96.039549,54898,0,19.941123,4.807907,70.987867,0.085498,0.158473,0.058681
1247,1790556075.242279768,100.720352,54855,0,19.885885,7.653005,72.936125,0.068522,0.114742,0.062073
1248,1790556075.342473745,95.794064,54916,0,19.567399,5.094225,70.918762,0.067615,0.103681,0.042382
1249,1790556075.542901754,97.580820,54907,0,19.238122,6.558941,71.479180,0.070082,0.168499,0.065996
1250,1790556075.643073320,99.336218,54895,0,19.214500,4.904995,74.356280,0.095159,0.682868,0.082416
1251,1790556075.743290424,97.404040,54891,0,19.410267,4.876951,72.862914,0.074846,0.130800,0.048262
1252,1790556075.943686962,100.269838,54917,0,19.264305,4.639348,76.134519,0.069828,0.121252,0.040586
1253,1790556076.043894053,105.469136,54847,0,19.706926,7.561390,77.977580,0.064517,0.117608,0.041115
1254,1790556076.144052744,97.267127,54869,0,19.247694,5.583925,72.133710,0.073744,0.159755,0.068299
1255,1790556076.244253635,96.608889,54896,0,19.245471,4.405090,72.666987,0.076481,0.167000,0.047860
1256,1790556076.444669247,101.133238,54879,0,18.805191,4.167065,77.892543,0.069149,0.136645,0.062645
1257,1790556076.544860363,105.469710,54847,0,19.527864,7.921644,77.776996,0.067229,0.110226,0.065751
1258,1790556076.645063400,95.318052,54911,0,19.520981,4.630452,70.943454,0.074308,0.105269,0.043588
1259,1790556076.745225430,94.972833,54905,0,18.927801,4.477556,71.338476,0.078059,0.106142,0.044799
1260,1790556076.845441580,94.761268,54924,0,19.375390,4.817746,69.932507,0.071568,0.516979,0.047078
1261,1790556077.045866251,104.737320,54919,0,19.893560,7.356912,77.265048,0.064956,0.098568,0.058276
1262,1790556077.146013975,95.307153,54905,0,19.566601,4.594073,70.918332,0.079836,0.102521,0.045790
1263,1790556077.246203184,100.779706,54889,0,20.070102,4.973371,75.455745,0.095016,0.129895,0.055577
1264,1790556077.346470356,104.747255,54903,0,20.079067,4.668148,79.763178,0.067027,0.100007,0.069828
1265,1790556077.446666241,103.049622,54917,0,20.376484,8.500802,73.903650,0.070017,0.133464,0.065205
1266,1790556077.546841621,97.275523,54868,0,20.418391,4.937581,71.678233,0.069841,0.110500,0.060977
1267,1790556077.646998644,98.659825,54915,0,20.423654,4.749260,73.238354,0.084633,0.118468,0.045456
1268,1790556077.847414017,103.030513,54935,0,18.794909,3.922377,80.072600,0.084621,0.110755,0.045251
1269,1790556077.947585344,104.172501,54878,0,19.751857,8.367973,75.759853,0.101318,0.148147,0.043353
1270,1790556078.047770023,96.468972,54881,0,19.888605,5.165153,70.711824,0.086336,0.574785,0.042269
1271,1790556078.147980452,99.592218,54877,0,19.416208,4.549628,75.418302,0.065177,0.102413,0.040490
1272,1790556078.248208523,107.400271,54858,0,19.210203,6.266524,81.543324,0.112362,0.207345,0.060513
1273,1790556078.348392248,100.008095,54891,0,19.374300,6.650813,73.759830,0.069331,0.111242,0.042579
1274,1790556078.448574066,94.527883,54859,0,19.423345,4.372975,70.501303,0.067828,0.118871,0.043561
1275,1790556078.548806667,96.061117,54897,0,19.278061,5.638946,70.920772,0.066680,0.113173,0.043485
1276,1790556078.649001360,96.897675,54948,0,19.945036,5.316683,71.394148,0.068054,0.105811,0.067943
1277,1790556078.749170542,99.269596,54915,0,19.626847,4.369897,75.042884,0.062773,0.102561,0.064634
1278,1790556078.849345207,105.472054,54900,0,19.163932,4.917007,81.165065,0.065186,0.118893,0.041971
1279,1790556078.949558020,102.456349,54921,0,19.966434,7.607895,74.631388,0.069668,0.122716,0.058248
1280,1790556079.049739599,97.668167,54947,0,19.746268,5.349503,71.915276,0.069001,0.539195,0.048924
1281,1790556079.149940491,99.618714,54868,0,19.695938,4.211767,75.474084,0.067091,0.125459,0.044375
1282,1790556079.250129700,107.311653,54918,0,20.240833,4.508818,82.275204,0.076688,0.166014,0.044096
1283,1790556079.350359201,100.845161,54840,0,19.340452,7.120730,74.130342,0.082393,0.126756,0.044488
1284,1790556079.450523853,96.920961,54861,0,19.739015,4.734362,72.214531,0.067849,0.121242,0.043962
1285,1790556079.550952911,95.841106,54861,0,19.645879,4.348057,71.514015,0.086928,0.184459,0.061768
1286,1790556079.650922060,101.167685,54852,0,19.743252,4.502717,76.689847,0.066065,0.102688,0.063116
1287,1790556079.751138926,102.599645,54859,0,19.584802,4.615643,78.137681,0.068342,0.128071,0.065106
1288,1790556079.851313114,104.333370,54923,0,19.546158,8.560030,75.917701,0.098881,0.143695,0.066905
1289,1790556079.951483727,96.306809,54879,0,19.177534,4.613979,72.234168,0.094826,0.126767,0.059535
1290,1790556080.051724911,95.551416,54893,0,19.139710,4.514025,71.089540,0.091333,0.673430,0.043378
1291,1790556080.151878357,96.645942,54880,0,19.696224,4.221880,72.482865,0.069420,0.114280,0.061273
1292,1790556080.252073050,95.163751,54905,0,19.342695,4.170353,71.380649,0.091247,0.119704,0.059103
1293,1790556080.352291584,95.098234,54920,0,19.674092,4.573717,70.629542,0.067192,0.112966,0.040725
1294,1790556080.452495575,100.019240,54924,0,19.848941,4.495404,75.459384,0.065695,0.107619,0.042197
1295,1790556080.552716732,105.930336,54893,0,19.953811,7.765586,77.857422,0.106463,0.171717,0.075337
1296,1790556080.652891874,98.102200,54906,0,19.109715,6.209539,72.523039,0.066571,0.121649,0.071687
1297,1790556080.753056049,94.560051,54905,0,19.018298,4.476044,70.757993,0.104990,0.123259,0.079467
1298,1790556080.853250742,95.475084,54886,0,19.928173,4.560421,70.711167,0.068460,0.149252,0.057611
1299,1790556080.953442097,96.376494,54882,0,19.918126,4.711168,71.497332,0.078909,0.126236,0.044723
1300,1790556081.053676605,96.613255,54898,0,19.397715,4.423254,71.864714,0.093155,0.760782,0.073635
1301,1790556081.153944016,100.817688,54883,0,20.114274,4.550903,75.914159,0.066135,0.121346,0.050871
1302,1790556081.254100561,105.874779,54874,0,20.200086,4.410185,80.915758,0.143563,0.158247,0.046940
1303,1790556081.354254484,101.968532,54874,0,20.201778,7.012325,74.473955,0.066385,0.141235,0.072854
1304,1790556081.454456329,94.952971,54908,0,19.128551,5.023098,70.507731,0.070640,0.165380,0.057571
1305,1790556081.554680109,96.432949,54901,0,19.560519,4.332228,72.182655,0.068738,0.222132,0.066677
1306,1790556081.654851437,101.649204,54889,0,19.858174,4.124057,77.431190,0.065620,0.109827,0.060336
1307,1790556081.755049944,105.169032,54886,0,19.883578,8.185934,76.767000,0.139452,0.124127,0.068941
1308,1790556081.855292320,96.377790,54882,0,19.933651,5.578093,70.591089,0.086352,0.143965,0.044640
1309,1790556081.955410004,101.414468,54863,0,19.706602,6.680095,74.761895,0.073861,0.129112,0.062903
1310,1790556082.055639744,96.234916,54901,0,19.424148,4.870087,71.268424,0.066174,0.562442,0.043641
1311,1790556082.155859947,100.964610,54852,0,19.404880,4.687635,76.648699,0.068362,0.110667,0.044367
1312,1790556082.256059170,105.547021,54876,0,19.736132,4.669871,80.889389,0.081193,0.099672,0.070764
1313,1790556082.456443548,92.277733,54855,0,18.251853,4.193878,69.556097,0.074820,0.153148,0.047937
1314,1790556082.556656837,105.647216,54910,0,19.632896,4.908107,80.872099,0.067410,0.124103,0.042601
1315,1790556082.656849861,101.296184,54858,0,20.022444,6.787297,74.217999,0.085732,0.133144,0.049568
1316,1790556082.757027864,96.066082,54895,0,19.503965,4.479422,71.834582,0.067043,0.123071,0.057999
1317,1790556082.857248068,101.460665,54876,0,19.825599,4.561138,76.777640,0.067176,0.136142,0.092970
1318,1790556082.957421541,104.937915,54921,0,20.251791,7.969277,76.436007,0.066739,0.156005,0.058096
1319,1790556083.057603598,97.005891,54893,0,19.811514,5.461398,71.495782,0.070451,0.122928,0.043818
1320,1790556083.157787085,96.901371,54915,0,19.576382,4.011151,72.465134,0.090909,0.684101,0.073694
1321,1790556083.257985592,103.945820,54899,0,19.830360,4.366800,79.516069,0.069616,0.103779,0.059196
1322,1790556083.358227491,104.537446,54925,0,19.783730,4.493001,80.029306,0.069502,0.117041,0.044866
1323,1790556083.458388567,107.242194,54837,0,19.857787,8.138929,78.960624,0.089786,0.136394,0.058674
1324,1790556083.558602095,98.991406,54903,0,19.651102,6.656733,72.427908,0.064102,0.111612,0.079949
1325,1790556083.658803940,97.043504,54899,0,19.583320,5.460308,71.747007,0.074510,0.114120,0.064239
1326,1790556083.759004116,95.082339,54951,0,19.205312,4.424378,71.143629,0.117381,0.128237,0.063402
1327,1790556083.859200478,95.087731,54912,0,19.050650,4.472003,71.315196,0.081788,0.126196,0.041898
1328,1790556083.959396839,99.313624,54863,0,19.820115,4.601861,74.606585,0.065675,0.128933,0.090455
1329,1790556084.059589148,93.018895,54913,0,20.018317,4.534887,68.185693,0.069092,0.144276,0.066630
1330,1790556084.159794092,80.397724,54891,0,18.841398,3.867034,57.001917,0.076538,0.562640,0.048197
1331,1790556084.259929657,99.721288,54908,0,20.279191,4.974989,74.212673,0.072228,0.120607,0.061600
1332,1790556084.360152721,100.015039,54884,0,19.039080,4.726044,75.984820,0.084267,0.121995,0.058833
1333,1790556084.460566759,97.989624,54903,0,20.273023,4.616781,72.789995,0.086460,0.120750,0.102615
1334,1790556084.560518503,96.731526,54864,0,20.262813,4.244912,71.962390,0.078150,0.135019,0.048242
1335,1790556084.660734892,106.803308,54910,0,19.284165,8.598966,78.688642,0.074253,0.112598,0.044684
1336,1790556084.760964632,104.031787,54886,0,19.559691,7.836753,76.284286,0.134118,0.144233,0.072706
1337,1790556084.861161232,101.659136,54902,0,19.656184,7.847617,73.817016,0.071435,0.194035,0.072849
1338,1790556084.961336136,104.787775,54867,0,19.464506,8.648690,76.461368,0.066822,0.102537,0.043852
1339,1790556085.061537743,98.409260,54924,0,19.993144,8.148075,70.019219,0.097478,0.107328,0.044016
1340,1790556085.161775589,97.844255,54920,0,19.595941,4.878415,72.691072,0.082501,0.548266,0.048060
1341,1790556085.261951685,97.006487,54924,0,19.935599,4.454256,72.412526,0.066142,0.098070,0.039894
1342,1790556085.362131596,96.715992,54862,0,19.181089,5.265623,71.989334,0.067270,0.151751,0.060925
1343,1790556085.462317705,99.183085,54897,0,19.821943,5.760010,73.362189,0.075149,0.116804,0.046990
1344,1790556085.562482595,105.187561,54863,0,19.972658,9.647369,75.277103,0.081450,0.153994,0.054987
1345,1790556085.762933254,103.130623,54841,0,18.273836,4.668850,79.911142,0.107736,0.127654,0.041405
1346,1790556085.863066912,95.775667,54866,0,19.674933,4.113062,71.677265,0.115754,0.146156,0.048497
1347,1790556086.063460827,93.833838,54872,0,19.408909,4.646198,69.498706,0.082764,0.136930,0.060331
1348,1790556086.163689375,93.733886,54910,0,19.457302,4.176563,69.760623,0.115552,0.178772,0.045074
1349,1790556086.263885975,95.139418,54831,0,20.123975,4.916822,69.788470,0.074011,0.184416,0.051724
1350,1790556086.364078283,94.857880,54855,0,19.900063,4.546618,69.728872,0.091973,0.544629,0.045725
1351,1790556086.464270115,94.743367,54880,0,19.633250,4.575579,70.276854,0.082552,0.115424,0.059708
1352,1790556086.564462423,94.669693,54905,0,19.701129,4.210118,70.502481,0.069458,0.141427,0.045080
1353,1790556086.664700985,93.765247,54939,0,19.516321,4.309650,69.659902,0.070150,0.135218,0.074006
1354,1790556086.764903307,92.866205,54915,0,18.571552,4.255165,69.786782,0.078275,0.122846,0.051585
1355,1790556086.865073442,94.022978,54828,0,19.574751,4.268564,69.856271,0.073141,0.190448,0.059803
1356,1790556086.965266466,94.179965,54927,0,19.729203,4.534750,69.670879,0.069547,0.131095,0.044491
1357,1790556087.065458775,93.292782,54905,0,19.791097,4.017109,69.194540,0.069814,0.175549,0.044673
1358,1790556087.165685177,93.629203,54940,0,19.385491,4.247759,69.695368,0.102293,0.114136,0.084156
1359,1790556087.265868187,95.198013,54865,0,20.041982,4.221075,70.709227,0.073647,0.105448,0.046634
1360,1790556087.366046906,93.892219,54885,0,19.349015,4.100324,69.751864,0.068459,0.574302,0.048255
1361,1790556087.466234207,97.195567,54908,0,18.738409,4.527570,73.459779,0.188793,0.215298,0.065718
1362,1790556087.566437721,99.729308,54893,0,19.755900,4.459694,74.997093,0.126747,0.268998,0.120876
1363,1790556087.666658401,97.567169,54895,0,19.688188,4.184978,73.432009,0.075799,0.139680,0.046515
1364,1790556087.766822815,97.953534,54870,0,19.448086,4.026198,74.228825,0.068986,0.135547,0.045892
1365,1790556087.867076397,98.359998,54916,0,19.172602,4.025613,74.853725,0.113976,0.142017,0.052065
1366,1790556087.967215300,98.737638,54876,0,19.827240,4.103330,74.540842,0.081958,0.130790,0.053478
1367,1790556088.067460299,101.526915,54859,0,20.185597,4.753628,76.355636,0.067248,0.120987,0.043819
1368,1790556088.167612076,100.716980,54919,0,19.471250,4.869153,76.148920,0.070263,0.108949,0.048445
1369,1790556088.267823219,100.797615,54892,0,19.928562,4.694823,75.927740,0.081163,0.122474,0.042853
1370,1790556088.368053913,100.473357,54899,0,20.184244,4.790472,74.807052,0.066776,0.574557,0.050256
1371,1790556088.468250036,102.328092,54910,0,19.979435,4.152886,77.971292,0.066948,0.115638,0.041893
1372,1790556088.568404913,101.827662,54913,0,19.612777,4.074306,77.804159,0.081131,0.184450,0.070839
1373,1790556088.668639898,104.596960,54844,0,20.138841,3.899722,80.277967,0.109346,0.103159,0.067925
1374,1790556088.768826485,106.520438,54923,0,19.008831,8.418947,78.838670,0.080713,0.128211,0.045066
1375,1790556088.868997812,102.103167,54925,0,19.574363,7.539905,74.695630,0.079715,0.162188,0.051366
1376,1790556088.969167709,103.382543,54904,0,19.485471,8.280340,75.319128,0.082792,0.121447,0.093365
1377,1790556089.069382429,101.781323,54891,0,19.880415,6.877682,74.719656,0.068309,0.156862,0.078399
1378,1790556089.169625282,99.611670,54884,0,19.752939,8.939398,70.675162,0.087398,0.101151,0.055622
1379,1790556089.370029926,93.892096,54848,0,19.931810,4.227684,69.468967,0.090425,0.121344,0.051866
1380,1790556089.470171690,95.064973,54905,0,19.486586,4.613069,70.211999,0.083178,0.610681,0.059460
1381,1790556089.570338964,94.685385,54917,0,19.740311,4.377692,70.321259,0.070182,0.129793,0.046148
1382,1790556089.670577526,94.642354,54903,0,18.942988,4.821031,70.522679,0.080153,0.202117,0.073386
1383,1790556089.770752668,94.598027,54894,0,20.198935,4.299200,69.757861,0.124014,0.143352,0.074665
1384,1790556089.870954752,98.043545,54896,0,18.997579,4.065209,74.716944,0.080762,0.131616,0.051435
1385,1790556089.971188784,98.491752,54879,0,19.368526,4.250861,74.604120,0.076966,0.133347,0.057932
1386,1790556090.071323395,99.872878,54903,0,19.503151,4.694844,75.367623,0.124751,0.133821,0.048688
1387,1790556090.171514988,104.654154,54883,0,19.694160,4.496850,80.206564,0.083134,0.131164,0.042282
1388,1790556090.271710873,96.281299,54875,0,19.498046,4.246487,72.300129,0.077115,0.116742,0.042780
1389,1790556090.371905804,96.255304,54900,0,19.833451,4.639147,71.537648,0.079246,0.113311,0.052501
1390,1790556090.472129822,95.369816,54888,0,19.947297,4.549207,70.168653,0.069373,0.574337,0.060949
1391,1790556090.572325945,95.046081,54904,0,19.788563,4.430618,70.586386,0.071873,0.121877,0.046764
1392,1790556090.672524452,96.424529,54914,0,19.948541,4.248598,71.962156,0.069453,0.150238,0.045543
1393,1790556090.772725582,95.076099,54870,0,19.904237,4.146014,70.733950,0.100101,0.118350,0.073447
1394,1790556090.872916460,93.460416,54879,0,19.362687,3.990356,69.799700,0.112549,0.145932,0.049192
1395,1790556091.073310137,97.042813,54867,0,19.197114,4.235385,73.359058,0.070679,0.132111,0.048466
1396,1790556091.173500299,96.129623,54862,0,19.767417,4.506084,71.563160,0.104617,0.143916,0.044429
1397,1790556091.273676395,97.421513,54876,0,19.538816,7.254032,70.367050,0.071906,0.141976,0.047733
1398,1790556091.373864889,98.919828,54825,0,19.063741,4.017509,75.588599,0.081730,0.117148,0.051101
1399,1790556091.574314833,97.142435,54947,0,19.808175,4.607347,72.457002,0.091776,0.133626,0.044509
1400,1790556091.674519539,95.860854,54918,0,18.995992,4.102573,71.992621,0.131503,0.588456,0.049709
1401,1790556091.774687052,97.152435,54904,0,19.443545,6.077864,71.371522,0.074884,0.137208,0.047412
1402,1790556091.874879837,99.612009,54876,0,19.555268,6.332497,73.408290,0.080953,0.164605,0.070396
1403,1790556092.075293541,104.258380,54899,0,18.146117,8.287148,77.564716,0.102599,0.111069,0.046731
1404,1790556092.175457716,104.136699,54911,0,19.674401,7.159006,77.042607,0.096139,0.120317,0.044229
1405,1790556092.275649071,93.897171,54927,0,19.572384,4.434563,69.604900,0.093291,0.149351,0.042682
1406,1790556092.476082087,93.252201,54880,0,18.266869,4.940868,69.713143,0.071909,0.178724,0.080688
1407,1790556092.576299429,93.446396,54888,0,19.447010,4.111411,69.586416,0.094846,0.160345,0.046368
1408,1790556092.676449299,94.008201,54873,0,19.394184,4.723492,69.597037,0.086298,0.147671,0.059519
1409,1790556092.776670933,93.935599,54864,0,19.990795,4.406151,69.277684,0.105543,0.112405,0.043021
1410,1790556092.876812696,97.310974,54902,0,19.006682,5.715880,71.844886,0.067190,0.585081,0.091255
1411,1790556092.977035284,99.362974,54866,0,19.933464,7.243035,71.927855,0.079698,0.126961,0.051961
1412,1790556093.177465677,106.106346,54879,0,20.021708,7.591188,78.233509,0.067899,0.115895,0.076147
1413,1790556093.277627945,106.564581,54855,0,19.577305,8.175009,78.573248,0.078669,0.116558,0.043792
1414,1790556093.377842665,102.325472,54907,0,19.425387,7.624839,75.044114,0.070762,0.111461,0.048909
1415,1790556093.478052616,104.931950,54938,0,19.589718,8.480742,76.612054,0.090838,0.116465,0.042133
1416,1790556093.578221083,103.047958,54915,0,19.904347,7.598077,75.319661,0.071915,0.108851,0.045107
1417,1790556093.678439856,102.661972,54885,0,20.603286,7.570969,74.128111,0.088982,0.216206,0.054418
1418,1790556093.778619289,106.740562,54857,0,19.859326,7.112222,79.529093,0.066458,0.129708,0.043755
1419,1790556093.979027987,106.925476,54872,0,19.151651,8.029921,79.484709,0.078269,0.135839,0.045087
1420,1790556094.079238176,108.158355,54881,0,19.726557,8.562399,79.069038,0.065728,0.691797,0.042836
1421,1790556094.179429770,102.191533,54922,0,19.432042,8.663805,73.811700,0.098902,0.135372,0.049712
1422,1790556094.279581785,106.528193,54900,0,19.998220,8.442370,77.762826,0.117758,0.144578,0.062441
1423,1790556094.379792452,103.465938,54920,0,19.723238,8.106117,75.329309,0.082952,0.157887,0.066435
1424,1790556094.479965210,101.954955,54845,0,20.097080,6.899043,74.726178,0.070949,0.112321,0.049384
1425,1790556094.680405617,98.723125,54928,0,18.994053,4.553464,74.934426,0.071173,0.125006,0.045003
1426,1790556094.780575275,103.901102,54932,0,19.019959,4.271193,80.358097,0.082850,0.109898,0.059105
1427,1790556094.880796432,101.741906,54889,0,19.116810,4.824049,77.546561,0.065835,0.144984,0.043667
1428,1790556095.081169128,93.505715,54855,0,19.712843,4.271421,69.271587,0.082262,0.119033,0.048569
1429,1790556095.181372404,112.250461,54867,0,19.699038,7.630147,84.700036,0.072760,0.106362,0.042118
1430,1790556095.381787300,98.378326,54886,0,18.940448,4.393040,74.357746,0.069618,0.569906,0.047568
1431,1790556095.582162619,102.670512,54902,0,18.578225,3.852536,80.026243,0.066284,0.104564,0.042660
1432,1790556095.882713318,94.071061,54845,0,18.987907,7.051391,67.819207,0.066010,0.104112,0.042434
1433,1790556095.982905626,104.739539,54946,0,19.488059,7.384025,77.568331,0.083541,0.165546,0.050037
1434,1790556096.083110332,104.483720,54881,0,19.695193,4.540767,80.038701,0.067295,0.099663,0.042101
1435,1790556096.283491373,105.051385,54904,0,19.328627,6.457971,78.972954,0.084113,0.147421,0.060299
1436,1790556096.483950853,108.443282,54896,0,18.163082,7.777880,82.226605,0.080760,0.147227,0.047728
1437,1790556096.684325218,95.808200,54910,0,19.787260,4.291839,71.431156,0.070656,0.182443,0.044846
1438,1790556096.984961987,95.500499,54794,0,19.547236,4.751468,70.859954,0.073040,0.216482,0.052319
1439,1790556097.085091591,95.524161,54871,0,19.906141,4.535330,70.784195,0.090282,0.139833,0.068380
1440,1790556097.185278177,98.278638,54888,0,18.852089,4.375483,74.158264,0.095482,0.726548,0.070772
1441,1790556097.285481691,100.770070,54879,0,19.649692,4.410760,76.475383,0.081699,0.108562,0.043974
1442,1790556097.385707855,100.188555,54881,0,19.572301,4.919182,75.469263,0.067837,0.114879,0.045093
1443,1790556097.485949993,98.325790,54930,0,18.815320,4.771482,74.498110,0.079883,0.113132,0.047863
1444,1790556097.686260939,92.453508,54930,0,18.295309,4.174916,69.720211,0.073295,0.148505,0.041272
1445,1790556097.786462307,99.773692,54889,0,19.365453,4.789262,75.279544,0.127947,0.165910,0.045576
1446,1790556097.886633635,99.545884,54893,0,19.623091,4.668532,75.006664,0.079356,0.119993,0.048248
1447,1790556098.087057590,94.098158,54903,0,19.141126,4.355045,70.212571,0.148904,0.157298,0.083214
1448,1790556098.187250137,100.610297,54927,0,19.276690,4.907391,76.199716,0.072523,0.109687,0.044290
1449,1790556098.287448406,99.253692,54890,0,19.333231,4.491652,75.197252,0.077764,0.110882,0.042911
1450,1790556098.387646914,100.570744,54908,0,20.003131,4.427985,75.492247,0.070298,0.500168,0.076915
1451,1790556098.487834692,101.699870,54921,0,19.565565,4.557071,77.311034,0.068485,0.119947,0.077768
1452,1790556098.588060856,103.930790,54916,0,19.691614,4.752621,79.222970,0.085315,0.134915,0.043355
1453,1790556098.688238859,106.686067,54903,0,19.521003,7.789687,79.102838,0.072274,0.153275,0.046990
1454,1790556098.788460016,101.597573,54850,0,19.115502,6.876850,75.304737,0.089981,0.129728,0.080775
1455,1790556098.888654947,103.097289,54894,0,20.002963,7.650228,75.203661,0.069660,0.124374,0.046403
1456,1790556098.988854647,102.066466,54859,0,19.944795,6.242700,75.442433,0.111587,0.255062,0.069889
1457,1790556099.089036942,102.277644,54894,0,19.739650,7.379607,74.732093,0.151862,0.206125,0.068307
1458,1790556099.189206362,106.652913,54837,0,19.803363,8.795672,77.774117,0.084803,0.140044,0.054914
1459,1790556099.289417744,102.862068,54921,0,19.944630,7.851669,74.658239,0.135120,0.193868,0.078542
1460,1790556099.389648676,102.187229,54897,0,19.903100,6.582988,74.907160,0.083427,0.651955,0.058599
1461,1790556099.489847660,101.953500,54795,0,19.676656,6.639991,75.332831,0.107975,0.110529,0.085518
1462,1790556099.589972019,105.957126,54899,0,19.661261,8.470017,77.593333,0.068827,0.119344,0.044344
1463,1790556099.690227985,103.921636,54895,0,19.471693,4.377904,79.797981,0.087588,0.143304,0.043166
1464,1790556099.790384531,101.463352,54908,0,20.024034,4.896911,76.271647,0.068040,0.144363,0.058357
1465,1790556099.890600920,98.068846,54924,0,19.733439,4.574316,73.515657,0.100990,0.102336,0.042108
1466,1790556100.090982676,94.837055,54877,0,18.481123,4.593330,71.486107,0.085453,0.132926,0.058116
1467,1790556100.191207409,94.647061,54907,0,19.456668,4.643408,70.297023,0.073366,0.118045,0.058551
1468,1790556100.291399956,94.988356,54856,0,19.500988,4.743184,70.491604,0.073500,0.120965,0.058115
1469,1790556100.391645432,95.462717,54905,0,19.408370,5.347720,70.426350,0.077802,0.127458,0.075017
1470,1790556100.491808414,101.222684,54858,0,20.065086,5.506666,75.005049,0.082411,0.506448,0.057024
1471,1790556100.591961622,102.268587,54868,0,19.668895,4.848977,77.530814,0.073220,0.103778,0.042903
1472,1790556100.692180634,101.621335,54938,0,19.795838,4.253639,77.341081,0.066427,0.106509,0.057841
1473,1790556100.892586708,95.417142,54874,0,19.328817,5.339368,70.465004,0.089134,0.137235,0.057584
1474,1790556100.992745161,96.346593,54899,0,19.937503,4.972824,71.178009,0.087909,0.110379,0.059969
1475,1790556101.092968464,94.172638,54870,0,19.248696,4.592589,70.103349,0.067759,0.113704,0.046541
1476,1790556101.193158865,99.191014,54900,0,19.890809,5.138663,73.859682,0.101448,0.136683,0.063729
1477,1790556101.493698597,94.875982,54908,0,18.688846,5.112806,70.833804,0.081496,0.108458,0.050572
1478,1790556101.593905687,94.733569,54907,0,19.437794,5.039190,69.994550,0.066237,0.138747,0.057051
1479,1790556101.694118500,98.681757,54934,0,19.270559,5.442019,73.428618,0.293934,0.182899,0.063728
1480,1790556101.994682550,97.977134,54912,0,18.403258,5.079149,73.832248,0.075460,0.543792,0.043227
1481,1790556102.195115805,99.687428,54934,0,19.944573,4.615625,74.813577,0.134240,0.131284,0.048129
1482,1790556102.295342684,102.354876,54961,0,20.072755,4.578546,77.443294,0.073401,0.113813,0.073067
1483,1790556102.395558357,101.788248,54878,0,19.954580,4.228756,77.313473,0.083769,0.145045,0.062625
1484,1790556102.495689392,107.675479,54923,0,20.038845,7.106691,80.287056,0.069609,0.130382,0.042896
1485,1790556102.595912695,103.023771,54816,0,19.724965,7.508690,75.468875,0.104384,0.151621,0.065236
1486,1790556102.696070910,102.173969,54930,0,19.642899,7.546266,74.646047,0.096405,0.159826,0.082526
1487,1790556102.896490574,95.684882,54907,0,18.382437,5.952586,71.129177,0.067223,0.109535,0.043924
1488,1790556102.996684790,95.107541,54837,0,20.194342,4.619467,70.045488,0.096295,0.106948,0.045001
1489,1790556103.096858740,95.296330,54862,0,19.777682,4.839263,70.427624,0.075496,0.115355,0.060910
1490,1790556103.197056770,96.170700,54869,0,20.260485,4.751665,70.536331,0.070840,0.505387,0.045992
1491,1790556103.297261238,95.214831,54855,0,19.693830,4.261454,71.001471,0.077567,0.136588,0.043921
1492,1790556103.397456408,95.429944,54890,0,19.631063,5.154991,70.402546,0.067057,0.129564,0.044723
1493,1790556103.497647047,93.307517,54909,0,19.759803,3.975198,69.317983,0.077219,0.128056,0.049258
1494,1790556103.597840548,93.088227,54828,0,19.009463,4.026359,69.816889,0.070474,0.117256,0.047786
1495,1790556103.698067665,94.440711,54924,0,19.369736,4.664593,70.185689,0.066570,0.096846,0.057277
1496,1790556103.798267126,93.788897,54870,0,19.079869,4.651042,69.756534,0.076499,0.132445,0.092508
1497,1790556103.898431778,93.924847,54913,0,18.939607,4.596354,70.007963,0.155297,0.155854,0.069772
1498,1790556103.998622894,99.690742,54928,0,19.533797,4.478510,75.453191,0.075822,0.108922,0.040500
1499,1790556104.098835707,98.807389,54900,0,19.183338,4.447227,74.932977,0.084301,0.115889,0.043657
1500,1790556104.198993444,101.320382,54852,0,19.318979,4.708965,76.581686,0.088318,0.579526,0.042908
1501,1790556104.299211502,100.008835,54946,0,19.095698,4.315089,76.385561,0.067066,0.102133,0.043288
1502,1790556104.399392605,100.422164,54930,0,19.376716,4.610971,76.194677,0.098481,0.100708,0.040611
1503,1790556104.499617100,99.967842,54812,0,19.495287,4.809321,75.327475,0.066100,0.209260,0.060399
1504,1790556104.599938393,99.400825,54932,0,19.523796,4.524646,75.143688,0.067085,0.102628,0.038982
1505,1790556104.700003147,97.644029,54918,0,19.206368,4.962398,73.236535,0.093578,0.104779,0.040371
1506,1790556104.800206900,93.718976,54875,0,19.051733,4.761663,69.537995,0.118903,0.186695,0.061987
1507,1790556104.900371313,94.127514,54893,0,19.576469,4.359911,69.974343,0.071354,0.104493,0.040944
1508,1790556105.000646830,94.173188,54941,0,19.753019,4.517737,69.637018,0.066130,0.157521,0.041763
1509,1790556105.100789070,93.202013,54878,0,18.663455,4.256920,70.065932,0.071219,0.102577,0.041910
1510,1790556105.200993299,100.031745,54966,0,19.587185,4.422761,75.304253,0.124043,0.545347,0.048156
1511,1790556105.301189661,102.685237,54931,0,19.939427,4.231444,78.292741,0.075756,0.103968,0.041901
1512,1790556105.401401997,109.883781,54915,0,20.552713,8.381836,80.562737,0.149882,0.191520,0.045093
1513,1790556105.501611471,102.488162,54875,0,20.118725,7.151513,74.917469,0.087609,0.144877,0.067969
1514,1790556105.601759434,104.971731,54848,0,20.906614,7.827771,75.984945,0.070271,0.133536,0.048594
1515,1790556105.702008009,102.658442,54905,0,20.446072,7.177433,74.689716,0.117553,0.160712,0.066956
1516,1790556105.802195787,104.691402,54943,0,20.289613,7.560198,76.513787,0.084743,0.160589,0.082472
1517,1790556105.902345657,102.081689,54956,0,20.407170,7.532673,73.824260,0.084960,0.141726,0.090900
1518,1790556106.002573252,106.356693,54947,0,19.591492,8.501362,77.956677,0.109898,0.147643,0.049621
1519,1790556106.102742672,105.812723,54876,0,19.814521,7.839937,77.805532,0.100144,0.162209,0.090380
1520,1790556106.202937841,106.464608,54891,0,20.426044,8.777318,76.446008,0.083660,0.658385,0.073193
1521,1790556106.303152084,105.087055,54973,0,20.215653,7.979847,76.567204,0.106729,0.134961,0.082661
1522,1790556106.403357744,105.480526,54936,0,20.203307,4.648678,80.390871,0.069670,0.125157,0.042843
1523,1790556106.603735209,95.800915,54848,0,19.858569,5.073006,70.578371,0.088869,0.151880,0.050220
1524,1790556106.703960896,94.179414,54885,0,19.526903,4.625876,69.758501,0.070856,0.142003,0.055275
1525,1790556106.804155827,95.442624,54932,0,19.823301,4.727045,70.577373,0.108367,0.155095,0.051443
1526,1790556106.904345512,94.072077,54884,0,18.760858,4.253338,70.827316,0.071547,0.116082,0.042936
1527,1790556107.004498005,94.924697,54927,0,19.377606,4.695084,70.564484,0.092275,0.137716,0.057532
1528,1790556107.104722977,94.639912,54931,0,19.579999,5.015667,69.750378,0.086158,0.157633,0.050077
1529,1790556107.305131197,93.851392,54909,0,19.268510,4.500868,69.838358,0.070931,0.126334,0.046391
1530,1790556107.405277252,94.261153,54919,0,18.768669,4.482085,70.376984,0.069854,0.521643,0.041918
1531,1790556107.505499840,93.992022,54965,0,18.500598,4.958865,70.291538,0.067888,0.131747,0.041386
1532,1790556107.605694294,93.976690,54884,0,18.921150,4.725212,70.056425,0.098040,0.118907,0.056956
1533,1790556107.705915213,94.232559,54917,0,19.537457,4.890998,69.551901,0.066649,0.131107,0.054447
1534,1790556107.806063890,98.571218,54931,0,19.675029,5.071637,73.564944,0.083263,0.122524,0.053821
1535,1790556107.906292439,99.966137,54948,0,19.196813,5.149639,75.375256,0.085050,0.112808,0.046571
1536,1790556108.006485462,99.903391,54900,0,19.507776,4.857055,75.294814,0.086781,0.113417,0.043548
1537,1790556108.106702089,99.061897,54862,0,19.400646,4.707059,74.338539,0.171106,0.355554,0.088993
1538,1790556108.206968069,99.247713,54932,0,19.479038,4.910954,74.588147,0.104310,0.118060,0.047204
1539,1790556108.307090759,98.486674,54847,0,19.617471,4.868760,73.564664,0.097358,0.205861,0.132560
1540,1790556108.407277584,99.921228,54847,0,19.615519,4.769904,74.887761,0.083325,0.518738,0.045981
1541,1790556108.507437468,99.167674,54867,0,19.659019,4.377933,74.860715,0.081900,0.132544,0.055563
1542,1790556108.607671976,98.675275,54940,0,19.696908,4.600475,74.000012,0.119100,0.181034,0.077746
1543,1790556108.707876682,96.410738,54945,0,19.622626,4.402031,72.110010,0.101450,0.110107,0.064514
1544,1790556108.808083534,99.801972,54934,0,19.856188,4.478697,75.143106,0.077804,0.179112,0.067065
1545,1790556108.908245325,94.374209,54906,0,18.949317,4.443673,70.757852,0.064055,0.103545,0.055767
1546,1790556109.008442879,95.391578,54921,0,20.168105,4.960990,70.037869,0.064904,0.102619,0.057091
1547,1790556109.108653784,94.946811,54940,0,19.866403,4.170433,70.655310,0.082404,0.105117,0.067144
1548,1790556109.208840609,95.656732,54880,0,21.504044,4.064765,69.835979,0.068155,0.140924,0.042865
1549,1790556109.309057474,94.524327,54927,0,19.908256,4.480572,69.880362,0.064590,0.150169,0.040378
1550,1790556109.409226656,99.277982,54909,0,20.068734,4.301368,74.255102,0.080171,0.524346,0.048261
1551,1790556109.609643936,94.304689,54880,0,19.866720,4.389280,69.774098,0.074838,0.156908,0.042845
1552,1790556109.810038805,92.198461,54948,0,18.317739,4.226246,69.409647,0.074146,0.118871,0.051812
1553,1790556109.910234690,95.218486,54868,0,19.978569,4.563411,70.367204,0.068315,0.159195,0.081792
1554,1790556110.010434151,98.460243,54861,0,19.369787,3.911548,74.702600,0.251104,0.176427,0.048777
1555,1790556110.110630035,97.758877,54850,0,19.663498,4.119473,73.713812,0.073028,0.128936,0.060130
1556,1790556110.210824490,99.857798,54885,0,20.144695,4.308760,75.082698,0.147946,0.128300,0.045399
1557,1790556110.310983896,99.171337,54913,0,19.023142,4.141274,75.649750,0.156453,0.136044,0.064674
1558,1790556110.511353254,93.937131,54910,0,19.082959,4.120551,70.507793,0.067028,0.105227,0.053573
1559,1790556110.611572027,94.967033,54967,0,20.075065,4.251374,70.390174,0.083597,0.124249,0.042574
1560,1790556110.711778402,93.840042,54882,0,19.518214,4.089761,69.447917,0.084957,0.647984,0.051209
1561,1790556110.912166119,93.326830,54923,0,18.451928,4.424167,70.226832,0.065366,0.103548,0.054989
1562,1790556111.012415171,97.652825,55002,0,19.663794,4.161923,73.511161,0.071001,0.181147,0.063799
1563,1790556111.112585545,97.893410,54912,0,19.626306,3.928019,74.081054,0.072477,0.124335,0.061219
1564,1790556111.212759733,96.884134,54885,0,19.451367,4.098370,73.001011,0.084920,0.160056,0.088410
1565,1790556111.312954426,97.454953,54926,0,19.469268,4.048406,73.679054,0.071819,0.139414,0.046992
1566,1790556111.413145304,98.495145,54960,0,19.276639,3.986727,74.958722,0.093834,0.126870,0.052353
1567,1790556111.513373613,98.713074,54925,0,19.238474,4.028325,75.173529,0.097574,0.123399,0.051773
1568,1790556111.613520384,100.349500,54885,0,19.453579,4.253456,76.315779,0.098079,0.146455,0.082152
1569,1790556111.713749170,99.907418,54971,0,19.953880,4.184365,75.448079,0.091541,0.158369,0.071184
1570,1790556111.813905954,98.766873,54932,0,19.849188,4.359323,73.514484,0.235393,0.738070,0.070415
1571,1790556111.914312363,100.352509,54952,0,19.735064,4.532136,75.617870,0.166239,0.241075,0.060125
1572,1790556112.014302254,99.918472,54946,0,20.103639,4.495665,75.077094,0.072207,0.125173,0.044694
1573,1790556112.114515543,99.763666,54942,0,19.717074,4.754125,75.063710,0.067154,0.105106,0.056497
1574,1790556112.214750528,99.744528,54978,0,19.810801,4.679121,74.976502,0.076239,0.141619,0.060246
1575,1790556112.314919710,99.918822,54889,0,20.081992,4.820798,74.753598,0.066856,0.120025,0.075553
1576,1790556112.415138006,99.820072,54920,0,20.058972,5.019476,74.529130,0.069000,0.102132,0.041362
1577,1790556112.515302896,98.715301,54850,0,19.340713,4.561227,74.584775,0.067433,0.102640,0.058513
1578,1790556112.615498304,99.958067,54907,0,19.543122,4.747937,75.436032,0.070648,0.108714,0.051614
1579,1790556112.715760946,98.929035,54919,0,19.379773,4.735394,74.600830,0.069464,0.103001,0.040573
1580,1790556112.815934420,99.943803,54888,0,19.635245,4.541349,75.079236,0.066089,0.579800,0.042084
1581,1790556112.916097879,101.001179,54935,0,19.801575,5.006712,75.940542,0.068132,0.105825,0.078393
1582,1790556113.016289949,99.828530,54926,0,19.603062,5.181849,74.786317,0.066005,0.135186,0.056111
1583,1790556113.216688395,93.496271,54859,0,19.347606,4.387573,69.443690,0.081153,0.177734,0.058515
1584,1790556113.316877127,93.967335,54875,0,19.732649,4.356459,69.583133,0.088233,0.141144,0.065717
1585,1790556113.417072535,93.260432,54871,0,19.234843,4.437326,69.340383,0.070998,0.132928,0.043954
1586,1790556113.517269850,93.031336,54856,0,18.956260,4.368284,69.408485,0.083398,0.161907,0.053002
1587,1790556113.817855120,95.138082,54924,0,20.337702,4.650979,69.843607,0.092741,0.148172,0.064881
1588,1790556113.918054819,95.862849,54909,0,19.893498,5.289954,70.433580,0.085815,0.114738,0.045264
1589,1790556114.018284082,94.687259,54944,0,19.679789,4.740685,69.987849,0.102421,0.132931,0.043584
1590,1790556114.118449688,94.559467,54839,0,19.392680,4.807676,69.518636,0.064495,0.710430,0.065550
1591,1790556114.318863630,93.979265,54928,0,18.879165,4.361678,70.457441,0.087197,0.143634,0.050150
1592,1790556114.419029951,95.371106,54906,0,19.716735,5.156467,70.151984,0.098076,0.193234,0.054610
1593,1790556114.619423151,93.143218,54871,0,19.059423,4.309898,69.556058,0.071227,0.103484,0.043128
1594,1790556114.719623327,98.456028,54953,0,19.704837,4.885818,73.540227,0.103512,0.165626,0.056008
1595,1790556114.920034885,97.463915,54888,0,19.063697,4.747249,73.370414,0.076597,0.150603,0.055355
1596,1790556115.120438337,98.221700,54904,0,19.118113,4.787444,74.022910,0.091488,0.144484,0.057261
1597,1790556115.220638275,93.624363,54967,0,18.580987,4.654650,70.142768,0.070959,0.130403,0.044596
1598,1790556115.320809126,100.079733,54886,0,19.319272,4.832172,75.706432,0.073554,0.106268,0.042035
1599,1790556115.521193504,92.671608,54908,0,17.929210,4.539310,69.933707,0.079286,0.137869,0.052226
1600,1790556115.621387005,98.797017,54951,0,19.311204,4.857093,73.855744,0.091213,0.613179,0.068584
1601,1790556115.721562147,100.072522,54860,0,19.203997,4.927304,75.628641,0.114527,0.155589,0.042464
1602,1790556115.821772575,99.582360,54943,0,19.601747,4.501008,75.260797,0.070934,0.105988,0.041886
1603,1790556115.921997070,99.548241,54885,0,19.782072,4.949886,74.589161,0.070541,0.112570,0.044011
1604,1790556116.022169113,100.498735,54896,0,19.119036,4.832881,76.304929,0.075510,0.125350,0.041029
1605,1790556116.122371912,99.835138,54893,0,19.603691,5.568175,74.423947,0.067473,0.122289,0.049563
1606,1790556116.222578287,99.012665,54886,0,19.142829,5.502225,74.066224,0.105661,0.151087,0.044639
1607,1790556116.422972202,93.698958,54929,0,19.478976,4.554083,69.420087,0.072505,0.125805,0.047502
1608,1790556116.523183823,93.725825,54861,0,19.565325,4.063703,69.835185,0.074291,0.124326,0.062995
1609,1790556116.723570347,95.441940,54908,0,20.084173,4.566304,70.454290,0.091584,0.191428,0.054161
1610,1790556116.823742151,95.038731,54939,0,19.543769,4.809497,70.025141,0.064843,0.554877,0.040604
1611,1790556116.923960924,98.797880,54903,0,19.482441,5.220435,73.714302,0.136760,0.181838,0.062104
1612,1790556117.024138212,100.732634,54864,0,19.308746,5.084009,76.115276,0.071139,0.110328,0.043136
1613,1790556117.124351501,99.847110,54940,0,19.522896,5.244767,74.844407,0.072712,0.118590,0.043738
1614,1790556117.324741125,93.203672,54925,0,18.898693,4.115520,69.936806,0.081802,0.128748,0.042103
1615,1790556117.424901724,97.828060,54908,0,19.306454,4.971900,73.230253,0.096289,0.171786,0.051378
1616,1790556117.625348806,98.747488,54861,0,19.789653,5.212225,73.324050,0.158007,0.203354,0.060199
1617,1790556117.725548983,99.448645,54937,0,19.434707,5.313160,74.466711,0.076502,0.112424,0.045141
1618,1790556117.825711012,99.818478,54897,0,19.566504,5.646328,74.363607,0.073702,0.118056,0.050281
1619,1790556118.026152372,93.543694,54855,0,18.251036,4.837930,70.179079,0.080446,0.142759,0.052444
1620,1790556118.126281261,100.624203,54911,0,19.259844,5.194548,75.285744,0.188153,0.643069,0.052845
1621,1790556118.226523638,96.423802,54951,0,19.707840,5.752396,70.620817,0.118500,0.166544,0.057705
1622,1790556118.426887989,95.270190,54930,0,19.423164,5.089599,70.508330,0.068072,0.138021,0.043004
1623,1790556118.527112246,93.674612,54917,0,18.884287,4.762204,69.795045,0.068603,0.106233,0.058240
1624,1790556118.627328873,99.708891,54827,0,19.615322,4.894578,74.954656,0.093146,0.108063,0.043126
1625,1790556118.727478027,99.298090,54914,0,19.945308,4.556015,74.546557,0.084622,0.121579,0.044009
1626,1790556118.927894354,95.288728,54873,0,19.397862,5.279320,70.390907,0.062971,0.114990,0.042678
1627,1790556119.028069973,94.378078,54896,0,19.633355,4.798816,69.687705,0.105071,0.111790,0.041341
1628,1790556119.228471518,94.175825,54880,0,18.067087,5.243724,70.600877,0.068923,0.123164,0.072050
1629,1790556119.328686476,94.177827,54948,0,18.600647,5.112304,70.220925,0.080917,0.104061,0.058973
1630,1790556119.428865433,94.595260,54882,0,19.480961,4.917663,69.484889,0.066111,0.590923,0.054713
1631,1790556119.629245758,94.067380,54914,0,18.573552,4.894216,70.353721,0.065119,0.118724,0.062048
1632,1790556119.729453087,98.616613,54901,0,19.358326,4.489795,74.399535,0.176009,0.144936,0.048012
1633,1790556119.829600573,99.358200,54923,0,19.371444,4.557247,75.003557,0.211363,0.145662,0.068927
1634,1790556119.929796457,99.638725,54901,0,19.676553,4.555453,74.992667,0.167705,0.197600,0.048747
1635,1790556120.029991627,98.776207,54940,0,19.247054,4.500936,74.697157,0.114648,0.150960,0.065452
1636,1790556120.130186558,100.127648,54907,0,19.472666,4.590437,75.835207,0.073539,0.111976,0.043823
1637,1790556120.230386496,99.063520,54944,0,19.462308,4.341942,75.038940,0.070905,0.107960,0.041465
1638,1790556120.330608845,99.144564,54919,0,19.661768,4.212382,75.037170,0.072201,0.115575,0.045468
1639,1790556120.430812359,98.865003,54935,0,19.277961,4.177140,75.075076,0.149261,0.133975,0.051590
1640,1790556120.531000853,100.499926,54893,0,19.980111,4.256063,75.593504,0.101018,0.528298,0.040932
1641,1790556120.631168842,99.682411,54920,0,19.498267,4.277469,75.691911,0.068535,0.101612,0.044617
1642,1790556120.731395721,98.649004,54958,0,19.294710,4.131560,74.975985,0.067624,0.100410,0.078715
1643,1790556120.831562757,98.906055,54894,0,19.509909,4.229090,74.948663,0.068131,0.106720,0.043542
1644,1790556120.931790829,98.857726,54889,0,19.415860,4.135134,75.076528,0.080964,0.107912,0.041328
1645,1790556121.031989813,98.473795,54961,0,19.808154,4.297193,74.000988,0.150415,0.160400,0.056645
1646,1790556121.132154942,99.705460,54897,0,19.458849,4.404362,75.621344,0.067721,0.111209,0.041975
1647,1790556121.232376099,99.304417,54861,0,19.841954,4.149570,75.090220,0.068458,0.111333,0.042882
1648,1790556121.332565546,94.460629,54924,0,19.886471,4.226201,70.065967,0.082810,0.140069,0.059111
1649,1790556121.432789803,93.620403,54877,0,19.143151,4.192526,69.984163,0.100831,0.135655,0.064077
1650,1790556121.532992601,98.133715,54919,0,19.869806,4.147796,73.105712,0.191142,0.733103,0.086156
1651,1790556121.733382463,92.637549,54894,0,18.618712,4.348061,69.360776,0.075789,0.189534,0.044677
1652,1790556121.833528757,96.872159,54951,0,19.093388,4.011945,73.493820,0.075991,0.151168,0.045847
1653,1790556121.933753252,98.727757,54890,0,19.931985,4.184262,74.346842,0.087897,0.121691,0.055080
1654,1790556122.033951283,101.079027,54967,0,19.950186,4.221936,76.672207,0.077596,0.112311,0.044791
1655,1790556122.134176254,101.440830,54901,0,19.553316,4.551075,77.079183,0.070512,0.117725,0.069019
1656,1790556122.234365463,101.460514,54946,0,19.910423,4.790150,76.484819,0.076015,0.151638,0.047469
1657,1790556122.334538937,94.942015,54936,0,19.897686,5.108293,69.608447,0.077317,0.192158,0.058114
1658,1790556122.434722185,98.119430,54908,0,19.422636,4.471646,73.915457,0.109259,0.156548,0.043884
1659,1790556122.534929037,97.539601,54920,0,19.729115,6.217378,71.338182,0.073920,0.132348,0.048658
1660,1790556122.735341549,98.357048,54926,0,19.715057,4.143671,73.871146,0.065959,0.520285,0.040930
1661,1790556122.835490227,95.011596,54925,0,19.212591,4.115768,71.328570,0.092263,0.173670,0.088734
1662,1790556122.935750723,100.025466,54939,0,19.513221,5.006259,75.230161,0.087859,0.127591,0.060375
1663,1790556123.035912991,94.180853,54921,0,19.393371,4.658301,69.799585,0.087020,0.166010,0.076566
1664,1790556123.136150599,95.409678,54943,0,19.147021,4.515514,71.523508,0.066988,0.101252,0.055395
1665,1790556123.236299992,93.632263,54958,0,19.255275,3.859561,70.276929,0.071016,0.120311,0.049171
1666,1790556123.336494684,93.218216,54959,0,19.132338,4.047982,69.706428,0.099932,0.172399,0.059137
1667,1790556123.436707258,93.422096,55012,0,18.993146,4.405794,69.793405,0.070385,0.117177,0.042189
1668,1790556123.536903620,94.391296,54971,0,19.711872,4.505894,69.867078,0.098384,0.154204,0.053864
1669,1790556123.637097836,97.943521,54955,0,19.455900,4.286100,73.911819,0.077610,0.158855,0.053237
1670,1790556123.837482452,93.490946,54928,0,18.536039,3.966049,70.278979,0.106383,0.556683,0.046813
1671,1790556123.937691927,94.603454,54961,0,19.645937,5.022607,69.665598,0.101280,0.121299,0.046733
1672,1790556124.037870884,95.691969,54961,0,19.876391,5.049383,70.517926,0.078293,0.112169,0.057807
1673,1790556124.138069391,96.495330,54961,0,18.950157,5.983343,71.295102,0.067448,0.128851,0.070429
1674,1790556124.238287210,97.684596,54945,0,19.403565,7.465199,70.502359,0.068071,0.172939,0.072463
1675,1790556124.338486671,94.803768,54914,0,19.490650,5.369704,69.694396,0.073318,0.118236,0.057464
1676,1790556124.438649178,94.736169,54947,0,19.413707,5.329789,69.758442,0.066294,0.126037,0.041900
1677,1790556124.538855791,97.925561,54953,0,19.846770,6.699580,71.107333,0.076601,0.135771,0.059506
1678,1790556124.639069080,95.381578,54839,0,19.504044,5.666773,69.940064,0.068846,0.129370,0.072481
1679,1790556124.739258528,95.098788,54955,0,19.719849,5.190152,69.952100,0.069255,0.105845,0.061587
1680,1790556124.839440107,94.385486,54937,0,19.887379,4.924154,68.935826,0.067356,0.504678,0.066093
1681,1790556124.939667702,94.301562,54896,0,19.459736,4.605550,70.000217,0.074000,0.116675,0.045384
1682,1790556125.039837122,96.073535,54902,0,20.087768,4.542995,71.133220,0.079325,0.175364,0.054863
1683,1790556125.140028000,93.964430,54949,0,19.414454,4.826654,69.475038,0.081862,0.107703,0.058719
1684,1790556125.240251541,95.527354,54978,0,19.350964,5.794250,70.096954,0.066220,0.161143,0.057823
1685,1790556125.340415716,98.537645,54946,0,19.974411,6.916266,71.377133,0.081137,0.133969,0.054729
1686,1790556125.440612793,97.049942,54919,0,19.720987,6.301611,70.779190,0.070512,0.131905,0.045737
1687,1790556125.540817499,94.915477,54930,0,19.732682,4.966609,69.943650,0.069381,0.154873,0.048282
1688,1790556125.641039610,94.383743,54900,0,19.399772,4.808287,69.906320,0.103715,0.107006,0.058643
1689,1790556125.741237879,94.103650,54853,0,19.005335,4.942318,69.921687,0.071275,0.113354,0.049681
1690,1790556125.841395617,94.688974,54916,0,19.592542,4.898378,69.495573,0.067817,0.592122,0.042542
1691,1790556125.941592693,94.510692,54913,0,19.895322,4.553138,69.826142,0.068177,0.110634,0.057279
1692,1790556126.041861057,93.704479,54929,0,19.049382,4.769110,69.607373,0.069188,0.113836,0.095590
1693,1790556126.141998529,93.228941,54926,0,19.766811,4.413484,68.827673,0.065823,0.100701,0.054449
1694,1790556126.242187500,100.606742,54899,0,19.530132,6.060999,74.675973,0.102225,0.169059,0.068354
1695,1790556126.442594290,93.027048,54921,0,18.509057,4.497829,69.794570,0.067530,0.100733,0.057329
1696,1790556126.542804956,93.975262,54870,0,19.190228,4.469888,70.050151,0.076544,0.128129,0.060322
1697,1790556126.642992973,97.198101,54902,0,19.940865,5.604652,71.389484,0.082670,0.136086,0.044344
1698,1790556126.743140936,106.675242,54904,0,19.393218,6.734829,80.230768,0.115356,0.128285,0.072786
1699,1790556126.843412161,106.913537,54937,0,18.586209,7.238811,80.880325,0.066457,0.101450,0.040285
1700,1790556127.043785572,95.025294,54915,0,19.540736,4.461615,70.358294,0.069305,0.534607,0.060737
1701,1790556127.143974066,93.487815,54848,0,19.254697,4.243442,69.707633,0.071082,0.162044,0.048917
1702,1790556127.244146109,97.355385,54891,0,19.510823,6.430615,71.147376,0.076938,0.131793,0.057840
1703,1790556127.344376087,95.328777,54930,0,19.540591,4.493728,71.049088,0.077985,0.122539,0.044846
1704,1790556127.444513559,94.836033,54870,0,19.796328,4.716414,70.080321,0.073660,0.125261,0.044049
1705,1790556127.544739008,95.547145,54930,0,19.160095,5.966628,70.138712,0.093382,0.135228,0.053100
1706,1790556127.644931316,93.077412,54936,0,18.941010,4.039041,69.842153,0.080962,0.126725,0.047521
1707,1790556127.745124817,94.888813,54902,0,20.166306,4.364382,70.041483,0.110988,0.156251,0.049403
1708,1790556127.845338106,96.551984,54899,0,19.897650,5.252030,71.149052,0.084049,0.115853,0.053350
1709,1790556127.945519447,101.880831,54893,0,19.862391,7.330191,74.343614,0.090221,0.187417,0.066997
1710,1790556128.045713902,104.247239,54937,0,19.438359,8.031804,76.081100,0.083912,0.552678,0.059386
1711,1790556128.145910740,99.856832,54896,0,20.067051,4.825755,74.684121,0.107414,0.124660,0.047831
1712,1790556128.246109724,95.678168,54899,0,20.313067,4.683092,70.455970,0.070844,0.112057,0.043138
1713,1790556128.346305370,96.148515,54914,0,20.387926,4.853125,70.573480,0.087665,0.175217,0.071102
1714,1790556128.446472883,96.788354,54896,0,19.734448,4.783508,71.788149,0.109977,0.267103,0.105169
1715,1790556128.546694517,96.319343,54960,0,19.810887,5.207378,71.079250,0.070879,0.106793,0.044156
1716,1790556128.646905661,95.066374,54910,0,19.640661,4.813356,70.355445,0.079364,0.125146,0.052402
1717,1790556128.747086048,94.011303,54920,0,18.933077,4.451428,70.363888,0.079254,0.136952,0.046704
1718,1790556128.847285986,93.924998,54967,0,18.843083,4.446715,70.378605,0.078478,0.126974,0.051143
1719,1790556128.947453976,94.381003,54910,0,19.361416,4.541516,70.212355,0.083589,0.131784,0.050343
1720,1790556129.047688961,94.873873,54908,0,19.211746,4.600685,70.296541,0.079212,0.628580,0.057109
1721,1790556129.148007154,95.081155,54937,0,19.533937,4.737291,70.524775,0.076504,0.159148,0.049500
1722,1790556129.248086691,94.088538,54911,0,19.328334,4.218812,70.280097,0.082646,0.129794,0.048855
1723,1790556129.348322153,93.660417,54933,0,18.906282,4.388212,70.085404,0.089005,0.137651,0.053863
1724,1790556129.448506355,94.512429,54955,0,19.274543,4.915220,70.076114,0.076588,0.122689,0.047275
1725,1790556129.548665524,95.129402,54930,0,19.404319,5.147489,70.263054,0.081395,0.171778,0.061367
1726,1790556129.648913145,93.034523,54892,0,18.414292,4.045049,70.346836,0.072579,0.105451,0.050316
1727,1790556129.749048233,98.252987,54883,0,18.712890,4.641061,73.965965,0.316044,0.458001,0.159026
1728,1790556129.849236250,94.198493,54887,0,19.184517,4.597686,70.172720,0.084070,0.118231,0.041269
1729,1790556129.949446440,98.680856,54880,0,19.516213,4.648374,74.115862,0.109865,0.213427,0.077115
1730,1790556130.049636841,98.247512,54950,0,19.342374,4.496256,73.429815,0.201648,0.712334,0.065085
1731,1790556130.149866819,101.032213,54933,0,19.694572,4.576513,76.545410,0.070874,0.102581,0.042263
1732,1790556130.250072718,99.511636,54903,0,19.599331,4.800806,74.881981,0.082028,0.104568,0.042922
1733,1790556130.350229263,99.489247,54897,0,19.551744,4.871187,74.846085,0.070805,0.107189,0.042237
1734,1790556130.450400829,95.037927,54913,0,19.312802,4.881368,70.577662,0.085330,0.127795,0.052970
1735,1790556130.550640345,95.364359,54903,0,19.260011,4.725975,71.086533,0.073164,0.162624,0.056052
1736,1790556130.650815964,94.786108,54904,0,19.714042,4.486956,70.287705,0.108475,0.139670,0.049260
1737,1790556130.851239443,94.086496,54896,0,18.874736,4.443411,70.532788,0.081580,0.109162,0.044819
1738,1790556130.951380968,94.644182,54871,0,18.980754,4.758171,70.652575,0.070588,0.115810,0.066284
1739,1790556131.051618338,94.438321,54890,0,19.146148,4.947941,70.049345,0.091846,0.154636,0.048405
1740,1790556131.151767969,95.823083,54859,0,19.752123,4.937969,70.345588,0.099729,0.599617,0.088057
1741,1790556131.252053499,95.240924,54924,0,19.509876,4.978740,70.450086,0.074596,0.180348,0.047278
1742,1790556131.352234602,94.359985,54874,0,19.699321,4.784860,69.531485,0.108801,0.179855,0.055663
1743,1790556131.552625179,93.814887,54921,0,19.374126,4.620050,69.586186,0.069684,0.122298,0.042543
1744,1790556131.652781487,95.492834,54878,0,19.657422,4.744892,70.597061,0.140248,0.239323,0.113888
1745,1790556131.752966642,96.052424,54868,0,20.453403,4.600304,70.673712,0.134383,0.146811,0.043811
1746,1790556132.053545237,93.922919,54884,0,19.695691,4.162742,69.780250,0.088986,0.142827,0.052423
1747,1790556132.153775454,94.396084,54948,0,18.848410,4.431890,70.842184,0.086695,0.130025,0.056880
1748,1790556132.253962040,94.993449,54925,0,19.741595,4.716310,70.305547,0.070307,0.116720,0.042970
1749,1790556132.354170322,94.809271,54922,0,18.993794,4.599078,70.809120,0.086053,0.222286,0.098940
1750,1790556132.454344034,94.375577,54876,0,18.687944,4.335961,70.607906,0.096673,0.583659,0.063434
1751,1790556132.554566145,94.351383,54908,0,19.323493,4.445600,70.347429,0.072899,0.117386,0.044576
1752,1790556132.654777288,93.704800,54907,0,19.013266,4.287329,70.112308,0.088309,0.146484,0.057104
1753,1790556132.754968166,93.899813,54952,0,18.954630,4.095189,70.352203,0.129896,0.276148,0.091747
1754,1790556132.855150223,95.094270,54903,0,19.845718,4.707189,70.235958,0.082007,0.165068,0.058330
1755,1790556132.955367565,97.224623,54959,0,19.024427,4.530497,73.438209,0.069016,0.105600,0.056874
1756,1790556133.055567265,97.643824,54892,0,19.255500,4.589878,73.543171,0.068073,0.106753,0.080449
1757,1790556133.155752420,93.977369,54918,0,19.057855,4.299613,70.397503,0.069743,0.110939,0.041716
1758,1790556133.255918026,93.584195,54942,0,18.902234,4.236486,70.214548,0.069210,0.115179,0.046538
1759,1790556133.356135845,94.839649,54923,0,19.495781,4.590796,70.505573,0.068814,0.136889,0.041796
1760,1790556133.456318617,95.108351,54911,0,19.516330,4.728329,70.188895,0.071030,0.558600,0.045167
1761,1790556133.556514025,96.616428,54882,0,20.553503,5.289687,70.536367,0.064295,0.119709,0.052867
1762,1790556133.656706333,94.148331,54889,0,19.505312,4.453262,69.938863,0.072131,0.127859,0.050904
1763,1790556133.756897688,93.926966,54914,0,18.560599,4.345296,70.788081,0.074067,0.111439,0.047484
1764,1790556133.857112885,93.744067,54946,0,18.908738,4.759373,69.869968,0.064987,0.100330,0.040671
1765,1790556133.957286358,101.077057,54899,0,20.427893,5.643226,74.742849,0.071550,0.110687,0.080852
1766,1790556134.057526112,102.580714,54915,0,21.130988,5.294211,75.887310,0.080942,0.138176,0.049087
1767,1790556134.157694817,99.967517,54949,0,20.122141,4.803313,74.756713,0.112261,0.109903,0.063186
1768,1790556134.257909536,99.229610,54917,0,19.930207,4.333345,74.672844,0.077657,0.136186,0.079371
1769,1790556134.358103991,95.936454,54884,0,20.063714,4.243785,71.323610,0.106346,0.144762,0.054237
1770,1790556134.458273172,106.235234,54898,0,20.528891,4.251974,80.832176,0.066801,0.490901,0.064491
1771,1790556134.558464289,104.809698,54889,0,20.360734,7.775670,76.410923,0.075163,0.115927,0.071281
1772,1790556134.658699036,101.253326,54913,0,20.071002,4.646449,76.254029,0.087488,0.144427,0.049931
1773,1790556134.758851051,100.744704,54946,0,20.574135,4.707853,75.101850,0.086616,0.211775,0.062475
1774,1790556134.859053612,98.793367,54861,0,20.140817,4.293791,74.125368,0.071407,0.116628,0.045356
1775,1790556134.959247351,105.101322,54873,0,19.809401,8.190005,76.823538,0.068654,0.165227,0.044497
1776,1790556135.059492826,105.887554,54929,0,19.993155,8.549627,77.106710,0.066751,0.118672,0.052639
1777,1790556135.159648418,102.569915,54909,0,20.276471,7.887417,74.056802,0.117853,0.166406,0.064966
1778,1790556135.259876490,103.692639,54861,0,19.890549,7.307250,76.192096,0.074347,0.164336,0.064061
1779,1790556135.360071182,96.082899,54909,0,20.062402,5.024785,70.715107,0.067409,0.154581,0.058615
1780,1790556135.460239887,100.842237,54905,0,20.116560,6.535607,73.543006,0.070693,0.516187,0.060184
1781,1790556135.560444832,99.605603,54853,0,20.268157,5.024413,74.038351,0.070473,0.125343,0.078866
1782,1790556135.660663128,102.348743,54915,0,20.244873,5.517467,76.369743,0.066551,0.103926,0.046183
1783,1790556135.760855913,106.527694,54895,0,20.137537,9.550916,76.528600,0.081841,0.134796,0.094004
1784,1790556135.961261034,94.794584,54930,0,18.997766,5.037021,70.487179,0.109199,0.106596,0.056823
1785,1790556136.061425209,98.774961,54862,0,19.472619,6.941663,72.056856,0.090080,0.154261,0.059482
1786,1790556136.161605835,106.692511,54924,0,19.784657,8.938605,77.637989,0.126877,0.121454,0.082929
1787,1790556136.261774302,95.404385,54922,0,19.740385,4.400952,70.983067,0.137044,0.102089,0.040848
1788,1790556136.362005472,95.134870,54848,0,19.452239,4.458387,70.768112,0.087850,0.252419,0.115863
1789,1790556136.462167740,94.467175,54941,0,20.134066,4.549493,69.502701,0.105641,0.110678,0.064596
1790,1790556136.562387943,94.585829,54876,0,19.840572,4.299634,69.687780,0.068619,0.643313,0.045911
1791,1790556136.662560463,94.978061,54887,0,20.196384,4.398078,70.135924,0.068968,0.136124,0.042583
1792,1790556136.762787342,95.731620,54948,0,20.331536,4.557452,70.460235,0.102758,0.174427,0.105212
1793,1790556136.862984896,98.389748,54933,0,19.750965,6.550012,71.788775,0.095149,0.146015,0.058832
1794,1790556136.963179350,106.124192,54873,0,19.767407,8.464563,77.631456,0.073137,0.120904,0.066725
1795,1790556137.063369036,95.582369,54867,0,19.988668,4.258036,71.067136,0.099460,0.124267,0.044802
1796,1790556137.163556099,95.606161,54934,0,19.615399,4.419042,71.163468,0.138438,0.194948,0.074866
1797,1790556137.263759613,94.966126,54872,0,19.507652,4.368239,70.787339,0.085471,0.172171,0.045254
1798,1790556137.363962412,94.345783,54900,0,19.649916,4.418024,70.027597,0.070796,0.118553,0.060897
1799,1790556137.464170933,94.605096,54916,0,19.830949,4.414399,70.076572,0.085419,0.153206,0.044551
1800,1790556137.564332247,94.173338,54911,0,20.042752,4.085235,69.299602,0.082198,0.618171,0.045380
1801,1790556137.664545774,94.607882,54916,0,19.546883,4.484774,70.304938,0.072111,0.138500,0.060676
1802,1790556137.764754057,96.063829,54866,0,20.264301,4.158568,71.359738,0.094477,0.140985,0.045760
1803,1790556137.864951134,95.010145,54914,0,19.858422,4.649725,70.264317,0.070224,0.123036,0.044421
1804,1790556137.965111256,95.583532,54895,0,19.245241,5.211197,70.890825,0.070972,0.120094,0.045203
1805,1790556138.065338135,96.962033,54901,0,19.901663,6.103330,70.695143,0.069965,0.139685,0.052247
1806,1790556138.165543318,97.134426,54910,0,20.295399,5.829074,70.761642,0.077911,0.124380,0.046020
1807,1790556138.265704393,99.123446,54883,0,20.366279,6.337212,72.139003,0.084862,0.139819,0.056271
1808,1790556138.365934610,98.096875,54942,0,19.927530,6.419433,71.419904,0.112538,0.158000,0.059470
1809,1790556138.466121912,97.317975,54862,0,20.669064,5.848739,70.554298,0.076320,0.124794,0.044760
1810,1790556138.566340208,99.513237,54916,0,20.116185,6.924337,71.760751,0.083339,0.573808,0.054817
1811,1790556138.666552305,105.444922,54926,0,19.557567,9.157459,76.519927,0.066289,0.101656,0.042024
1812,1790556138.766749144,98.098163,54937,0,19.937864,4.812575,73.145325,0.064329,0.097744,0.040326
1813,1790556138.866911888,95.573490,54922,0,20.259760,4.752294,70.295008,0.090303,0.116844,0.059281
1814,1790556138.967136621,96.309514,54929,0,20.216858,4.933802,70.885298,0.081799,0.126010,0.065747
1815,1790556139.067333221,98.529464,54922,0,19.970898,6.026801,72.275639,0.082984,0.124544,0.048598
1816,1790556139.167516947,100.340950,54912,0,19.782693,6.837593,73.499818,0.069460,0.108128,0.043258
1817,1790556139.267721176,107.622016,54872,0,19.198498,8.548337,79.602180,0.085646,0.130681,0.056674
1818,1790556139.367931843,105.835600,54931,0,19.442906,7.956913,78.206201,0.065973,0.117612,0.045995
1819,1790556139.468093634,105.361351,54907,0,19.323624,8.477913,77.308621,0.066669,0.126580,0.057944
1820,1790556139.568307161,103.269812,54867,0,19.893274,8.186856,74.376587,0.119297,0.638609,0.055189
1821,1790556139.668479204,107.155596,54940,0,20.051861,8.565214,78.258489,0.128661,0.105971,0.045400
1822,1790556139.768672705,103.575248,54920,0,19.648542,7.860395,75.807928,0.076832,0.127639,0.053912
1823,1790556139.868874788,102.136455,54882,0,19.858857,7.216010,74.791202,0.084862,0.128269,0.057255
1824,1790556139.969068527,103.799949,54876,0,19.888597,6.540557,77.125271,0.067758,0.133298,0.044468
1825,1790556140.069265366,102.610492,54892,0,19.929606,6.867125,75.481586,0.107332,0.168103,0.056740
1826,1790556140.169428825,105.722005,54889,0,19.779284,9.101242,76.566473,0.104462,0.122431,0.048113
1827,1790556140.269649267,108.100633,54909,0,20.004812,7.552529,80.224434,0.119914,0.138561,0.060383
1828,1790556140.369862795,102.102955,54859,0,19.622285,4.328294,77.862210,0.111677,0.104462,0.074027
1829,1790556140.470058918,96.313107,54879,0,19.540456,4.501785,72.002020,0.065246,0.145474,0.058126
1830,1790556140.570243120,96.651761,54932,0,20.423125,4.746551,70.858166,0.064117,0.504495,0.055307
1831,1790556140.670437336,101.873272,54895,0,19.858783,8.030291,73.669124,0.091963,0.170321,0.052790
1832,1790556140.770648241,102.014763,54900,0,19.790502,4.304931,77.672197,0.073181,0.122968,0.050984
1833,1790556140.970997810,95.554453,54881,0,19.872070,4.491259,70.886760,0.076587,0.153173,0.074604
1834,1790556141.071218967,95.624007,54898,0,20.431684,4.827700,70.057720,0.072325,0.173742,0.060836
1835,1790556141.171411276,96.621469,54938,0,20.868877,5.147433,70.265648,0.112633,0.166095,0.060783
1836,1790556141.272528172,93.761024,54892,0,18.984555,4.612758,69.895482,0.074369,0.148615,0.045245
1837,1790556141.371847391,96.448402,54892,0,20.670640,5.115458,70.424095,0.071648,0.122843,0.043718
1838,1790556141.471987963,94.608829,54932,0,19.838042,4.422436,70.053737,0.072769,0.158807,0.063038
1839,1790556141.572229862,95.337731,54899,0,20.151157,4.844369,70.072723,0.071765,0.132746,0.064971
1840,1790556141.772649765,96.003338,54834,0,19.484629,4.960547,70.844763,0.078604,0.581380,0.053415
1841,1790556141.872790813,96.046907,54945,0,19.658642,4.810081,71.277409,0.071079,0.181358,0.048338
1842,1790556142.073190928,93.899034,54908,0,18.670377,4.930473,70.010294,0.078600,0.155898,0.053392
1843,1790556142.173383236,95.032749,54905,0,19.591684,4.788086,70.403818,0.070466,0.118608,0.060087
1844,1790556142.373772621,95.433559,54866,0,19.660100,4.178012,71.306448,0.087925,0.155308,0.045766
1845,1790556142.473968983,94.846623,54960,0,19.644369,4.706965,70.175386,0.104849,0.169127,0.045927
1846,1790556142.574165344,93.874652,54928,0,18.943182,4.458175,70.218747,0.072597,0.123610,0.058341
1847,1790556142.674386263,94.717011,54897,0,19.246265,4.849898,70.323485,0.090610,0.161329,0.045424
1848,1790556142.774579048,94.423960,54907,0,19.712172,4.345597,70.111124,0.068657,0.135653,0.050757
1849,1790556142.874750614,97.005949,54850,0,20.018506,5.971397,70.799711,0.066554,0.107794,0.041987
1850,1790556142.974956751,100.525718,54878,0,19.446087,6.934739,73.282807,0.152186,0.662145,0.047754
1851,1790556143.075141907,106.135445,54895,0,19.836220,8.892358,77.097730,0.083891,0.176961,0.048285
1852,1790556143.175369263,105.339848,54888,0,20.060968,7.641479,77.338018,0.074017,0.165519,0.059847
1853,1790556143.275552750,103.195064,54880,0,19.823221,8.619187,74.456117,0.091566,0.155521,0.049452
1854,1790556143.375754595,105.451444,54938,0,19.672541,8.583458,76.941400,0.068138,0.136242,0.049665
1855,1790556143.476013899,106.935661,54949,0,19.505320,8.417676,78.779753,0.067909,0.118503,0.046500
1856,1790556143.576148748,106.627832,54921,0,19.439624,8.401094,78.550620,0.071096,0.120392,0.045006
1857,1790556143.676321983,105.551240,54906,0,19.889893,8.951921,76.435390,0.106326,0.123023,0.044687
1858,1790556143.776563168,105.482408,54935,0,19.330491,8.843903,77.065053,0.069763,0.128743,0.044455
1859,1790556143.876735926,97.204384,54856,0,19.569660,4.518379,72.877705,0.084105,0.111662,0.042873
1860,1790556143.976953745,96.395560,54916,0,19.069628,4.752012,71.905741,0.071865,0.541075,0.055239
1861,1790556144.077146053,97.908335,54905,0,18.883303,5.506650,73.272852,0.067949,0.118436,0.059145
1862,1790556144.177306175,100.500525,54899,0,19.647433,7.400287,73.106782,0.086172,0.180670,0.079181
1863,1790556144.277493000,105.173694,54925,0,19.563630,7.610790,77.736324,0.067137,0.130363,0.065450
1864,1790556144.377793074,101.083943,54906,0,19.505768,4.501852,76.865581,0.066166,0.101427,0.043149
1865,1790556144.478020430,95.878125,54930,0,19.467357,4.639382,71.562866,0.066055,0.102497,0.039968
1866,1790556144.578108788,97.578926,54914,0,19.830113,4.430940,73.044532,0.071605,0.146881,0.054855
1867,1790556144.678313255,96.536975,54922,0,20.062307,4.584501,71.628508,0.068586,0.144634,0.048439
1868,1790556144.778512239,103.918145,54928,0,19.675456,8.213110,75.745744,0.097344,0.138418,0.048073
1869,1790556144.878710032,105.503598,54944,0,19.103371,8.681056,77.470415,0.095200,0.106679,0.046877
1870,1790556145.079064131,105.447358,54858,0,19.340602,8.425048,76.992336,0.066383,0.563710,0.059279
1871,1790556145.179293633,102.871481,54903,0,20.343082,7.940818,74.262963,0.111903,0.164418,0.048297
1872,1790556145.279465199,106.324042,54905,0,19.924679,8.935389,77.156466,0.100022,0.145032,0.062454
1873,1790556145.379689693,107.532675,54916,0,20.374386,7.888961,79.044539,0.065331,0.100880,0.058578
1874,1790556145.479887009,106.230382,54893,0,20.088147,8.557467,77.340636,0.082982,0.101843,0.059307
1875,1790556145.680276394,93.315550,54894,0,18.230637,4.055047,70.695291,0.095949,0.167449,0.071177
1876,1790556145.780448198,94.626711,54902,0,19.410124,4.550222,70.363398,0.078745,0.161881,0.062341
1877,1790556145.880670547,100.461083,54888,0,19.703672,4.193953,76.202238,0.187984,0.126784,0.046452
1878,1790556146.081035376,93.253483,54905,0,18.980691,4.258184,69.781431,0.071426,0.117772,0.043979
1879,1790556146.181224108,94.913850,54893,0,19.728654,4.387027,70.486511,0.103604,0.159845,0.048209
1880,1790556146.281433821,94.263857,54855,0,19.120920,4.495053,69.888310,0.094491,0.557803,0.107280
1881,1790556146.381656170,94.508185,54905,0,19.615327,4.126793,70.506121,0.072886,0.140418,0.046640
1882,1790556146.481818438,93.800838,54961,0,19.572924,4.300984,69.643438,0.085923,0.151286,0.046283
1883,1790556146.582055330,94.655661,54856,0,19.790306,4.364931,70.248058,0.071339,0.124612,0.056415
1884,1790556146.682212591,93.247652,54900,0,19.142104,4.068298,69.778735,0.083511,0.126870,0.048134
1885,1790556146.782411814,94.926745,54884,0,19.485478,4.551995,70.597567,0.082182,0.166750,0.042773
1886,1790556146.982800722,93.242487,54952,0,18.771516,3.965257,70.208012,0.085864,0.165365,0.046473
1887,1790556147.583993912,102.766543,54904,0,18.611451,3.784642,80.089006,0.064880,0.133221,0.083343
1888,1790556147.684184790,106.652958,54906,0,19.603208,9.002573,77.788906,0.079465,0.125511,0.053295
1889,1790556147.784366131,102.902631,54927,0,20.095495,7.106592,75.394795,0.085733,0.119553,0.100463
1890,1790556147.884608984,102.784180,54866,0,19.690411,6.981459,75.357247,0.069626,0.620836,0.064601
1891,1790556147.984749794,102.746621,54910,0,20.069616,8.079917,74.363308,0.072195,0.113334,0.048251
1892,1790556148.084950924,107.454346,54912,0,19.857084,8.743168,78.617988,0.071224,0.120910,0.043972
1893,1790556148.185140848,105.679347,54889,0,19.572120,9.000299,76.835550,0.107337,0.116434,0.047607
1894,1790556148.285373449,106.460881,54892,0,18.924464,8.924493,78.343618,0.076457,0.147460,0.044389
1895,1790556148.385567665,105.170557,54866,0,19.216714,7.448748,78.295889,0.065235,0.100755,0.043216
1896,1790556148.585941076,97.085690,54927,0,18.531190,6.344909,71.946376,0.078167,0.119086,0.065962
1897,1790556148.686131954,99.669536,54890,0,19.422934,6.503118,73.463204,0.075584,0.147682,0.057014
1898,1790556148.886560440,100.329619,54925,0,20.129806,4.414935,75.539284,0.080002,0.120868,0.044724
1899,1790556149.086956501,92.747135,54922,0,17.959370,4.101276,70.400874,0.086657,0.150282,0.048676
1900,1790556149.187140942,101.626251,54889,0,19.889427,4.876628,76.071008,0.087274,0.658324,0.043590
1901,1790556149.287333488,103.854081,54890,0,19.743072,4.652846,79.202570,0.082686,0.132031,0.040876
1902,1790556149.387552023,98.633008,54908,0,20.439529,4.512340,73.407446,0.095817,0.118692,0.059184
1903,1790556149.487726688,97.631120,54912,0,19.838045,4.531813,73.009338,0.072540,0.126219,0.053165
1904,1790556149.587929010,95.539372,54896,0,19.890284,5.204485,70.198058,0.082659,0.121230,0.042656
1905,1790556149.688122034,94.247892,54905,0,19.742220,4.856040,69.421763,0.072797,0.108868,0.046204
1906,1790556149.788306952,95.756413,54914,0,20.327236,4.596845,70.583967,0.071405,0.127088,0.049872
1907,1790556149.988713980,96.493622,54838,0,19.590927,6.683813,69.955459,0.064954,0.104045,0.094424
1908,1790556150.088908911,97.536062,54941,0,19.777526,6.223140,71.306423,0.065771,0.105685,0.057517
1909,1790556150.189099312,101.976467,54886,0,19.743119,7.872205,74.103734,0.072843,0.137286,0.047280
1910,1790556150.289295673,107.609518,54954,0,19.783936,9.681476,77.413903,0.067647,0.598798,0.063758
1911,1790556150.389486313,107.251014,54893,0,19.538822,9.549913,77.926240,0.070653,0.120599,0.044787
1912,1790556150.489678144,102.813890,54904,0,19.672835,7.910532,74.952063,0.104338,0.113201,0.060921
1913,1790556150.589890480,107.113636,54850,0,20.166025,7.103925,79.593558,0.065263,0.128399,0.056466
1914,1790556150.690060139,103.440241,54929,0,19.805313,7.923499,75.465743,0.067618,0.131429,0.046639
1915,1790556150.790278912,103.231731,54925,0,19.579191,8.051390,75.310011,0.104607,0.131646,0.054886
1916,1790556150.890461206,104.595113,54877,0,19.754604,7.427562,77.137900,0.066043,0.126458,0.082546
1917,1790556150.990669727,102.786127,54923,0,19.944036,7.320267,75.242923,0.067819,0.159035,0.052047
1918,1790556151.090875626,105.854596,54906,0,19.366204,8.269566,77.860262,0.111452,0.184626,0.062486
1919,1790556151.191061974,104.995871,54885,0,19.553646,4.510610,80.706749,0.081878,0.102045,0.040943
1920,1790556151.291289330,96.986416,54849,0,19.632820,4.396399,72.122459,0.085612,0.662361,0.086765
1921,1790556151.391517401,97.073331,54944,0,19.548604,4.785480,72.448470,0.079009,0.162602,0.049166
1922,1790556151.491654396,96.590438,54929,0,19.668737,4.688536,71.944205,0.127352,0.116583,0.045025
1923,1790556151.591858864,97.284418,54923,0,19.366592,5.642433,71.918460,0.132484,0.147683,0.076766
1924,1790556151.692016840,103.530605,54919,0,19.321071,7.477127,76.460087,0.079995,0.131509,0.060816
1925,1790556151.792242289,105.840281,54878,0,19.950115,4.472963,81.195175,0.064224,0.115346,0.042458
1926,1790556151.892413855,101.651505,54896,0,19.494003,5.152378,76.684301,0.129703,0.143962,0.047158
1927,1790556151.992634773,95.879678,54956,0,19.709431,4.916560,70.961838,0.082171,0.140039,0.069639
1928,1790556152.092845678,97.076528,54937,0,19.436043,5.303017,72.127724,0.066273,0.102638,0.040833
1929,1790556152.193025589,98.014936,54928,0,19.869502,6.161581,71.723501,0.096461,0.123240,0.040651
1930,1790556152.393390179,104.315157,54856,0,20.109857,9.053510,74.403073,0.071325,0.604143,0.073249
1931,1790556152.694029808,93.112723,54921,0,17.875791,5.117317,69.880700,0.081450,0.103860,0.053605
1932,1790556152.894382477,104.920818,54947,0,19.459993,8.677221,76.506357,0.074043,0.137533,0.065671
1933,1790556152.994572878,106.488939,54887,0,19.884040,8.292330,78.079098,0.067066,0.120412,0.045993
1934,1790556153.094788074,103.327194,54888,0,19.943805,4.382769,78.780775,0.069286,0.109467,0.041092
1935,1790556153.295152426,102.622795,54863,0,18.566435,8.288107,75.474784,0.075938,0.147237,0.070294
1936,1790556153.395376444,102.885283,54898,0,20.033488,8.064652,74.511721,0.083508,0.135060,0.056854
1937,1790556153.495561838,105.605630,54888,0,19.891551,8.875863,76.561981,0.069710,0.130003,0.076522
1938,1790556153.595788479,104.839050,54950,0,19.951893,8.440188,76.163993,0.079756,0.146843,0.056377
1939,1790556153.695985317,102.472856,54877,0,19.295598,7.004097,75.951875,0.066471,0.110418,0.044397
1940,1790556153.796172857,103.528199,54910,0,19.742808,7.746129,75.112457,0.109112,0.755252,0.062441
1941,1790556153.896353245,106.556241,54931,0,19.667167,8.950063,77.668567,0.071900,0.145264,0.053280
1942,1790556153.996546745,103.830956,54922,0,19.982613,7.405993,76.118619,0.135058,0.145403,0.043270
1943,1790556154.096746683,102.706712,54946,0,19.783642,7.486235,75.132477,0.095355,0.143604,0.065399
1944,1790556154.197077513,105.436752,54905,0,19.734974,8.084607,77.307186,0.075634,0.170283,0.064068
1945,1790556154.297160864,106.696023,54879,0,19.560385,7.522317,79.403060,0.064877,0.102902,0.042482
1946,1790556154.397306919,105.576639,54884,0,19.540740,4.642286,81.162699,0.066117,0.121130,0.043667
1947,1790556154.497533321,96.076167,54892,0,19.741154,4.373123,71.743466,0.065878,0.111194,0.041352
1948,1790556154.697897434,95.106404,54902,0,19.275734,4.690526,70.833223,0.088455,0.157872,0.060594
1949,1790556154.798099279,94.588780,54885,0,19.782360,4.760819,69.782347,0.087300,0.132380,0.043574
1950,1790556154.898296595,94.029043,54875,0,19.609018,4.380097,69.399660,0.074259,0.515320,0.050689
1951,1790556154.998524189,93.698589,54919,0,19.719613,3.989497,69.710347,0.084194,0.122481,0.072457
1952,1790556155.098687172,94.929120,54932,0,19.607284,4.460248,70.596195,0.099499,0.121539,0.044355
1953,1790556155.198887348,93.047688,54877,0,19.146201,4.234667,69.376091,0.068639,0.179163,0.042927
1954,1790556155.299079180,93.814796,54936,0,19.325521,4.189369,69.976069,0.064010,0.194079,0.065748
1955,1790556155.399271727,94.428338,54843,0,19.705632,4.586042,69.896858,0.080126,0.113823,0.045857
1956,1790556155.499448061,99.840343,54923,0,19.959859,4.576987,74.846816,0.256459,0.141846,0.058376
1957,1790556155.599665642,98.724414,54900,0,19.739643,4.530520,74.024709,0.151993,0.207829,0.069720
1958,1790556155.699866533,98.541456,54930,0,19.549291,4.497004,74.207910,0.077644,0.156633,0.052974
1959,1790556155.800049782,98.589974,54938,0,19.832184,4.499479,73.981389,0.086927,0.135435,0.054560
1960,1790556155.900283098,96.245885,54865,0,19.789656,4.597243,71.221418,0.074692,0.517016,0.045860
1961,1790556156.000442266,95.165734,54927,0,19.881181,4.814614,70.244188,0.070846,0.109598,0.045307
1962,1790556156.100651979,93.900893,54908,0,19.340843,4.949897,69.375697,0.086041,0.104551,0.043864
1963,1790556156.200858831,93.332721,54910,0,19.117398,4.074257,69.888591,0.072718,0.132874,0.046883
1964,1790556156.301131725,92.923776,55014,0,19.019153,4.043107,69.619817,0.073567,0.118429,0.049703
1965,1790556156.401245356,95.414379,54952,0,20.149600,4.937420,70.061327,0.070895,0.108019,0.087118
1966,1790556156.601629257,92.770934,54936,0,18.831782,3.934268,69.764071,0.075845,0.117709,0.047259
1967,1790556156.701852322,96.056681,54948,0,20.287292,4.738746,70.791601,0.070671,0.123985,0.044386
1968,1790556156.802067518,93.318635,54970,0,19.270573,4.102783,69.666753,0.102175,0.131841,0.044510
1969,1790556156.902216673,94.449408,54922,0,19.597867,3.949677,70.659531,0.073859,0.122790,0.045684
1970,1790556157.002441883,93.358399,54916,0,19.073043,4.154215,69.509989,0.072386,0.501833,0.046933
1971,1790556157.102581978,94.371175,54960,0,19.243859,4.338412,70.512537,0.082708,0.141876,0.051783
1972,1790556157.303057909,92.895550,54855,0,18.715805,4.312441,69.614987,0.082027,0.123548,0.046742
1973,1790556157.403173208,94.703739,55034,0,19.684748,4.406684,70.371835,0.069886,0.112483,0.058103
1974,1790556157.503403425,97.121141,55014,0,20.389438,5.131872,71.238692,0.086489,0.203467,0.071183
1975,1790556157.703803539,94.660189,54917,0,19.387783,4.719619,70.281064,0.085317,0.125669,0.060737
1976,1790556157.803985357,94.083799,54966,0,19.352911,4.193011,70.218471,0.072789,0.187051,0.059566
1977,1790556157.904330015,93.769821,54875,0,18.805492,4.411844,70.288393,0.082632,0.120667,0.060793
1978,1790556158.004399061,95.741569,54921,0,20.138326,5.219065,70.142805,0.067872,0.118372,0.055129
1979,1790556158.204787731,94.032371,54960,0,19.136704,4.295228,70.300068,0.101436,0.138719,0.060216
1980,1790556158.304968596,93.963173,54869,0,19.013050,4.180289,70.108299,0.066778,0.551702,0.043055
1981,1790556158.505362272,95.309982,54948,0,19.842176,4.963374,70.136227,0.152939,0.149589,0.065677
1982,1790556158.605684280,95.837855,54942,0,19.738365,5.171683,70.656129,0.077034,0.136769,0.057875
1983,1790556158.705774307,99.396246,54885,0,20.223041,4.971470,73.832186,0.138109,0.178397,0.053043
1984,1790556158.805991888,95.064310,54975,0,20.016794,5.039048,69.778825,0.067771,0.099397,0.062475
1985,1790556158.906145334,93.629803,54910,0,18.899674,4.872696,69.620048,0.074494,0.117509,0.045382
1986,1790556159.006335974,94.975249,54925,0,19.937626,5.236513,69.581733,0.064852,0.097853,0.056672
1987,1790556159.106556177,94.844271,54873,0,19.966763,4.873982,69.724863,0.092822,0.143212,0.042629
1988,1790556159.206754208,94.581671,54966,0,19.762150,4.815673,69.718274,0.100322,0.120098,0.065154
1989,1790556159.306953669,94.020830,54923,0,19.662381,4.393123,69.625646,0.088765,0.204973,0.045942
1990,1790556159.407158375,94.101226,54952,0,18.896483,5.122175,69.354460,0.071680,0.609590,0.046838
1991,1790556159.507352829,94.876047,54969,0,20.388903,4.410357,69.795900,0.090529,0.144166,0.046192
1992,1790556159.607488394,94.494404,54881,0,19.821632,4.515367,69.885959,0.078998,0.145377,0.047071
1993,1790556159.707720518,95.149881,54940,0,20.192565,4.742819,69.977872,0.081330,0.101384,0.053911
1994,1790556159.807919502,95.157231,54988,0,20.600618,4.363218,69.887629,0.076084,0.169539,0.060143
1995,1790556159.908133268,95.563958,54911,0,20.489764,4.832249,69.924927,0.092209,0.164524,0.060285
1996,1790556160.008306503,94.676305,54959,0,19.728825,4.507623,70.061116,0.131302,0.186271,0.061168
1997,1790556160.108514786,96.000877,55024,0,20.113761,4.732114,70.904189,0.083698,0.106198,0.060917
1998,1790556160.208720684,95.384317,55043,0,20.314438,4.306274,70.492362,0.093886,0.120044,0.057313
1999,1790556160.308921099,94.193700,55080,0,20.176613,4.406526,69.376413,0.070764,0.115498,0.047886
2000,1790556160.409117460,94.367118,55150,0,19.671292,4.234712,69.749941,0.068072,0.591517,0.051584
2001,1790556160.509306908,94.008262,55087,0,18.992298,4.356380,70.446996,0.065700,0.099187,0.047701
2002,1790556160.809899092,92.823910,55022,0,18.244514,4.342524,69.969449,0.084236,0.116271,0.066916
2003,1790556161.110454321,94.202820,54981,0,19.556101,4.297820,70.092336,0.082357,0.130098,0.044108
2004,1790556161.210656404,95.089529,55002,0,19.864547,4.595192,70.255213,0.122857,0.201514,0.050206
2005,1790556161.310853481,94.213741,55018,0,20.060491,4.280223,69.609842,0.077594,0.125949,0.059642
2006,1790556161.411047220,94.404295,54962,0,19.464836,4.414555,70.274920,0.074630,0.124556,0.050798
2007,1790556161.511230707,94.382474,54955,0,19.699564,4.581586,69.844505,0.068594,0.143160,0.045065
2008,1790556161.611437082,93.901556,54739,0,19.272381,4.424981,69.928370,0.099629,0.127767,0.048428
2009,1790556161.711602449,94.345812,54634,0,19.856146,4.165856,70.059541,0.071357,0.129775,0.063137
2010,1790556161.912032604,94.198510,54241,0,19.085179,4.355741,70.127494,0.068493,0.517372,0.044231
2011,1790556162.112396002,94.688649,54043,0,19.822564,4.353627,70.143722,0.092262,0.217859,0.058615
2012,1790556162.413032293,99.804390,52550,0,18.250110,6.230858,75.023891,0.074602,0.120623,0.104306
2013,1790556162.513198376,102.043319,52394,0,19.892040,6.560395,75.302208,0.073737,0.154347,0.060592
2014,1790556162.613399982,103.318246,52917,0,20.060578,7.512487,75.454420,0.090678,0.132593,0.067490
2015,1790556162.813842773,93.094498,54387,0,18.964639,4.073623,69.815294,0.071560,0.122552,0.046830
2016,1790556162.913990498,93.660824,54485,0,19.723456,4.294181,69.389336,0.068866,0.140212,0.044773
2017,1790556163.114349604,93.266134,54866,0,19.424719,3.974861,69.624897,0.076402,0.119930,0.045325
2018,1790556163.214583397,98.644817,54871,0,20.181321,4.473585,73.657628,0.114349,0.151959,0.065975
2019,1790556163.314813375,98.259482,54951,0,19.820104,4.065626,74.068358,0.093948,0.142598,0.068848
2020,1790556163.515185356,94.070303,54793,0,19.632261,4.092338,69.690748,0.078561,0.534037,0.042358
2021,1790556163.715565681,94.476053,54132,0,19.820151,4.328417,70.050735,0.077158,0.148185,0.051407
2022,1790556164.016140938,92.441546,51776,0,18.750615,4.004690,69.456949,0.068442,0.116906,0.043944
2023,1790556164.316730022,93.770838,52515,0,19.001679,4.234840,70.095345,0.134473,0.235428,0.069073
2024,1790556164.717522860,100.032856,54285,0,19.357820,4.229451,76.218416,0.064971,0.118420,0.043778
2025,1790556164.817705154,102.851973,54370,0,19.646733,4.893020,78.042426,0.094913,0.121697,0.053184
2026,1790556164.917933941,102.853704,54452,0,19.350537,4.718942,78.455452,0.094702,0.159068,0.075003
2027,1790556165.018104553,103.822438,54399,0,19.437937,4.727438,79.378340,0.071368,0.146891,0.060464
2028,1790556165.118305445,104.617666,54448,0,20.213471,4.054603,80.104453,0.088406,0.116354,0.040379
2029,1790556165.218523979,107.574669,54512,0,19.997432,8.096515,79.225349,0.098097,0.112441,0.044835
2030,1790556165.318726540,104.512593,54493,0,19.096127,7.508703,77.050019,0.096489,0.692545,0.068710
2031,1790556165.418891430,106.587527,54485,0,19.787968,9.476133,77.065115,0.077943,0.129596,0.050772
2032,1790556165.519088984,103.924592,54461,0,19.916980,8.919263,74.814149,0.070748,0.145688,0.057764
2033,1790556165.719487190,94.149448,54494,0,19.310966,4.742286,69.855807,0.072701,0.118945,0.048743
2034,1790556165.819711208,97.686097,54451,0,19.421638,4.838965,73.142624,0.088726,0.125498,0.068646
2035,1790556165.919882536,101.444423,54466,0,19.107079,4.730199,77.362697,0.083893,0.100756,0.059799
2036,1790556166.020070076,101.438110,54399,0,19.167563,4.857966,77.172693,0.076134,0.105799,0.057955
2037,1790556166.120245457,104.319652,54482,0,19.728782,5.002941,79.333190,0.081137,0.110337,0.063265
2038,1790556166.220456123,105.904670,54440,0,19.521447,4.501066,81.620483,0.066460,0.129971,0.065243
2039,1790556166.320666075,105.814927,54493,0,19.590546,7.462451,78.506653,0.093218,0.116789,0.045270
2040,1790556166.420856714,104.814369,54502,0,18.891738,8.368367,76.841966,0.072492,0.590048,0.049758
2041,1790556166.521049023,104.604916,54530,0,19.239008,7.841940,77.241685,0.075079,0.128149,0.079055
2042,1790556166.621256113,103.840938,54481,0,19.439784,8.043538,76.074297,0.072016,0.128171,0.083132
2043,1790556166.721558571,103.810646,54475,0,19.734281,8.690940,75.106214,0.086602,0.141301,0.051308
2044,1790556166.821649075,103.017721,54425,0,19.302473,7.868316,75.574726,0.075871,0.147951,0.048384
2045,1790556167.022063971,94.057610,54331,0,19.277859,4.798964,69.730697,0.074330,0.131602,0.044158
2046,1790556167.122236252,95.160229,53959,0,19.374551,4.872821,70.688189,0.069470,0.112401,0.042797
2047,1790556167.222428560,94.445715,53163,0,19.809571,4.709898,69.628165,0.092703,0.135342,0.070036
2048,1790556167.322657585,97.130132,51592,0,19.334479,4.501383,73.059549,0.066090,0.124104,0.044527
2049,1790556167.523059130,95.138396,52555,0,20.030727,4.323800,70.566430,0.072529,0.102802,0.042108
2050,1790556167.623272896,95.213052,53579,0,20.024786,4.913896,69.559710,0.066789,0.580465,0.067406
2051,1790556167.723385096,93.956038,54924,0,18.987752,4.542980,70.192153,0.073319,0.113161,0.046673
2052,1790556167.823666334,95.082710,54958,0,19.322887,4.751953,70.781975,0.065599,0.118359,0.041937
2053,1790556167.923803091,94.793976,54972,0,19.832028,5.146906,69.590713,0.065474,0.116636,0.042219
2054,1790556168.024005175,98.903943,54937,0,19.647213,5.443648,73.469579,0.160955,0.134396,0.048152
2055,1790556168.224400759,98.268339,54830,0,18.951192,5.462154,73.446359,0.118635,0.208189,0.081810
2056,1790556168.424795866,94.785749,54682,0,19.317733,5.261026,69.916367,0.080838,0.152547,0.057238
2057,1790556168.525034428,99.630394,54551,0,20.063542,5.484228,73.700062,0.105771,0.203730,0.073061
2058,1790556168.625223875,100.217134,53330,0,19.523108,5.341600,75.042167,0.083588,0.151970,0.074701
2059,1790556168.725414991,99.375364,52901,0,19.605840,4.987030,74.460446,0.111667,0.138670,0.071711
2060,1790556168.825606823,100.020913,53021,0,19.846782,5.255223,74.297963,0.071671,0.499083,0.050191
2061,1790556169.025977373,95.230298,53443,0,19.423947,5.075284,70.420801,0.065502,0.188228,0.056536
2062,1790556169.126173496,96.377289,54038,0,20.411545,5.071429,70.655493,0.071983,0.113855,0.052984
2063,1790556169.226392984,95.540950,54800,0,20.095185,5.437776,69.762836,0.075545,0.114278,0.055330
2064,1790556169.326620340,95.338268,54909,0,19.841510,5.333245,69.894499,0.101917,0.110956,0.056141
2065,1790556169.426760197,94.861351,54959,0,19.484751,5.002789,70.121861,0.067361,0.141479,0.043110
2066,1790556169.627154827,94.686270,54937,0,19.657770,4.757707,70.032886,0.082001,0.109661,0.046245
2067,1790556169.727324486,94.807613,54966,0,19.224281,5.337807,70.020366,0.068781,0.113110,0.043268
2068,1790556169.827546597,94.159609,54980,0,19.128899,4.830485,69.975864,0.066973,0.115696,0.041692
2069,1790556169.927736521,94.140139,54943,0,19.193711,4.585692,70.052012,0.073855,0.182591,0.052278
2070,1790556170.027929306,100.294435,54982,0,20.730078,4.611007,74.102226,0.169474,0.629077,0.052573
2071,1790556170.128103733,99.784703,55001,0,20.077243,4.781419,74.660486,0.088969,0.129157,0.047429
2072,1790556170.228350878,95.041777,54976,0,19.709551,4.815406,70.235199,0.073327,0.165225,0.043069
2073,1790556170.328497648,94.889777,54956,0,20.310044,4.608813,69.698639,0.067308,0.142359,0.062614
2074,1790556170.428727388,94.237781,54943,0,19.482751,4.493217,70.026515,0.067368,0.124683,0.043247
2075,1790556170.528957605,94.396759,54939,0,19.972165,4.514648,69.660262,0.071845,0.130495,0.047344
2076,1790556170.629122257,94.217259,54953,0,20.161007,4.475274,69.310255,0.068633,0.156806,0.045284
2077,1790556170.729335546,94.556242,54967,0,20.270913,4.750778,69.297263,0.068245,0.124857,0.044186
2078,1790556170.829514503,93.843337,55014,0,19.147899,4.383672,70.086521,0.069426,0.113553,0.042266
2079,1790556170.929735661,94.253307,55018,0,19.149023,4.555520,70.281699,0.084114,0.122798,0.060153
2080,1790556171.029930353,97.512911,55026,0,18.589120,4.311637,73.904186,0.070261,0.574654,0.063053
2081,1790556171.130094767,100.638349,55050,0,19.561568,4.441162,76.218650,0.127745,0.211993,0.077231
2082,1790556171.230292559,100.123627,54987,0,19.136505,4.267694,76.455376,0.072146,0.134837,0.057069
2083,1790556171.330509901,98.684924,55053,0,19.179299,4.159130,75.114679,0.072950,0.112049,0.046817
2084,1790556171.430710554,99.171143,54959,0,19.485047,4.043641,75.375410,0.077187,0.145818,0.044040
2085,1790556171.530890465,97.453257,54949,0,19.519965,4.140890,73.358612,0.119029,0.214112,0.100649
2086,1790556171.631109953,93.709117,54886,0,19.519292,4.278744,69.652890,0.067389,0.134540,0.056262
2087,1790556171.731284380,97.683235,54939,0,19.524684,4.272827,73.619320,0.080184,0.135258,0.050962
2088,1790556171.831469536,99.740487,54869,0,20.113175,4.169167,75.194639,0.094970,0.113439,0.055097
2089,1790556171.931725264,99.674471,54893,0,20.111115,4.202144,75.064645,0.132688,0.119138,0.044741
2090,1790556172.031875372,99.510819,54873,0,19.643746,4.197659,74.989935,0.114558,0.522091,0.042830
2091,1790556172.132098198,100.618093,54885,0,20.117951,4.280776,76.001763,0.067520,0.106263,0.043820
2092,1790556172.232271433,102.380897,54858,0,19.961129,4.504075,77.690722,0.069118,0.113491,0.042362
2093,1790556172.332460642,101.308446,54877,0,19.675725,5.122732,76.250145,0.073923,0.120524,0.065397
2094,1790556172.432649374,100.990130,54919,0,19.888371,4.811145,75.935025,0.125281,0.173874,0.056434
2095,1790556172.532854319,101.044654,54852,0,19.895545,4.706798,76.154243,0.072201,0.104623,0.111244
2096,1790556172.633047104,99.239935,54877,0,19.645463,4.299769,75.015249,0.099660,0.131702,0.048092
2097,1790556172.733269215,94.770138,54866,0,19.959032,4.363742,70.067198,0.095271,0.204983,0.079912
2098,1790556172.833455324,95.144609,54865,0,19.901763,4.718347,70.313353,0.067232,0.102189,0.041725
2099,1790556172.933612823,95.107096,54870,0,19.692789,4.486922,70.702479,0.068451,0.112291,0.044164
2100,1790556173.033843517,94.563402,54868,0,19.668149,4.380729,69.696175,0.078842,0.686591,0.052916
2101,1790556173.134036303,95.021666,54869,0,19.511127,4.635549,70.623503,0.076489,0.130560,0.044438
2102,1790556173.334450006,93.394592,54970,0,18.998515,4.260102,69.880353,0.072963,0.135451,0.047208
2103,1790556173.434644222,94.206760,54923,0,19.457530,4.379311,70.134367,0.075687,0.115345,0.044520
2104,1790556173.534818649,98.481954,54909,0,19.560103,4.230412,74.419447,0.089743,0.124307,0.057942
2105,1790556173.635011673,93.893491,54910,0,19.765598,4.061592,69.841290,0.069362,0.113003,0.042646
2106,1790556173.735192776,93.785356,54866,0,19.843486,4.065983,69.561346,0.136990,0.127890,0.049661
2107,1790556173.835438251,94.242872,54919,0,19.490425,3.994239,70.513798,0.069982,0.122749,0.051679
2108,1790556173.935623169,94.314445,54908,0,19.467940,4.252829,70.358222,0.070893,0.119762,0.044799
2109,1790556174.035806179,97.519147,54944,0,19.161974,4.364656,73.714493,0.094507,0.133302,0.050215
2110,1790556174.236226797,93.760253,54946,0,19.184576,4.048535,69.849891,0.072773,0.560841,0.043637
2111,1790556174.336391926,100.320798,54913,0,19.926319,4.543949,75.611339,0.079862,0.115494,0.043835
2112,1790556174.436590910,100.751185,54922,0,20.479591,4.505767,75.453151,0.149135,0.118047,0.045494
2113,1790556174.536785603,98.629982,54891,0,19.508852,4.707820,74.179943,0.074215,0.116062,0.043090
2114,1790556174.636995792,94.322211,54905,0,19.297575,4.867131,69.856903,0.086137,0.147299,0.067166
2115,1790556174.737237930,94.379027,54869,0,19.606328,4.405726,70.137746,0.074678,0.111234,0.043315
2116,1790556174.837364912,98.597323,54893,0,20.182490,4.639411,73.395174,0.155345,0.171562,0.053341
2117,1790556174.937569141,97.402928,54888,0,19.394456,4.208351,73.548416,0.070361,0.117821,0.063523
2118,1790556175.037760496,98.714138,54939,0,19.620587,4.149291,74.702299,0.075023,0.119029,0.047909
2119,1790556175.137997389,98.508705,54919,0,18.816958,4.151631,75.285872,0.077444,0.122675,0.054125
2120,1790556175.238127470,97.562787,54880,0,19.209963,4.197836,73.507697,0.065405,0.539985,0.041901
2121,1790556175.338358879,100.155978,54941,0,19.414566,5.438430,74.725774,0.196108,0.329614,0.051486
2122,1790556175.438561678,95.701844,54855,0,19.177831,4.899273,71.266410,0.098586,0.183315,0.076429
2123,1790556175.538742542,94.077197,54880,0,19.007829,4.264012,70.547048,0.064449,0.126327,0.067532
2124,1790556175.638938427,93.847594,54909,0,18.741437,4.677620,70.143533,0.076009,0.134746,0.074249
2125,1790556175.739182949,98.749407,54898,0,18.654488,4.735890,75.079515,0.089271,0.135156,0.055087
2126,1790556175.839305878,94.154913,54889,0,19.021190,4.647760,70.126601,0.120061,0.169314,0.069987
2127,1790556175.939526558,99.754520,54914,0,19.350304,4.447702,75.591271,0.110433,0.189584,0.065226
2128,1790556176.039728165,99.512720,54889,0,19.394266,4.768231,75.129662,0.071486,0.106312,0.042763
2129,1790556176.139947414,97.573444,54888,0,19.120082,4.546247,73.621451,0.096808,0.135338,0.053518
2130,1790556176.240156651,98.585113,54840,0,19.117034,4.751006,73.972394,0.082829,0.598705,0.063145
2131,1790556176.340321302,94.725649,54915,0,18.587116,4.617640,71.202162,0.091304,0.158289,0.069138
2132,1790556176.440489769,99.175684,54882,0,19.097021,4.390283,75.307357,0.166053,0.147446,0.067524
2133,1790556176.540719271,97.914639,54939,0,19.098085,4.402930,74.078439,0.110434,0.147069,0.077682
2134,1790556176.640914679,97.093413,54977,0,19.604999,4.471162,72.795212,0.070018,0.109994,0.042028
2135,1790556176.741103172,97.518567,54940,0,19.008648,4.739267,73.500698,0.073945,0.144647,0.051362
2136,1790556176.841304302,99.370492,54929,0,19.056427,5.020504,74.958859,0.091646,0.178125,0.064931
2137,1790556176.941528559,99.251266,54940,0,19.346535,4.415596,75.131812,0.183668,0.127306,0.046349
2138,1790556177.041723490,99.538810,54953,0,19.883971,4.237207,75.125907,0.118129,0.128912,0.044684
2139,1790556177.141931057,97.508830,54947,0,19.797518,4.152085,73.226746,0.094075,0.168808,0.069598
2140,1790556177.242124319,98.671676,54933,0,19.794862,4.426068,73.473472,0.098456,0.806111,0.072707
2141,1790556177.342318535,100.744374,54969,0,19.609919,4.349054,76.412567,0.181355,0.143998,0.047481
2142,1790556177.442507505,100.009774,54928,0,20.237199,4.589246,74.929101,0.080289,0.128793,0.045146
2143,1790556177.542680264,101.117284,54924,0,20.377065,4.344854,76.112629,0.072153,0.162979,0.047604
2144,1790556177.743072033,93.329842,54952,0,18.654203,4.242955,70.131646,0.092008,0.151916,0.057114
2145,1790556177.843281507,93.702702,54970,0,19.136514,4.282133,70.070923,0.065389,0.107222,0.040521
2146,1790556178.043639898,94.385676,54942,0,20.034854,4.218800,69.826331,0.098272,0.156424,0.050995
2147,1790556178.143881559,95.231934,54944,0,19.940498,4.532374,70.515014,0.070201,0.126859,0.046988
2148,1790556178.244085312,93.325923,54920,0,18.553481,4.288623,70.144577,0.118175,0.163018,0.058049
2149,1790556178.344250202,94.190467,54965,0,19.721779,4.407008,69.825662,0.069726,0.121199,0.045093
2150,1790556178.444478035,94.863228,54975,0,19.998568,4.090404,70.112394,0.072871,0.540547,0.048444
2151,1790556178.544647932,93.478974,54948,0,19.523853,3.889839,69.760583,0.103009,0.155330,0.046360
2152,1790556178.644841433,94.124858,54973,0,19.635957,4.294425,69.896018,0.114200,0.135876,0.048382
2153,1790556178.745065689,94.344021,54998,0,19.271568,4.401484,70.432084,0.069243,0.124869,0.044773
2154,1790556178.845259666,93.947267,54926,0,19.583605,4.323973,69.757768,0.074258,0.154251,0.053412
2155,1790556178.945466042,93.196190,54952,0,19.135447,4.046501,69.781373,0.072432,0.116626,0.043811
2156,1790556179.045660734,98.058998,54981,0,19.737267,4.000553,74.048735,0.085101,0.133545,0.053797
2157,1790556179.145860434,97.283819,55000,0,19.302817,3.966166,73.771168,0.084290,0.114210,0.045168
2158,1790556179.246020555,98.120655,54953,0,18.583199,4.078437,75.073787,0.092917,0.194453,0.097862
2159,1790556179.346229315,98.247300,54968,0,19.109918,4.087669,74.752926,0.066582,0.185640,0.044565
2160,1790556179.546644449,92.662635,54968,0,18.076568,4.072958,69.691928,0.081625,0.649949,0.089607
2161,1790556179.646815300,99.407531,54977,0,19.154282,4.225385,75.474582,0.150252,0.300653,0.102377
2162,1790556179.746994734,101.354985,54943,0,19.399230,4.155601,77.346835,0.176278,0.231608,0.045433
2163,1790556179.847222090,99.744857,55012,0,19.779474,4.929112,74.789263,0.086551,0.116882,0.043575
2164,1790556179.947367191,100.065107,55105,0,19.297794,4.710375,75.778782,0.091738,0.126357,0.060061
2165,1790556180.047625542,94.915093,55096,0,19.484897,4.863392,70.131331,0.129981,0.207752,0.097740
2166,1790556180.147789478,93.910535,55099,0,19.891259,4.297514,69.483395,0.072345,0.117157,0.048865
2167,1790556180.247970819,94.432253,55101,0,19.356002,4.687475,70.171836,0.070413,0.104823,0.041704
2168,1790556180.348195076,93.723355,55062,0,19.281018,4.566237,69.614561,0.103435,0.115547,0.042557
2169,1790556180.448374033,94.449848,55045,0,19.564505,4.663203,69.978556,0.075604,0.107392,0.060588
2170,1790556180.548550844,94.797681,55047,0,19.619637,4.774932,69.788337,0.067660,0.501846,0.045269
2171,1790556180.648787737,94.607224,55074,0,20.080189,4.659555,69.638371,0.084132,0.102109,0.042868
2172,1790556180.748971939,95.291735,55050,0,19.921955,4.945574,70.183306,0.071285,0.107394,0.062221
2173,1790556180.849153519,93.873912,55024,0,19.222796,4.701685,69.697614,0.094263,0.112559,0.044995
2174,1790556180.949404478,93.314862,55088,0,19.373634,4.818951,68.870076,0.083096,0.120863,0.048242
2175,1790556181.049629211,93.318571,55039,0,19.163670,4.346627,69.564794,0.083235,0.117288,0.042957
2176,1790556181.149781227,93.294206,54979,0,19.000630,4.528527,69.508505,0.083642,0.123253,0.049649
2177,1790556181.249994040,94.254958,55015,0,19.218351,4.731042,70.024054,0.068549,0.169109,0.043853
2178,1790556181.350144148,92.659857,55064,0,19.074219,3.982777,69.357951,0.078481,0.122057,0.044372
2179,1790556181.450362921,92.858225,54804,0,18.660915,4.420687,69.522277,0.083434,0.116022,0.054890
2180,1790556181.550523043,94.063729,54522,0,19.312761,4.511726,69.597854,0.070302,0.523976,0.047110
2181,1790556181.650738955,95.611051,54434,0,19.566370,4.958711,70.760719,0.078070,0.195986,0.051195
2182,1790556181.750908375,94.972958,54556,0,19.159931,4.997439,70.581726,0.071078,0.117006,0.045778
2183,1790556181.851137877,94.399210,54734,0,19.601997,4.803195,69.706296,0.074621,0.151664,0.061437
2184,1790556181.951331139,93.892689,54472,0,19.198977,4.508675,69.929361,0.072426,0.136572,0.046678
2185,1790556182.051497221,93.648331,53971,0,19.086319,4.590741,69.706856,0.098148,0.107752,0.058515
2186,1790556182.151751995,98.670809,54063,0,19.552146,4.509709,73.994016,0.174979,0.324345,0.115614
2187,1790556182.251912117,98.612230,53791,0,19.599578,4.613263,73.945955,0.136433,0.242134,0.074867
2188,1790556182.352128744,94.053572,53225,0,19.298781,4.360551,69.953492,0.158487,0.212828,0.069433
2189,1790556182.452325344,93.380040,52054,0,19.170311,4.054924,69.715462,0.167775,0.201996,0.069572
2190,1790556182.552504063,94.026784,51208,0,18.968316,4.021430,70.328918,0.072728,0.577235,0.058157
2191,1790556182.652704716,93.103362,49571,0,18.787767,4.384806,69.664491,0.067727,0.142177,0.056394
2192,1790556182.752921820,99.179478,48869,0,19.389357,4.568774,74.927578,0.119130,0.122555,0.052084
2193,1790556182.853094816,100.039238,49452,0,19.631110,4.426812,75.749984,0.070634,0.102835,0.057863
2194,1790556182.953298092,100.860493,49211,0,19.708874,4.487454,76.438344,0.066585,0.101072,0.058164
2195,1790556183.053492069,101.239749,49260,0,19.743042,5.094123,76.198570,0.064010,0.099506,0.040498
2196,1790556183.153686762,101.144688,49706,0,19.648604,4.944938,76.293616,0.071476,0.122075,0.063979
2197,1790556183.253902435,99.455360,49459,0,19.656440,5.028176,74.532356,0.067624,0.105400,0.065364
2198,1790556183.354099989,99.875413,52324,0,19.789817,5.462889,74.386744,0.073018,0.119481,0.043464
2199,1790556183.454274893,99.683354,54648,0,20.414270,4.704435,74.245937,0.068673,0.153581,0.096458
2200,1790556183.554475069,98.746152,54863,0,19.832081,4.144073,74.037772,0.102034,0.587143,0.043049
2201,1790556183.654786110,101.251560,55015,0,19.586714,4.467368,76.901969,0.069802,0.130948,0.094759
2202,1790556183.754870892,99.564609,55071,0,19.453242,4.213046,75.661894,0.075436,0.115667,0.045324
2203,1790556183.855068445,105.776179,54981,0,19.660764,4.228230,81.619902,0.065989,0.129392,0.071902
2204,1790556183.955253363,103.027322,55066,0,19.889360,8.286157,74.621086,0.066727,0.122033,0.041959
2205,1790556184.055457592,99.612662,55107,0,19.885903,7.310626,72.160870,0.070985,0.124468,0.059810
2206,1790556184.155653477,98.179593,55054,0,19.645037,6.728938,71.424397,0.082980,0.224050,0.074191
2207,1790556184.255849123,99.326464,55062,0,19.208749,6.318771,73.430624,0.082340,0.216970,0.069010
2208,1790556184.356044292,98.964402,55018,0,19.913225,6.501089,72.288039,0.069499,0.118720,0.073830
2209,1790556184.456275702,97.126102,55048,0,19.485450,5.934017,71.397403,0.090418,0.158946,0.059868
2210,1790556184.556431532,99.046976,55083,0,19.695329,6.178122,72.450920,0.095996,0.571100,0.055509
2211,1790556184.656634569,99.024493,55016,0,19.289216,5.930738,73.572465,0.067122,0.122758,0.042194
2212,1790556184.756824017,96.762091,54911,0,19.608137,4.615668,72.323495,0.070095,0.103973,0.040723
2213,1790556184.857038736,98.837667,54359,0,19.363754,6.019241,73.177766,0.065377,0.164052,0.047477
2214,1790556184.957216501,101.732950,52981,0,19.770348,7.402564,74.238358,0.086146,0.176797,0.058737
2215,1790556185.057422400,97.472218,53297,0,19.548638,6.082904,71.602048,0.083306,0.110934,0.044388
2216,1790556185.157619715,95.481850,53957,0,19.646738,4.456723,71.141226,0.067415,0.127921,0.041827
2217,1790556185.257783413,98.703303,54511,0,19.010649,6.933460,72.519410,0.067152,0.117978,0.054654
2218,1790556185.358006239,94.979117,54725,0,19.187766,4.632690,70.867194,0.067950,0.132548,0.090969
2219,1790556185.558429718,101.847847,54737,0,19.199408,8.591999,73.767011,0.075836,0.152323,0.061270
2220,1790556185.758799553,96.192203,54738,0,18.028237,4.993212,72.450103,0.103979,0.573072,0.043600
2221,1790556185.859009981,105.051470,54756,0,19.920254,4.710826,80.171378,0.086301,0.118893,0.043818
2222,1790556185.959222317,103.450783,54722,0,19.525460,7.906801,75.765411,0.067903,0.118937,0.066271
2223,1790556186.059432268,98.596006,54710,0,19.033186,7.174862,72.151864,0.075649,0.117170,0.043275
2224,1790556186.159603357,95.877975,54752,0,19.926789,4.489345,71.219450,0.080847,0.104178,0.057366
2225,1790556186.259805202,93.977787,54703,0,19.052340,4.295031,70.399161,0.069515,0.117504,0.044236
2226,1790556186.460224628,95.882833,54696,0,18.212325,4.802065,72.651571,0.068269,0.105568,0.043035
2227,1790556186.560387850,104.972654,54749,0,19.488141,8.392932,76.770729,0.119056,0.157365,0.044431
2228,1790556186.660600424,101.875329,54726,0,20.129059,7.485938,73.967118,0.068440,0.158545,0.066229
2229,1790556186.760767698,98.574123,54762,0,19.770425,6.048529,72.409794,0.097619,0.180536,0.067220
2230,1790556186.860981464,95.997710,54751,0,20.087201,4.254663,70.965673,0.103010,0.545174,0.041989
2231,1790556186.961126089,96.248896,54681,0,19.950934,4.756860,71.328400,0.069872,0.099526,0.043304
2232,1790556187.061348200,94.190590,54701,0,19.978426,4.510877,69.431592,0.096866,0.128941,0.043888
2233,1790556187.161522865,93.732761,54712,0,19.634234,4.352200,69.473652,0.068368,0.146213,0.058094
2234,1790556187.261779785,100.919664,54763,0,19.749496,4.176179,76.743123,0.092519,0.114365,0.043982
2235,1790556187.361914873,103.708190,54757,0,20.116632,4.337515,79.031189,0.079620,0.102289,0.040945
2236,1790556187.462150097,106.280539,54827,0,19.892134,7.988368,78.067200,0.130700,0.154614,0.047523
2237,1790556187.562321186,102.852957,54738,0,19.554833,7.299198,75.749923,0.077082,0.125490,0.046431
2238,1790556187.662553787,103.816182,54774,0,19.934481,7.807849,75.767365,0.110855,0.130025,0.065607
2239,1790556187.762735128,100.625594,54704,0,20.040057,7.499648,72.869100,0.066483,0.107915,0.042391
2240,1790556187.862963915,100.338514,54709,0,19.314452,6.563351,73.693231,0.066434,0.646647,0.054399
2241,1790556187.963102579,97.735247,54679,0,19.472847,6.106391,71.823092,0.136487,0.134445,0.061985
2242,1790556188.063340187,97.435926,54716,0,19.736981,5.438033,72.028163,0.066530,0.102942,0.063277
2243,1790556188.163491726,97.321976,54715,0,19.561977,6.206012,71.349602,0.064380,0.100382,0.039623
2244,1790556188.263718605,97.269013,54751,0,19.166919,6.245677,71.596570,0.068875,0.130902,0.060070
2245,1790556188.363914728,97.725290,54721,0,19.333216,6.365618,71.805389,0.068779,0.112107,0.040181
2246,1790556188.464082241,96.873709,54702,0,19.373500,6.085919,71.121692,0.107559,0.126852,0.058187
2247,1790556188.564306736,95.257344,54740,0,19.113576,4.500498,71.386348,0.073703,0.122812,0.060407
2248,1790556188.664474249,95.519450,54755,0,19.941140,4.475019,70.778256,0.066792,0.186997,0.071246
2249,1790556188.764667988,96.273330,54719,0,19.745255,4.468001,71.750377,0.080109,0.189162,0.040426
2250,1790556188.864921570,96.580367,54773,0,20.158700,4.464688,71.228617,0.099710,0.561877,0.066775
2251,1790556188.965092659,96.883220,54705,0,20.173934,4.708378,71.757796,0.080532,0.120030,0.042550
2252,1790556189.065287113,96.334995,54691,0,19.985156,4.168029,71.879703,0.080494,0.139401,0.082212
2253,1790556189.165485859,94.248663,54775,0,20.267876,4.643181,69.040596,0.114737,0.128837,0.053436
2254,1790556189.265712976,94.260745,54714,0,19.808301,4.373069,69.776636,0.087703,0.166624,0.048412
2255,1790556189.365874529,102.849433,54752,0,19.496341,3.996332,79.116588,0.096669,0.100327,0.043176
2256,1790556189.466065884,104.964260,54731,0,19.759447,7.682481,77.192353,0.083103,0.197678,0.049198
2257,1790556189.566234827,100.843614,54754,0,19.399956,7.863940,73.290883,0.067718,0.177520,0.043597
2258,1790556189.666445732,96.293358,54689,0,19.379684,4.307808,72.361458,0.069693,0.118068,0.056647
2259,1790556189.766629934,95.730176,54760,0,19.025059,5.014838,71.357643,0.103830,0.144868,0.083938
2260,1790556189.866824865,94.870430,54739,0,19.402381,4.830420,69.943056,0.109610,0.541254,0.043709
2261,1790556189.967056274,94.062804,54714,0,19.538617,4.449344,69.820812,0.074454,0.122056,0.057521
2262,1790556190.067245245,103.331099,54739,0,19.141787,3.940277,80.037511,0.067076,0.103610,0.040838
2263,1790556190.167471647,103.353370,54692,0,19.111783,8.357270,75.585723,0.070507,0.149280,0.078807
2264,1790556190.267622232,97.273933,54758,0,19.161288,6.392832,71.403464,0.068994,0.179229,0.068126
2265,1790556190.367837667,95.594092,54735,0,19.586377,4.502379,71.281016,0.072979,0.108779,0.042562
2266,1790556190.468009949,95.106762,54734,0,18.906588,4.622482,71.255190,0.092361,0.156105,0.074036
2267,1790556190.568243742,94.191753,54751,0,19.687196,4.659740,69.619747,0.070037,0.108942,0.046091
2268,1790556190.668422461,93.677193,54691,0,19.465819,4.591509,69.326765,0.074292,0.144089,0.074719
2269,1790556190.768627644,105.148149,54795,0,19.366967,7.571053,77.913868,0.102713,0.131191,0.062357
2270,1790556190.868797779,103.022904,54787,0,19.909312,7.297702,75.089882,0.068310,0.610047,0.047651
2271,1790556190.968997002,99.352681,54843,0,19.292497,6.130098,73.678213,0.070549,0.134826,0.046498
2272,1790556191.069244146,97.400156,55012,0,19.383741,6.315478,71.354669,0.091226,0.198630,0.056412
2273,1790556191.169435978,96.289743,55008,0,19.625040,4.070612,72.267214,0.069474,0.162749,0.094654
2274,1790556191.269604445,95.254540,55026,0,19.781642,4.350084,70.897819,0.068250,0.114466,0.042279
2275,1790556191.369801760,96.038934,55014,0,19.855058,4.627410,71.339703,0.066959,0.106732,0.043072
2276,1790556191.470060349,99.155042,55009,0,19.458887,6.713385,72.764034,0.068912,0.105799,0.044025
2277,1790556191.570203304,94.952718,54960,0,19.874992,4.640348,70.186239,0.068068,0.136887,0.046184
2278,1790556191.670393944,96.263969,54962,0,19.165215,6.037083,70.785904,0.101296,0.116254,0.058217
2279,1790556191.770559072,94.194167,54910,0,19.871566,4.596225,69.391255,0.077286,0.192829,0.065006
2280,1790556191.870807648,95.819505,54880,0,19.979000,4.987227,70.030266,0.146105,0.629701,0.047206
2281,1790556192.071188211,91.582521,54381,0,17.980814,4.268535,69.050398,0.074749,0.154217,0.053808
2282,1790556192.171416759,99.479719,53660,0,19.823416,4.493274,74.810204,0.128887,0.178624,0.045314
2283,1790556192.271630049,99.727147,53167,0,19.148944,4.693469,75.651016,0.074154,0.115349,0.044215
2284,1790556192.371794701,100.985627,52943,0,19.667354,4.087089,76.958467,0.067543,0.127445,0.077729
2285,1790556192.572169065,96.421528,52632,0,18.211755,4.151517,73.829120,0.067770,0.117907,0.043459
2286,1790556192.672356844,98.228103,52455,0,18.962644,4.085688,74.912712,0.080398,0.111870,0.074791
2287,1790556192.772533178,101.654660,52290,0,19.617346,4.099363,77.674903,0.072422,0.143465,0.047161
2288,1790556192.872758389,98.234713,52028,0,19.184252,4.056159,74.712555,0.067955,0.131982,0.081810
2289,1790556192.972945452,101.348274,51812,0,19.522765,3.970304,77.573904,0.082684,0.139126,0.059491
2290,1790556193.073161125,106.000904,51813,0,19.263251,7.653762,78.369904,0.065936,0.592006,0.056045
2291,1790556193.173320532,101.276016,51658,0,19.609403,8.317025,73.135081,0.066517,0.106463,0.041527
2292,1790556193.273510456,100.560518,51697,0,20.352982,7.385988,72.593819,0.068050,0.117237,0.042442
2293,1790556193.373736620,102.439390,51915,0,20.110871,7.782317,74.312314,0.067021,0.118249,0.048618
2294,1790556193.473952770,102.043126,52128,0,19.347844,8.316438,74.120737,0.088924,0.125161,0.044022
2295,1790556193.574156523,101.769407,52202,0,20.258277,6.850458,74.332314,0.084755,0.197135,0.046468
2296,1790556193.674335003,102.548591,52726,0,19.718109,6.833486,75.678419,0.071495,0.144991,0.102091
2297,1790556193.774517775,102.445622,53843,0,20.556894,7.488228,74.012047,0.132746,0.200611,0.055096
2298,1790556193.874723911,104.955777,54410,0,20.156151,7.982355,76.523376,0.101742,0.148376,0.043777
2299,1790556193.974913359,101.494764,54263,0,20.240477,6.654291,74.379791,0.068882,0.109131,0.042192
2300,1790556194.075149059,99.505409,53861,0,19.970899,5.979071,72.752992,0.091930,0.646070,0.064447
2301,1790556194.175339222,96.769638,53232,0,20.107740,4.372395,72.005539,0.083133,0.150551,0.050280
2302,1790556194.275519133,97.261350,52370,0,19.380591,5.689644,71.925072,0.069353,0.144957,0.051733
2303,1790556194.375741243,99.210183,51845,0,20.036143,6.298502,72.451131,0.144792,0.212907,0.066708
2304,1790556194.475948334,98.676334,51403,0,19.735702,5.721998,72.950555,0.084814,0.132265,0.051000
2305,1790556194.576120615,95.812742,51154,0,19.870562,3.857541,71.801284,0.078378,0.138025,0.066952
2306,1790556194.776463985,91.705346,49413,0,18.050740,3.935400,69.471996,0.069222,0.119803,0.058185
2307,1790556194.876684189,93.674086,48246,0,19.199997,3.863349,70.315919,0.088715,0.160690,0.045416
2308,1790556194.976881504,93.676973,47347,0,19.002264,4.211768,70.197992,0.070137,0.137223,0.057589
2309,1790556195.077079058,93.409968,46677,0,19.385353,3.925630,69.863700,0.067071,0.114807,0.053407
2310,1790556195.177271605,101.780889,46531,0,19.946682,4.000235,77.180376,0.088920,0.521656,0.043020
2311,1790556195.277474642,99.906618,46365,0,19.546829,3.741449,76.382819,0.074663,0.116464,0.044394
2312,1790556195.377709627,101.284586,46375,0,19.622039,4.156113,77.166099,0.080411,0.142353,0.117571
2313,1790556195.477905512,105.698635,46339,0,19.881920,5.240656,80.266685,0.125008,0.118439,0.065927
2314,1790556195.578122139,101.028154,46244,0,19.525675,6.816824,74.420668,0.070300,0.128465,0.066222
2315,1790556195.678257942,103.949616,46199,0,19.746684,7.811418,76.070113,0.113832,0.134113,0.073456
2316,1790556195.778490067,101.195684,46304,0,20.397373,6.567458,73.844257,0.080598,0.257739,0.048259
2317,1790556195.878644705,100.525029,46405,0,20.475569,6.741960,73.054254,0.068139,0.125420,0.059687
2318,1790556195.978878021,102.908474,46752,0,20.227978,6.899257,75.352173,0.120759,0.193430,0.114877
2319,1790556196.079076290,101.337845,47495,0,20.064177,6.200068,74.701652,0.142913,0.183087,0.045948
2320,1790556196.179272175,102.298522,49214,0,20.286580,6.620470,74.580216,0.117703,0.630213,0.063340
2321,1790556196.279468060,103.890642,50005,0,19.841416,8.026761,75.800235,0.067886,0.110694,0.043650
2322,1790556196.379681826,97.442334,49951,0,19.787582,4.584396,72.738294,0.125845,0.136790,0.069427
2323,1790556196.479853630,96.867788,49837,0,19.873031,4.968882,71.752606,0.069274,0.146664,0.057331
2324,1790556196.580075026,98.120497,49447,0,19.699465,5.642282,72.446631,0.083318,0.164290,0.084511
2325,1790556196.680248499,101.570878,49000,0,20.078641,6.521758,74.576476,0.115155,0.178039,0.100809
2326,1790556196.780421734,102.742463,48724,0,19.554943,6.822858,76.078693,0.072719,0.115093,0.098157
2327,1790556196.880652428,99.500560,48636,0,19.904426,6.332041,73.037670,0.064093,0.105271,0.057059
2328,1790556196.980850220,101.283899,48651,0,20.061748,6.918148,74.058577,0.066346,0.113337,0.065743
2329,1790556197.181265354,96.899340,48779,0,18.216035,3.697405,74.692055,0.087189,0.156665,0.049991
2330,1790556197.281378508,103.714773,48754,0,19.175737,7.436702,76.414265,0.100786,0.521357,0.065926
2331,1790556197.381597996,98.955781,48675,0,19.997013,6.686891,72.066438,0.065597,0.099655,0.040187
2332,1790556197.481822252,97.892108,48670,0,19.438156,6.286660,71.964919,0.063400,0.098124,0.040849
2333,1790556197.682191849,102.004050,48415,0,19.526018,7.115610,75.130336,0.080016,0.096889,0.055181
2334,1790556197.782361507,95.629720,48185,0,19.219094,4.232722,71.688696,0.144747,0.213073,0.131388
2335,1790556197.882608414,97.043200,48125,0,19.258070,6.240980,71.198978,0.114454,0.156004,0.074714
2336,1790556198.083018780,96.108041,48179,0,18.813284,3.881548,73.146633,0.081667,0.136516,0.048393
2337,1790556198.183163643,104.100753,48163,0,19.666126,7.226508,76.923426,0.105536,0.129667,0.049490
2338,1790556198.283357620,104.287262,48135,0,20.229102,7.608330,76.158155,0.080779,0.154686,0.056210
2339,1790556198.383556366,98.936440,48131,0,19.599534,6.198682,72.771969,0.106468,0.204443,0.055344
2340,1790556198.483731985,98.612706,48220,0,19.592166,5.993871,72.144420,0.068630,0.750574,0.063045
2341,1790556198.583931446,98.834206,48214,0,19.620534,7.522379,71.328733,0.072032,0.198888,0.091640
2342,1790556198.684123039,97.419342,48319,0,19.567695,6.299558,71.283316,0.065630,0.123481,0.079662
2343,1790556198.784352541,98.405470,48420,0,19.552539,6.861124,71.639293,0.099598,0.176349,0.076567
2344,1790556198.884515047,96.588378,48595,0,19.109417,6.179678,71.082704,0.067179,0.106993,0.042407
2345,1790556199.084945679,100.548903,49052,0,17.834339,5.684083,76.489410,0.193004,0.283417,0.064650
2346,1790556199.185137510,98.062412,49290,0,19.692990,5.632148,72.493919,0.073746,0.119513,0.050096
2347,1790556199.285328388,96.962646,49469,0,19.455748,6.401127,70.880068,0.069984,0.112872,0.042847
2348,1790556199.385556936,93.708412,49612,0,18.938894,4.191805,70.242647,0.117199,0.171972,0.045895
2349,1790556199.485753059,93.937260,49679,0,19.419447,4.472769,69.748779,0.086299,0.162650,0.047316
2350,1790556199.585950375,101.685874,49708,0,19.392997,4.345985,77.250057,0.069249,0.582411,0.045175
2351,1790556199.686121941,107.031090,49688,0,20.133514,8.727989,77.864817,0.072325,0.155457,0.076988
2352,1790556199.786345005,97.873776,49657,0,19.984503,5.473365,72.057395,0.114325,0.139220,0.104968
2353,1790556199.886535168,97.199460,49705,0,20.562375,5.379788,70.951272,0.094849,0.142755,0.068421
2354,1790556199.986703634,98.196857,49684,0,20.469789,5.679190,71.729586,0.080301,0.172863,0.065128
2355,1790556200.086930037,98.858849,49794,0,20.174895,6.194029,72.251404,0.080088,0.105644,0.052789
2356,1790556200.187129498,96.687101,49814,0,20.311467,4.180829,71.952481,0.071462,0.106084,0.064778
2357,1790556200.287303686,95.194203,49802,0,20.013778,4.981276,69.906904,0.096320,0.138246,0.057679
2358,1790556200.387488842,95.008171,49878,0,20.206344,4.331186,70.195744,0.083193,0.143705,0.047999
2359,1790556200.487732887,100.996260,50041,0,19.754219,4.364894,76.645224,0.069172,0.104490,0.058261
2360,1790556200.587889433,105.194582,50364,0,19.744217,9.063270,75.621191,0.088206,0.615128,0.062570
2361,1790556200.688121557,99.619345,50954,0,20.169622,7.001863,72.162497,0.067462,0.155103,0.062798
2362,1790556200.788323402,95.820405,51875,0,19.378430,4.207249,71.997547,0.089981,0.102475,0.044723
2363,1790556200.888510466,96.435262,53130,0,19.061297,5.078737,72.011518,0.089555,0.149830,0.044325
2364,1790556200.988671541,96.315596,53949,0,19.278357,5.453473,71.335801,0.078718,0.116585,0.052662
2365,1790556201.088903666,95.281625,54694,0,19.984297,5.127972,69.940597,0.088089,0.099815,0.040855
2366,1790556201.189094543,100.574425,55044,0,19.932600,5.462894,74.965779,0.067826,0.103333,0.041993
2367,1790556201.289270878,103.546168,55126,0,19.401016,9.349346,74.508334,0.066951,0.139361,0.081160
2368,1790556201.389520168,96.957118,55074,0,19.726745,5.399297,71.564232,0.066951,0.133139,0.066754
2369,1790556201.489693403,96.060065,55034,0,19.073633,4.849138,71.872472,0.070923,0.151033,0.042866
2370,1790556201.589858532,96.460592,54755,0,19.426466,5.282264,71.050477,0.066390,0.574634,0.060361
2371,1790556201.690083027,95.666891,54504,0,19.839222,5.276897,70.317161,0.068428,0.106753,0.058430
2372,1790556201.790269375,94.757743,54843,0,19.832089,4.925260,69.752517,0.068782,0.130617,0.048478
2373,1790556201.890470028,101.601966,55010,0,19.455014,5.084377,76.854656,0.068101,0.098148,0.041670
2374,1790556201.990632296,100.750395,55027,0,19.995147,7.196510,73.280114,0.117029,0.103707,0.057888
2375,1790556202.090873241,93.116359,54913,0,19.740241,4.249231,68.862548,0.096191,0.113178,0.054970
2376,1790556202.191061020,97.920389,54849,0,18.972990,4.934789,73.744758,0.084122,0.126715,0.057015
2377,1790556202.291254520,103.557583,54758,0,19.970831,8.943591,74.377087,0.084131,0.131344,0.050599
2378,1790556202.391422033,101.272620,54251,0,20.507621,6.504725,73.986225,0.067358,0.155653,0.051038
2379,1790556202.491618633,100.744853,53537,0,20.151947,6.505003,73.806947,0.076920,0.139420,0.064616
2380,1790556202.591834784,105.100829,52352,0,20.286158,8.255916,75.801926,0.100683,0.588402,0.067744
2381,1790556202.692042828,102.413731,51045,0,19.608918,7.416302,75.132070,0.072275,0.121434,0.062732
2382,1790556202.792233706,102.594580,49911,0,20.325724,6.688397,75.238011,0.104941,0.171193,0.066314
2383,1790556202.892446280,104.651873,49421,0,20.463133,6.911933,77.014387,0.068717,0.115790,0.077913
2384,1790556202.992658854,103.153641,49249,0,20.609208,7.234818,74.994509,0.101745,0.133818,0.079543
2385,1790556203.092829466,105.517873,49042,0,19.593228,8.979813,76.678509,0.079784,0.135250,0.051289
2386,1790556203.193025112,102.679638,48659,0,19.982993,7.288762,75.093050,0.111659,0.150779,0.052395
2387,1790556203.293321609,101.645733,49121,0,19.839304,6.421615,75.119048,0.083634,0.132341,0.049791
2388,1790556203.393404007,104.334874,50033,0,19.612995,8.493347,75.975091,0.073195,0.126693,0.053553
2389,1790556203.493666887,105.393454,51337,0,19.824986,7.045101,78.254150,0.069020,0.150384,0.049813
2390,1790556203.593848228,104.516655,53808,0,19.122262,4.356711,80.393180,0.067072,0.533365,0.044065
2391,1790556203.794204712,105.101649,54936,0,19.732883,4.554472,80.600961,0.067293,0.103412,0.042628
2392,1790556203.894348145,106.969044,55006,0,20.733684,8.781024,77.135179,0.080306,0.158727,0.080124
2393,1790556203.994553328,103.249171,54923,0,20.246940,7.397322,75.359281,0.081138,0.114944,0.049546
2394,1790556204.094780922,103.257391,54908,0,19.686485,7.094611,76.163912,0.078462,0.169298,0.064623
2395,1790556204.194953442,102.791944,54897,0,20.022406,7.456430,74.993058,0.094854,0.157811,0.067385
2396,1790556204.295164824,106.805572,54894,0,20.051604,8.368579,78.144635,0.070983,0.125708,0.044063
2397,1790556204.395382166,103.202783,54895,0,20.514124,7.868886,74.514429,0.105435,0.138062,0.061847
2398,1790556204.495616913,105.552742,54855,0,20.288871,7.695465,77.232949,0.081206,0.200063,0.054188
2399,1790556204.595720530,106.594988,54866,0,20.042613,8.882250,77.446502,0.069523,0.110733,0.043367
2400,1790556204.796165705,97.417129,54907,0,20.161582,6.126835,70.388463,0.067365,0.577361,0.095523
2401,1790556204.896328926,98.226703,54848,0,19.442990,7.013319,71.541515,0.079193,0.105757,0.043929
2402,1790556205.096765995,106.047056,54878,0,20.193060,8.143101,77.416744,0.098726,0.112996,0.082429
2403,1790556205.196958303,107.408886,54853,0,19.653367,8.582369,78.811328,0.129782,0.182337,0.049703
2404,1790556205.297126293,102.045891,54923,0,20.027869,7.042601,74.639719,0.078616,0.176020,0.081066
2405,1790556205.397337675,106.825626,54912,0,19.635805,8.382511,78.522016,0.070602,0.162121,0.052571
2406,1790556205.497526884,105.097565,54962,0,19.651174,8.521715,76.681198,0.067245,0.128358,0.047875
2407,1790556205.597790480,102.176228,54943,0,19.538421,6.811686,75.574163,0.078582,0.124849,0.048527
2408,1790556205.697926283,102.197747,54912,0,19.632012,6.633181,75.629142,0.118697,0.124487,0.060228
2409,1790556205.798156977,103.001059,54943,0,19.248930,8.108610,75.374450,0.079357,0.127439,0.062273
2410,1790556205.898339272,102.529397,54942,0,19.742792,7.828280,74.016147,0.147525,0.730564,0.064089
2411,1790556205.998511076,105.930345,54988,0,19.055523,7.975337,78.677706,0.065968,0.100011,0.055800
2412,1790556206.098717451,96.223577,54994,0,19.747107,4.679487,71.560743,0.070122,0.122015,0.044103
2413,1790556206.198976278,96.760451,54968,0,19.621510,4.838006,72.063669,0.070549,0.121874,0.044843
2414,1790556206.299092531,95.022776,55011,0,19.088538,4.442395,71.219566,0.072761,0.137278,0.062238
2415,1790556206.399312973,104.816384,54943,0,19.410581,7.429530,77.634600,0.113464,0.182009,0.046200
2416,1790556206.599682093,99.347007,54897,0,18.782313,5.999528,74.227962,0.122889,0.165417,0.048898
2417,1790556206.699872255,99.877685,54845,0,19.564140,6.323771,73.488204,0.137815,0.280110,0.083645
2418,1790556206.800082684,103.055583,54843,0,19.802309,8.128522,74.812050,0.095692,0.151553,0.065457
2419,1790556206.900306940,106.685227,54831,0,19.327382,9.356005,77.702836,0.075120,0.162209,0.061675
2420,1790556207.000442266,103.726321,54817,0,19.664911,7.107961,76.158396,0.100718,0.625657,0.068678
2421,1790556207.100710869,102.710558,54834,0,19.550542,7.705569,75.167400,0.074517,0.133953,0.078577
2422,1790556207.200860739,105.517532,54812,0,19.829495,8.499590,76.922605,0.093412,0.128267,0.044163
2423,1790556207.301088810,103.175281,54853,0,20.366981,7.012298,75.488766,0.078007,0.158544,0.070685
2424,1790556207.401260376,105.602240,54912,0,19.386576,8.274763,77.627614,0.079263,0.136131,0.097893
2425,1790556207.501448154,105.845565,54922,0,19.227106,7.766665,78.541154,0.075388,0.160204,0.075048
2426,1790556207.601683378,104.979301,54896,0,18.925662,7.579108,78.197229,0.068650,0.160341,0.048311
2427,1790556207.701898336,106.446425,54909,0,19.293306,9.126681,77.755437,0.108305,0.114352,0.048344
2428,1790556207.902269840,101.481296,54865,0,19.191709,7.553012,74.406851,0.096476,0.160408,0.072840
2429,1790556208.002411127,102.381527,54901,0,19.614925,7.760633,74.694942,0.078424,0.160515,0.072088
2430,1790556208.102641582,105.633061,54880,0,19.633031,7.618234,77.692385,0.112686,0.524455,0.052270
2431,1790556208.303027391,94.449781,54856,0,19.488184,4.887577,69.781582,0.071155,0.156910,0.064373
2432,1790556208.403227091,95.074532,54895,0,19.590161,4.497277,70.706004,0.098913,0.137099,0.045078
2433,1790556208.503420353,96.152621,54893,0,20.026030,4.798210,70.973413,0.071287,0.220450,0.063231
2434,1790556208.603604555,95.421176,54851,0,20.127662,4.404625,70.634942,0.070376,0.123474,0.060097
2435,1790556208.703784943,93.421211,54902,0,19.477509,4.036384,69.666372,0.069313,0.118113,0.053520
2436,1790556208.804009914,93.273826,54864,0,18.995499,4.102653,69.936668,0.071819,0.122496,0.044691
2437,1790556208.904211521,94.934997,54907,0,19.923665,4.754923,69.988199,0.071245,0.140085,0.056880
2438,1790556209.004395485,95.155437,54907,0,19.439779,4.889626,70.496665,0.116534,0.138190,0.074643
2439,1790556209.104608536,94.228938,54897,0,18.531672,4.403805,70.976921,0.097056,0.161756,0.057728
2440,1790556209.204821587,95.708832,54920,0,19.905143,4.770845,70.293600,0.070576,0.623321,0.045347
2441,1790556209.305025578,95.607223,54875,0,20.308222,4.976955,70.019233,0.087244,0.151901,0.063668
2442,1790556209.405190945,95.413967,54883,0,19.838827,4.981892,70.332197,0.084159,0.134774,0.042118
2443,1790556209.505414724,95.426693,54918,0,19.664624,5.229176,70.224639,0.067135,0.183042,0.058077
2444,1790556209.605581760,94.626865,54874,0,19.627431,4.528575,70.218654,0.069598,0.123986,0.058621
2445,1790556209.705772877,94.955999,54911,0,19.678920,4.514012,70.488978,0.068132,0.149152,0.056805
2446,1790556209.805963039,95.099860,54874,0,20.516196,4.413762,69.866149,0.102407,0.147442,0.053904
2447,1790556209.906192064,95.440296,54882,0,20.273329,4.448885,70.440541,0.083454,0.137376,0.056711
2448,1790556210.006372690,94.858074,54842,0,19.807801,4.589850,70.216292,0.069742,0.127227,0.047162
2449,1790556210.106593609,95.241038,54893,0,19.698780,4.861028,70.418244,0.068479,0.127820,0.066687
2450,1790556210.206789970,94.715039,54799,0,19.792516,4.577122,69.621263,0.069798,0.609789,0.044551
2451,1790556210.306948900,95.787655,54895,0,20.156259,4.980682,70.384381,0.067992,0.137792,0.060549
2452,1790556210.407187223,94.750793,54890,0,19.322010,4.865199,70.256891,0.078604,0.139317,0.088772
2453,1790556210.507370234,93.863258,54863,0,19.465975,4.492546,69.667681,0.072218,0.121233,0.043605
2454,1790556210.607567787,94.658019,54868,0,20.722855,4.009717,69.692964,0.065516,0.123152,0.043815
2455,1790556210.707744598,99.387553,54842,0,20.699563,4.402938,73.943534,0.146855,0.145505,0.049158
2456,1790556210.807974815,99.865963,54850,0,20.239571,4.220091,75.159878,0.083924,0.115718,0.046781
2457,1790556210.908237934,100.675732,54867,0,20.831060,4.568082,75.035355,0.074978,0.122773,0.043484
2458,1790556211.008353472,100.474311,54901,0,20.543467,4.283448,75.322348,0.073077,0.117917,0.134054
2459,1790556211.108583212,102.991964,54883,0,20.419334,4.258446,78.031487,0.069626,0.137570,0.075501
2460,1790556211.208724022,103.019831,54829,0,20.603583,5.286842,76.313413,0.066530,0.644082,0.105381
2461,1790556211.308938265,100.679315,54834,0,20.708226,5.565960,74.072578,0.096026,0.151716,0.084809
2462,1790556211.409116745,101.673204,54865,0,20.692214,5.660298,75.077251,0.069567,0.106659,0.067215
2463,1790556211.509323120,102.174922,54870,0,20.562244,5.177187,76.184792,0.076006,0.127291,0.047402
2464,1790556211.709727526,100.432892,54861,0,19.773987,6.894353,73.506329,0.074969,0.119604,0.063650
2465,1790556211.809869766,102.768461,54885,0,19.671653,6.809559,76.034585,0.082710,0.122314,0.047640
2466,1790556212.010300636,98.075879,54840,0,19.616873,4.481641,73.672097,0.085999,0.149490,0.069779
2467,1790556212.110519648,99.775632,54819,0,20.282666,4.333476,74.920134,0.085277,0.110230,0.043849
2468,1790556212.210693598,102.769407,54873,0,20.560707,4.259094,77.421215,0.158235,0.261354,0.108802
2469,1790556212.310890198,101.691934,54874,0,20.187317,5.105735,76.159168,0.065396,0.132958,0.041360
2470,1790556212.411086082,99.870521,54847,0,19.722393,5.309386,74.153520,0.066773,0.530803,0.087646
2471,1790556212.511309862,100.378953,54852,0,19.579914,5.198359,75.374446,0.064184,0.120188,0.041862
2472,1790556212.611516476,100.026673,54796,0,20.169092,5.288299,74.354692,0.066224,0.106796,0.041570
2473,1790556212.811895370,94.904268,54846,0,19.721530,4.866186,70.074678,0.075855,0.118597,0.047422
2474,1790556212.912106276,93.215218,54815,0,19.630148,3.938147,69.392488,0.078073,0.128805,0.047557
2475,1790556213.012300014,94.480856,54888,0,20.009188,4.452448,69.786074,0.070642,0.116822,0.045682
2476,1790556213.112501144,93.598986,54816,0,19.474635,3.924830,69.931486,0.074465,0.148119,0.045451
2477,1790556213.212653399,94.093842,54844,0,19.898683,4.384900,69.528194,0.082826,0.141603,0.057636
2478,1790556213.413063765,94.240691,54827,0,19.898815,4.258307,69.790573,0.084650,0.152016,0.056330
2479,1790556213.513256550,92.707820,54857,0,19.101222,4.225257,69.137704,0.074363,0.120562,0.048712
2480,1790556213.613412857,94.711253,54835,0,19.517235,4.186732,70.303524,0.070232,0.580339,0.053191
2481,1790556213.813824415,93.088256,54881,0,18.266097,4.241533,70.323360,0.074094,0.137320,0.045852
2482,1790556213.914044380,93.832334,54878,0,19.754409,4.172192,69.550094,0.108181,0.188058,0.059400
2483,1790556214.014238834,94.370664,54818,0,19.811198,3.967808,70.310310,0.072273,0.142469,0.066606
2484,1790556214.214624882,93.465809,54856,0,19.227069,4.395563,69.522234,0.102817,0.170086,0.048040
2485,1790556214.415008545,93.524183,54861,0,19.103792,4.221300,69.900275,0.077983,0.153640,0.067193
2486,1790556214.515232801,94.877606,54811,0,19.313323,4.644744,70.615727,0.102395,0.153762,0.047655
2487,1790556214.815838099,93.970768,54835,0,19.505771,4.592806,69.614514,0.076339,0.129108,0.052230
2488,1790556215.216604233,101.918836,54877,0,19.170471,7.147488,75.276614,0.123778,0.147556,0.052929
2489,1790556215.317005634,102.090571,54870,0,19.748341,8.076815,73.943722,0.076666,0.143566,0.101461
2490,1790556215.417017937,106.689322,54888,0,19.670702,9.269983,76.940996,0.074670,0.672740,0.060231
2491,1790556215.517195940,107.162492,54843,0,19.604711,8.668092,78.572116,0.069800,0.184676,0.063097
2492,1790556215.617342710,107.199095,54868,0,20.155795,7.851673,78.740429,0.114168,0.240402,0.096628
2493,1790556215.717561007,105.793776,54852,0,19.861252,8.584228,77.075591,0.087220,0.142098,0.043387
2494,1790556215.917960644,92.779263,54861,0,17.981966,4.287788,70.241776,0.083833,0.137869,0.046031
2495,1790556216.018167734,99.048479,54807,0,19.805111,5.011090,73.839844,0.142464,0.183908,0.066062
2496,1790556216.118380547,100.265878,54830,0,19.861945,4.912000,75.261727,0.067036,0.120656,0.042514
2497,1790556216.218558788,94.377921,54883,0,19.447389,4.716801,69.772768,0.187195,0.192595,0.061173
2498,1790556216.318776369,94.504702,54836,0,19.598257,5.166385,69.482924,0.085989,0.123194,0.047953
2499,1790556216.418956757,96.195199,54895,0,20.479069,4.982792,70.449413,0.095575,0.142532,0.045818
2500,1790556216.519109726,95.332690,54852,0,19.713667,5.165765,69.694892,0.074173,0.617416,0.066777
2501,1790556216.619323969,98.035125,54921,0,19.559126,4.545707,73.602674,0.072903,0.182285,0.072430
2502,1790556216.719572067,98.723301,54859,0,20.020409,4.957772,73.371245,0.115887,0.179523,0.078465
2503,1790556217.020159960,92.938021,54901,0,18.439367,4.831544,69.429916,0.072330,0.114577,0.050287
2504,1790556217.120319128,97.758688,54856,0,19.356282,4.778041,73.218426,0.102621,0.233973,0.069345
2505,1790556217.220555067,98.281557,54812,0,19.605371,4.879521,73.469533,0.084822,0.140400,0.101910
2506,1790556217.320717573,100.012623,54820,0,19.659318,4.916926,75.025520,0.159958,0.184152,0.066749
2507,1790556217.420935392,101.212448,54811,0,20.449834,5.009043,75.518583,0.067736,0.102947,0.064305
2508,1790556217.521132708,100.248799,54862,0,19.972662,5.330256,74.539431,0.082985,0.252676,0.070789
2509,1790556217.621304989,100.569586,54858,0,19.911017,5.206665,75.159503,0.134686,0.110792,0.046923
2510,1790556217.721527100,100.223065,54844,0,19.548715,5.131777,74.772718,0.098276,0.625508,0.046071
2511,1790556217.821702242,101.951852,54857,0,19.495588,4.587482,77.628734,0.068685,0.111143,0.060220
2512,1790556217.921902895,101.279051,54821,0,20.029901,4.941918,76.095613,0.066076,0.104129,0.041414
2513,1790556218.022085428,97.980187,54851,0,20.106015,4.581524,73.005587,0.074402,0.136236,0.076423
2514,1790556218.122282028,93.757399,54882,0,19.892250,4.175229,69.452408,0.067526,0.110651,0.059335
2515,1790556218.222454309,94.351602,54830,0,19.547715,4.605756,69.802713,0.125604,0.195451,0.074363
2516,1790556218.322689772,93.893374,54884,0,19.018888,4.722457,69.906699,0.079060,0.121389,0.044881
2517,1790556218.422869444,94.155448,54856,0,19.478310,4.712460,69.703774,0.098432,0.114847,0.047625
2518,1790556218.523096800,95.583854,54882,0,19.623817,4.935186,70.774012,0.080577,0.125485,0.044777
2519,1790556218.623296738,94.676765,54856,0,19.816463,4.813788,69.809816,0.074355,0.117063,0.045280
2520,1790556218.723511219,95.875040,54922,0,19.945857,4.953180,70.328688,0.069081,0.529108,0.049126
2521,1790556219.124276638,95.238665,54876,0,19.672218,5.173088,70.111949,0.113979,0.109870,0.057561
2522,1790556219.224416256,93.882568,54873,0,18.849330,5.036082,69.753206,0.069057,0.114578,0.060315
2523,1790556219.324676037,95.920385,54847,0,19.731856,5.385091,70.545809,0.069146,0.130166,0.058317
2524,1790556219.424860001,95.322981,54883,0,20.010830,5.040637,69.932000,0.067089,0.199467,0.072958
2525,1790556219.525070906,95.487301,54863,0,19.640851,5.305043,70.270815,0.085478,0.139605,0.045509
2526,1790556219.625226974,94.546629,54862,0,19.231684,5.124911,69.846204,0.170034,0.128450,0.045346
2527,1790556219.725438833,95.167274,54867,0,19.485989,5.169163,70.272527,0.068575,0.111017,0.060003
2528,1790556219.825665474,95.941504,54877,0,19.763187,5.180325,70.742484,0.070347,0.138871,0.046290
2529,1790556219.925828934,95.417605,54876,0,20.152611,4.943245,70.062803,0.084707,0.129842,0.044397
2530,1790556220.026048660,95.723758,54817,0,19.903042,5.066970,70.079603,0.084351,0.543319,0.046473
2531,1790556220.226444960,94.313877,54863,0,18.916292,5.132703,70.009981,0.084020,0.112333,0.058548
2532,1790556220.326663733,95.364653,54836,0,19.720693,5.100538,70.297112,0.087370,0.115832,0.043108
2533,1790556220.426811457,94.517240,54828,0,19.256630,4.372532,70.640887,0.069799,0.123089,0.054303
2534,1790556220.627236128,94.341050,54880,0,19.457232,4.686386,69.962000,0.071044,0.117725,0.046663
2535,1790556220.727599382,94.765566,54830,0,19.040040,5.326025,70.152499,0.077095,0.124577,0.045330
2536,1790556220.827598572,94.861753,54840,0,19.088718,5.023173,70.481841,0.077061,0.129987,0.060973
2537,1790556220.927779675,94.537577,54790,0,19.188261,5.356570,69.731804,0.082716,0.125524,0.052702
2538,1790556221.027956724,94.681014,54900,0,19.867056,4.754170,69.824663,0.074381,0.114645,0.046099
2539,1790556221.128177166,94.234542,54824,0,18.892079,5.365913,69.726288,0.089755,0.114891,0.045616
2540,1790556221.228372335,93.400310,54875,0,18.926149,4.080116,69.714954,0.073619,0.548933,0.056539
2541,1790556221.328602076,100.180388,54864,0,19.905961,4.339037,75.695172,0.077055,0.116800,0.046363
2542,1790556221.428794146,99.762007,54897,0,20.068783,4.247273,75.184322,0.073604,0.110759,0.077266
2543,1790556221.528966665,101.877119,54888,0,19.817500,4.126795,77.678234,0.081581,0.130257,0.042752
2544,1790556221.629192114,99.950577,54862,0,20.536335,4.736555,74.467943,0.065980,0.102348,0.041416
2545,1790556221.729388475,98.066083,54904,0,20.076270,4.029444,73.597579,0.164506,0.136588,0.061696
2546,1790556221.829590321,95.143253,54847,0,20.447326,4.111273,70.041053,0.217703,0.272093,0.053805
2547,1790556221.929780960,95.204465,54864,0,19.992385,4.542003,70.256494,0.154509,0.214482,0.044592
2548,1790556222.029982090,92.834604,54838,0,18.874987,4.169236,69.571875,0.068858,0.105597,0.044051
2549,1790556222.130145788,93.719322,54831,0,19.560162,4.166658,69.760775,0.066443,0.107344,0.057940
2550,1790556222.330518723,94.726526,54845,0,19.952084,4.589908,69.444315,0.101226,0.597009,0.041984
2551,1790556222.430783272,98.761716,54889,0,19.890550,4.418329,73.965026,0.230702,0.182679,0.074430
2552,1790556222.530945778,100.870173,54859,0,20.300959,4.391531,75.899499,0.092345,0.139498,0.046341
2553,1790556222.631173134,100.636383,54887,0,20.325477,4.153840,75.943247,0.067784,0.102934,0.043101
2554,1790556222.731324911,99.971473,54867,0,20.453916,4.332697,74.970665,0.068049,0.103463,0.042683
2555,1790556222.831547499,100.169209,54870,0,20.088344,4.677082,75.135416,0.065914,0.104012,0.098441
2556,1790556222.931710243,100.556285,54843,0,20.208272,5.323860,74.701562,0.101412,0.170282,0.050897
2557,1790556223.031958580,100.051992,54858,0,19.835559,5.189958,74.776346,0.073252,0.111214,0.065663
2558,1790556223.132148027,99.649778,54854,0,20.046305,4.976870,74.336039,0.079727,0.159953,0.050884
2559,1790556223.232345581,100.287334,54870,0,19.922709,5.070298,74.981512,0.131567,0.116927,0.064321
2560,1790556223.332514524,98.702602,54875,0,19.995049,4.563106,73.436809,0.072271,0.590561,0.044806
2561,1790556223.432738066,98.074380,54901,0,19.310906,4.604785,73.843036,0.105386,0.160867,0.049400
2562,1790556223.532943964,99.463347,54898,0,20.131085,4.713387,74.379655,0.071419,0.120657,0.047144
2563,1790556223.633098841,95.601080,54902,0,20.457317,4.114261,70.689955,0.093989,0.152728,0.092830
2564,1790556223.733314276,95.325717,54865,0,19.962076,5.094222,70.058157,0.068016,0.100885,0.042361
2565,1790556223.833463907,96.642084,54893,0,20.336107,4.731877,71.293973,0.085809,0.131000,0.063318
2566,1790556224.033895731,91.586304,54845,0,18.204444,4.011751,69.138924,0.072495,0.112521,0.046169
2567,1790556224.134112358,93.160668,54826,0,18.599834,4.152394,70.120511,0.075232,0.164189,0.048508
2568,1790556224.234306574,93.407406,54876,0,18.627573,4.074091,70.458235,0.076319,0.123458,0.047730
2569,1790556224.434709549,95.279549,54834,0,20.263693,4.376840,70.365590,0.088978,0.137738,0.046710
2570,1790556224.534893036,94.595775,54844,0,20.009504,4.065994,69.857494,0.073648,0.539218,0.049917
2571,1790556224.635090828,95.261323,54861,0,19.369393,4.472649,71.164235,0.074372,0.133585,0.047089
2572,1790556224.735297680,94.302881,54887,0,19.080028,4.499725,70.488033,0.074172,0.116746,0.044177
2573,1790556224.835455418,95.267681,54857,0,19.976840,4.836981,70.172154,0.069511,0.156161,0.056034
2574,1790556224.935660124,93.649929,54886,0,19.260488,3.932054,70.124278,0.096622,0.171045,0.065442
2575,1790556225.035848141,98.792438,54932,0,18.928385,4.048661,75.250733,0.188836,0.328647,0.047176
2576,1790556225.136047602,99.470523,54862,0,19.647329,4.309711,75.053384,0.258267,0.149980,0.051852
2577,1790556225.236240387,99.347245,54895,0,19.874081,4.245715,74.912199,0.122839,0.146446,0.045965
2578,1790556225.336420536,99.411920,54871,0,19.519296,4.458006,75.097665,0.102337,0.169662,0.064954
2579,1790556225.436613560,99.955543,54905,0,19.951512,4.911988,74.864552,0.069214,0.101909,0.056368
2580,1790556225.536857367,98.827356,54853,0,19.555117,4.765238,73.533360,0.227053,0.699671,0.046917
2581,1790556225.637033939,100.370094,54854,0,19.147487,4.659020,76.159185,0.134890,0.225623,0.043889
2582,1790556225.737228632,99.235025,54851,0,19.504006,4.736573,74.736089,0.101756,0.111901,0.044700
2583,1790556225.837424994,97.759609,54907,0,19.211694,4.685444,73.611791,0.075917,0.132139,0.042624
2584,1790556225.937644482,99.696261,54887,0,19.465860,4.900944,75.105258,0.077296,0.104423,0.042480
2585,1790556226.037857771,99.581187,54879,0,19.802032,4.643035,74.893807,0.090410,0.109442,0.042461
2586,1790556226.138001442,99.467779,54900,0,19.706491,4.758985,74.766139,0.069711,0.123490,0.042963
2587,1790556226.238232613,99.890704,54878,0,19.772338,4.475404,75.371842,0.072045,0.154353,0.044722
2588,1790556226.438595295,94.578913,54909,0,20.288354,4.438858,69.617072,0.068500,0.103983,0.062146
2589,1790556226.538794041,93.140575,54877,0,18.832256,4.163054,69.861860,0.069937,0.167458,0.046010
2590,1790556226.639011860,97.955088,54861,0,18.818724,4.407894,74.055333,0.075439,0.532562,0.065136
2591,1790556226.739223957,100.293550,54846,0,19.944220,4.133669,75.992799,0.076669,0.103410,0.042783
2592,1790556226.839375019,99.484302,54865,0,19.767477,4.099756,75.371276,0.071536,0.118315,0.055942
2593,1790556226.939609289,95.085189,54866,0,19.958381,4.012797,70.698131,0.131845,0.231199,0.052836
2594,1790556227.039811611,94.712819,54864,0,19.675188,5.009886,69.799114,0.067799,0.111384,0.049448
2595,1790556227.140002728,93.605690,54884,0,19.116006,4.972606,69.290537,0.066061,0.103887,0.056593
2596,1790556227.240165949,93.641567,54898,0,19.539927,4.588158,69.222565,0.100237,0.113074,0.077606
2597,1790556227.340336084,94.774543,54855,0,19.963858,4.453389,70.105218,0.075683,0.113472,0.062923
2598,1790556227.440613747,93.817842,54864,0,18.688955,4.613953,70.266392,0.078295,0.104583,0.065664
2599,1790556227.540759325,93.775591,54876,0,19.447052,4.451472,69.652250,0.064426,0.102097,0.058294
2600,1790556227.640990257,98.307135,54863,0,19.644409,4.213244,73.715829,0.078159,0.592826,0.062668
2601,1790556227.741195917,100.344885,54848,0,19.740764,4.453426,75.907308,0.082451,0.114069,0.046867
2602,1790556227.841381550,100.523615,54863,0,19.809663,4.260907,76.145112,0.073391,0.126345,0.108197
2603,1790556227.941557646,99.253894,54813,0,20.104971,4.066673,74.863906,0.076638,0.100050,0.041656
2604,1790556228.041742802,99.460448,54881,0,19.982741,4.166617,75.095057,0.070348,0.103052,0.042633
2605,1790556228.141975641,99.882652,54884,0,20.496307,4.188962,74.885568,0.123315,0.146190,0.042310
2606,1790556228.242158413,99.962981,54859,0,20.183795,4.196336,75.261249,0.115171,0.144296,0.062134
2607,1790556228.342328072,99.128236,54857,0,19.413875,4.200245,75.167405,0.098219,0.203334,0.045158
2608,1790556228.442579269,100.402956,54874,0,20.345230,4.977767,74.776891,0.076517,0.127923,0.098628
2609,1790556228.642927885,94.167025,54866,0,19.905914,4.275876,69.726979,0.070040,0.131774,0.056442
2610,1790556228.743155003,94.386674,54834,0,19.976207,4.055762,69.691621,0.066407,0.552058,0.044619
2611,1790556229.043745518,93.778714,54835,0,19.030254,4.620593,69.882898,0.068996,0.114006,0.061967
2612,1790556229.244121790,94.657509,54851,0,19.471435,4.174560,70.773514,0.071586,0.120919,0.045495
2613,1790556229.544697523,91.915635,54819,0,18.255100,4.003455,69.315044,0.101050,0.146529,0.094457
2614,1790556229.644923210,94.228298,54895,0,19.620767,4.124201,70.235621,0.070981,0.132067,0.044661
2615,1790556229.745081186,95.013735,54858,0,19.944381,4.373050,70.451994,0.077735,0.118904,0.047671
2616,1790556229.845301151,93.279506,54855,0,19.236727,3.813714,69.930804,0.103326,0.148684,0.046251
2617,1790556229.945447683,92.670024,54828,0,18.734129,4.289424,69.345702,0.101862,0.150275,0.048632
2618,1790556230.045679092,93.715047,54808,0,19.353943,4.000256,70.116805,0.072892,0.125036,0.046115
2619,1790556230.145892143,93.162213,54860,0,19.476459,3.960746,69.490834,0.071015,0.117506,0.045653
2620,1790556230.246563435,94.013447,54896,0,19.030889,4.314537,69.905390,0.067090,0.632165,0.063376
2621,1790556230.346264362,98.385892,54897,0,19.639763,4.185777,74.174520,0.128587,0.183980,0.073265
2622,1790556230.546727657,94.046253,54902,0,19.163220,4.068206,70.496629,0.105253,0.165938,0.047007
2623,1790556230.646858454,93.838497,54851,0,19.486734,4.332218,69.783470,0.072186,0.119224,0.044665
2624,1790556230.847243786,93.989851,54844,0,19.566815,4.298058,69.764627,0.092517,0.204357,0.063477
2625,1790556230.947436571,94.241479,54886,0,19.115426,5.064740,69.756578,0.095272,0.147203,0.062260
2626,1790556231.047650814,93.833467,54895,0,19.515909,4.287097,69.762438,0.077692,0.143109,0.047222
2627,1790556231.147843599,93.451505,54893,0,19.006777,3.937060,70.211698,0.087611,0.157065,0.051294
2628,1790556231.248052120,94.504287,54835,0,20.049650,4.114627,70.041748,0.102757,0.143145,0.052360
2629,1790556231.448444843,93.879354,54823,0,19.508011,4.475389,69.629960,0.090343,0.124966,0.050685
2630,1790556231.648815632,93.967970,54882,0,18.807140,4.928430,69.529741,0.099380,0.556036,0.047243
2631,1790556231.849182606,95.751737,54860,0,18.653726,6.079217,70.701913,0.078661,0.182088,0.056132
2632,1790556232.149805307,96.345892,54841,0,18.182382,5.928391,71.913849,0.087542,0.172321,0.061407
2633,1790556232.350214005,101.912169,54841,0,18.777939,7.504246,75.341667,0.091682,0.134351,0.062284
2634,1790556232.450388432,105.237151,54873,0,19.278045,7.894130,77.827724,0.084988,0.108140,0.044124
2635,1790556232.550607920,106.193648,54815,0,19.077411,9.385241,77.458684,0.066804,0.122109,0.083399
2636,1790556232.650805950,106.065231,54840,0,19.523243,7.623046,78.624408,0.087912,0.134594,0.072028
2637,1790556232.851180553,95.572611,54841,0,17.982840,5.550502,71.794329,0.076488,0.117998,0.050454
2638,1790556232.951371431,95.598767,54816,0,18.913147,6.339973,70.033638,0.095744,0.143875,0.072390
2639,1790556233.151796579,96.075961,54897,0,18.952715,6.784459,70.094188,0.072668,0.126387,0.045544
2640,1790556233.352160692,101.243065,54843,0,18.678697,7.141368,74.774399,0.070139,0.530478,0.047984
2641,1790556233.452380419,107.046940,54858,0,19.487509,9.329805,77.987222,0.075066,0.118323,0.049015
2642,1790556233.552608013,105.492465,54881,0,19.805857,6.957611,78.375597,0.101153,0.206506,0.045741
2643,1790556233.652726889,106.349193,54838,0,19.350104,8.553229,78.181359,0.085074,0.133325,0.046102
2644,1790556233.752954483,105.482532,54855,0,19.707932,8.604162,76.895219,0.069355,0.140779,0.065085
2645,1790556233.853130102,105.950292,54857,0,19.843306,7.961314,77.912956,0.065467,0.102351,0.064898
2646,1790556234.053567648,100.524873,54844,0,18.935036,4.520032,76.796992,0.083042,0.145490,0.044281
2647,1790556234.153782129,100.882284,54837,0,19.300444,4.907699,76.439678,0.070485,0.105713,0.058265
2648,1790556234.253972769,101.923660,54846,0,19.140565,4.993586,77.540085,0.069629,0.113101,0.066694
2649,1790556234.354154825,101.507356,54870,0,19.716556,5.391399,76.141803,0.069534,0.130553,0.057511
2650,1790556234.454424620,101.233378,54836,0,19.966250,4.672747,75.925973,0.084363,0.525521,0.058524
2651,1790556234.654719591,93.545713,54871,0,18.813080,4.789473,69.708846,0.074847,0.116669,0.042798
2652,1790556234.855141878,94.414174,54827,0,19.289150,4.862422,70.007223,0.076574,0.129811,0.048994
2653,1790556234.955331087,94.339453,54840,0,19.375919,4.206335,70.497685,0.086504,0.125179,0.047831
2654,1790556235.055524349,95.103995,54875,0,19.502746,4.932573,70.355357,0.068241,0.198257,0.046821
2655,1790556235.255899429,94.084067,54891,0,17.973327,5.954724,69.909144,0.081034,0.120239,0.045599
2656,1790556235.356094122,97.936367,54838,0,19.482832,7.053859,71.041023,0.066287,0.171542,0.120824
2657,1790556235.456280947,99.531034,54904,0,20.073178,6.335913,72.883257,0.079195,0.117075,0.042416
2658,1790556235.556478739,101.737986,54830,0,19.671917,8.050290,73.787737,0.067504,0.118855,0.041683
2659,1790556235.656718493,108.515130,54829,0,19.980599,9.913620,78.345306,0.107518,0.125269,0.042818
2660,1790556235.756907463,106.363857,54877,0,19.771848,8.705457,77.124779,0.097046,0.609481,0.055246
2661,1790556235.857102156,106.506988,54833,0,19.176911,8.736405,78.372110,0.069047,0.108207,0.044308
2662,1790556235.957267284,106.013850,54856,0,19.559975,9.235872,76.970103,0.081740,0.124149,0.042011
2663,1790556236.057467937,102.134514,54866,0,19.308131,8.267045,74.260995,0.091991,0.126729,0.079623
2664,1790556236.157662630,104.645917,54869,0,19.610604,7.517941,77.255417,0.069396,0.147640,0.044919
2665,1790556236.257857800,101.894374,54848,0,19.875944,7.252404,74.496402,0.085795,0.137934,0.045895
2666,1790556236.358079433,102.936053,54871,0,19.670818,7.957333,74.950111,0.089860,0.208120,0.059811
2667,1790556236.458255529,101.223793,54810,0,19.943138,7.360751,73.632330,0.084919,0.141286,0.061369
2668,1790556236.558426619,104.502939,54827,0,19.567972,8.071710,76.620820,0.073355,0.115842,0.053240
2669,1790556236.658692122,107.902566,54843,0,19.134965,7.509563,80.917302,0.075178,0.167809,0.097749
2670,1790556236.758878946,108.823042,54884,0,19.552328,7.758937,80.796566,0.067990,0.600409,0.046812
2671,1790556236.859041691,102.449398,54840,0,18.220127,5.013225,78.964907,0.084281,0.105242,0.061616
2672,1790556237.059466124,96.534115,54811,0,18.654061,7.247409,70.399877,0.066973,0.107819,0.057976
2673,1790556237.159626961,94.840193,54811,0,19.534722,5.151122,69.881431,0.102421,0.126114,0.044383
2674,1790556237.259826422,95.202997,54812,0,19.123462,5.768595,70.080302,0.066516,0.107285,0.056837
2675,1790556237.359991074,94.050701,54835,0,19.259966,5.279258,69.284211,0.069270,0.114756,0.043240
2676,1790556237.460191488,96.003728,54845,0,19.526749,5.531973,70.690250,0.085702,0.125498,0.043556
2677,1790556237.560410261,95.843337,54817,0,20.159936,4.920940,70.431606,0.123428,0.157127,0.050300
2678,1790556237.660598516,93.374054,54876,0,18.828772,5.007402,69.316347,0.069297,0.108977,0.043259
2679,1790556237.760837078,94.349836,54819,0,19.438446,4.887056,69.776730,0.073342,0.126156,0.048106
2680,1790556237.861021042,95.889833,54842,0,19.986860,4.840079,70.352558,0.085346,0.583402,0.041588
2681,1790556237.961218596,95.996870,54883,0,19.848242,5.236616,70.669785,0.069936,0.127384,0.044907
2682,1790556238.061400890,94.261796,54876,0,19.805658,4.392460,69.826000,0.067876,0.111037,0.058765
2683,1790556238.161656141,94.984531,54842,0,19.416874,4.997696,70.335346,0.069309,0.106757,0.058549
2684,1790556238.261844635,94.204813,54878,0,19.272173,4.718315,69.955728,0.068296,0.133608,0.056693
2685,1790556238.361963987,94.525735,54829,0,19.707809,4.445226,70.047179,0.108436,0.140079,0.077006
2686,1790556238.462205172,98.441214,54875,0,19.229083,4.791103,74.080307,0.098569,0.164178,0.077974
2687,1790556238.562409401,99.829856,54879,0,19.422259,4.371696,75.695273,0.155605,0.121097,0.063926
2688,1790556238.662553072,99.519888,54906,0,19.690499,4.231022,75.286536,0.138794,0.127150,0.045887
2689,1790556238.762812853,97.187769,54860,0,19.546212,4.278739,73.091725,0.080495,0.134277,0.056321
2690,1790556238.862971067,94.741481,54847,0,18.790422,4.340773,71.012184,0.065139,0.490207,0.042756
2691,1790556238.963188410,98.099934,54832,0,19.024286,4.424956,74.022002,0.196761,0.335117,0.096812
2692,1790556239.063398361,98.102321,54867,0,20.080879,4.094204,73.518942,0.139674,0.179081,0.089541
2693,1790556239.263762236,98.865745,54829,0,20.018027,4.139951,74.135756,0.193164,0.270765,0.108082
2694,1790556239.464141607,94.346616,54832,0,19.673820,4.161646,70.121523,0.122743,0.223421,0.043463
2695,1790556239.564349413,96.610867,54871,0,19.433455,4.261382,72.532620,0.115548,0.201796,0.066066
2696,1790556239.764715672,97.912583,54870,0,19.154695,4.360916,74.038661,0.101193,0.188420,0.068698
2697,1790556239.864919186,94.779461,54919,0,19.812256,4.149906,70.548144,0.072783,0.148161,0.048211
2698,1790556239.965133667,94.546293,54842,0,19.555475,4.139461,70.551268,0.103427,0.135123,0.061539
2699,1790556240.065337658,94.536182,54932,0,19.602651,4.982318,69.675739,0.078054,0.152800,0.044620
2700,1790556240.165534735,93.848695,54878,0,19.393324,4.079411,69.692486,0.087580,0.551789,0.044105
2701,1790556240.265723228,93.944187,54888,0,19.166415,4.100278,70.423497,0.081107,0.123983,0.048907
2702,1790556240.365917683,92.630491,54890,0,18.949548,4.085861,69.343967,0.072734,0.119333,0.059048
2703,1790556240.466121674,93.029814,54890,0,19.630478,4.077804,69.075721,0.074850,0.128397,0.042564
2704,1790556240.566362143,93.461144,54848,0,19.441253,4.211190,69.564308,0.085541,0.116238,0.042614
2705,1790556240.666529894,93.463877,54818,0,18.537276,4.036646,70.606873,0.105735,0.110420,0.066927
2706,1790556240.766689301,96.926956,54890,0,19.436009,4.037824,73.228510,0.068927,0.110426,0.045260
2707,1790556240.866907120,99.294289,54873,0,19.395742,4.016555,75.410197,0.112075,0.231204,0.128516
2708,1790556240.967144012,99.515373,54870,0,19.991044,4.611906,74.456543,0.173749,0.226002,0.056129
2709,1790556241.067328215,99.555477,54897,0,20.406029,4.424725,74.504244,0.073201,0.104930,0.042348
2710,1790556241.167525053,94.750989,54868,0,20.092084,4.529233,69.456999,0.074698,0.553978,0.043997
2711,1790556241.568283796,94.885483,54830,0,19.559892,4.776827,70.331835,0.072169,0.103221,0.041539
2712,1790556241.668511391,97.607287,54908,0,19.921593,6.707914,70.685535,0.094273,0.137464,0.060508
2713,1790556241.768643141,96.617568,54844,0,18.970442,6.173453,71.192923,0.102336,0.109563,0.068851
2714,1790556241.868893623,96.072696,54875,0,20.054646,5.591180,70.190588,0.070705,0.121738,0.043839
2715,1790556241.969066381,94.520944,54854,0,19.492797,4.698294,70.098140,0.068120,0.121575,0.042018
2716,1790556242.069266319,96.714206,54858,0,19.470187,5.775706,71.144756,0.083384,0.164341,0.075832
2717,1790556242.169465780,95.719191,54850,0,19.866166,5.684769,69.901569,0.068243,0.156967,0.041477
2718,1790556242.269651890,97.353119,54889,0,19.773222,6.280179,71.026719,0.100340,0.114887,0.057772
2719,1790556242.369875431,97.563369,54838,0,19.846348,6.692932,70.751671,0.085455,0.136963,0.050000
2720,1790556242.470050097,95.906965,54849,0,19.001433,6.118152,70.116711,0.069533,0.556050,0.045086
2721,1790556242.570238352,95.363013,54877,0,19.626479,5.265180,70.224074,0.068845,0.109757,0.068678
2722,1790556242.670433998,94.899228,54837,0,19.420762,4.833826,70.382328,0.075357,0.143021,0.043934
2723,1790556242.770642519,94.394664,54898,0,19.406384,4.796614,69.938189,0.071727,0.118962,0.062788
2724,1790556242.870837688,93.897425,54846,0,19.656633,4.472067,69.531646,0.069771,0.109076,0.058232
2725,1790556242.971036196,93.844195,54887,0,19.256842,4.112979,70.237897,0.069355,0.122894,0.044228
2726,1790556243.071340084,94.546313,54915,0,19.791678,4.879982,69.632319,0.078494,0.107078,0.056762
2727,1790556243.171395302,94.707643,54881,0,19.632168,4.984734,69.799120,0.076378,0.150899,0.064344
2728,1790556243.271620274,93.091144,54876,0,18.850076,4.232219,69.744571,0.078430,0.121602,0.064246
2729,1790556243.371838093,100.380450,54876,0,19.118286,4.171820,76.843632,0.073148,0.125599,0.047965
2730,1790556243.472027063,95.992945,54887,0,20.420166,4.725733,70.050566,0.082371,0.669202,0.044907
2731,1790556243.572226286,94.900196,54879,0,19.300811,4.597394,70.759497,0.070420,0.125913,0.046161
2732,1790556243.672403812,96.116992,54870,0,20.375953,4.682620,70.778576,0.096479,0.124089,0.059275
2733,1790556243.772585392,94.242590,54830,0,19.499623,4.412975,70.066562,0.073088,0.121966,0.068376
2734,1790556243.872833729,95.088557,54871,0,19.842191,4.559668,70.379242,0.077081,0.178171,0.052204
2735,1790556243.973033190,93.845976,54880,0,19.601886,4.051129,69.911302,0.085638,0.141244,0.054777
2736,1790556244.073228359,94.384615,54792,0,19.136290,4.555994,70.413079,0.079965,0.141680,0.057607
2737,1790556244.173378706,94.858187,54864,0,20.234949,4.336669,70.054527,0.066035,0.124415,0.041592
2738,1790556244.273571491,94.941572,54853,0,20.046178,4.358814,70.237915,0.082787,0.135012,0.080866
2739,1790556244.473983049,94.176363,54834,0,19.484113,4.563582,69.895089,0.069128,0.119171,0.045280
2740,1790556244.574176073,94.086694,54906,0,19.399797,4.302858,69.644572,0.099895,0.590984,0.048588
2741,1790556244.774576187,93.196064,54862,0,18.946615,4.142300,69.837835,0.085214,0.125987,0.058113
2742,1790556244.874791145,94.242860,54865,0,19.705406,4.280704,69.962009,0.071542,0.147485,0.075714
2743,1790556244.974993706,93.835172,54890,0,19.059097,4.617876,69.881771,0.092441,0.140089,0.043898
2744,1790556245.075157404,93.758361,54860,0,19.107618,4.098217,70.219566,0.087364,0.183611,0.061985
2745,1790556245.175348997,94.389523,54861,0,19.390963,4.537364,70.192595,0.070289,0.155249,0.043063
2746,1790556245.275520325,94.486757,54843,0,20.102692,4.141730,69.986135,0.068032,0.145796,0.042372
2747,1790556245.375748634,93.931869,54865,0,19.611384,4.235748,69.843579,0.064627,0.112026,0.064505
2748,1790556245.475915670,95.026413,54841,0,19.736292,4.164230,70.846181,0.071482,0.141064,0.067164
2749,1790556245.576139450,93.950053,54864,0,19.792834,3.940755,69.920960,0.085465,0.156563,0.053476
2750,1790556245.676363230,95.209657,54856,0,19.056276,4.495724,70.911627,0.070839,0.618240,0.056951
2751,1790556245.776563644,99.966216,54857,0,20.398388,4.296047,74.962541,0.082905,0.154837,0.071498
2752,1790556245.876742601,94.722796,54864,0,19.553559,4.276081,70.526470,0.104260,0.197959,0.064467
2753,1790556245.976956367,93.823323,54815,0,19.135904,4.053890,70.260605,0.136272,0.169339,0.067313
2754,1790556246.077130079,97.639469,54896,0,19.639865,3.942153,73.749252,0.092682,0.150121,0.065396
2755,1790556246.177322865,97.417555,54859,0,19.211022,4.299718,73.596524,0.068354,0.180353,0.061584
2756,1790556246.277523756,100.533781,54877,0,19.741215,3.882239,76.603576,0.079132,0.123317,0.104302
2757,1790556246.377744675,94.158864,54864,0,19.768287,4.213794,69.892859,0.079239,0.151719,0.052966
2758,1790556246.477928638,97.623429,54879,0,19.901925,4.370560,72.991016,0.097611,0.178895,0.083422
2759,1790556246.578145981,93.140863,54827,0,18.902140,3.790560,70.198249,0.068306,0.139412,0.042196
2760,1790556246.678297997,98.588606,54918,0,19.188605,4.245871,74.317877,0.097505,0.686659,0.052089
2761,1790556246.778530359,101.223409,54827,0,20.045584,4.374122,76.518415,0.080326,0.139672,0.065290
2762,1790556246.878728151,99.917412,54884,0,19.637454,4.692231,75.315127,0.087047,0.128785,0.056768
2763,1790556246.978935003,99.716503,54827,0,19.686622,4.166180,75.583364,0.081750,0.153479,0.045108
2764,1790556247.079088449,98.998721,54840,0,19.698746,4.559030,74.132188,0.209579,0.267711,0.131467
2765,1790556247.179319859,99.817770,54834,0,19.525122,4.630730,75.432450,0.067864,0.118980,0.042624
2766,1790556247.279483557,94.499334,54839,0,19.252464,4.681935,70.149043,0.123587,0.230169,0.062136
2767,1790556247.379718542,93.557347,54839,0,19.344640,4.456965,69.501363,0.070747,0.138486,0.045146
2768,1790556247.479902029,92.755389,54847,0,18.738040,3.927506,69.838202,0.073827,0.127593,0.050221
2769,1790556247.580065727,94.478580,54819,0,19.365998,4.253332,70.535831,0.070854,0.202687,0.049878
2770,1790556247.680313110,101.201760,54856,0,19.560182,4.531604,76.408871,0.093483,0.551694,0.055926
2771,1790556247.780468941,103.425694,54876,0,19.429584,4.456291,79.278929,0.097561,0.103789,0.059540
2772,1790556247.880686522,105.408511,54848,0,20.098403,4.868324,80.163068,0.071382,0.147544,0.059790
2773,1790556247.980889559,105.253230,54906,0,20.059760,7.979042,76.972364,0.068114,0.105710,0.068240
2774,1790556248.181255341,99.302798,54915,0,18.583804,6.083106,74.043309,0.247199,0.274558,0.070822
2775,1790556248.381663322,99.212101,54884,0,17.984841,3.921323,76.471961,0.297770,0.391692,0.144514
2776,1790556248.481809378,104.486694,54835,0,19.710330,4.190453,80.369436,0.066311,0.100366,0.049798
2777,1790556248.682231188,96.671968,54832,0,21.834241,4.848608,69.708487,0.089462,0.137279,0.053891
2778,1790556248.782463074,94.676209,54838,0,20.203491,4.512064,69.665388,0.085325,0.163536,0.046405
2779,1790556248.882653713,99.859237,54844,0,19.967239,4.867573,74.771930,0.085655,0.118621,0.048219
2780,1790556249.083019495,96.174366,54867,0,19.352001,4.897915,71.086229,0.108080,0.662676,0.067465
2781,1790556249.183226109,94.410740,54872,0,19.241473,4.649298,70.257122,0.071135,0.144605,0.047107
2782,1790556249.283426285,94.728987,54839,0,19.595414,4.594264,70.284341,0.070306,0.140958,0.043704
2783,1790556249.383584261,95.055320,54798,0,20.073032,4.697531,69.982483,0.078229,0.158303,0.065742
2784,1790556249.584002733,94.846844,54824,0,19.909685,4.879387,69.773311,0.079580,0.145049,0.059832
2785,1790556249.884606838,95.484177,54858,0,19.397691,4.974447,70.850886,0.089080,0.118179,0.053894
2786,1790556249.984761715,96.548640,54861,0,19.421612,6.483270,70.416301,0.069923,0.114804,0.042730
2787,1790556250.085004568,97.341697,54887,0,19.202793,6.636907,71.235272,0.085349,0.134997,0.046379
2788,1790556250.185150385,96.244278,54827,0,19.779835,5.926191,70.261208,0.085287,0.136557,0.055200
2789,1790556250.285348654,97.126460,54854,0,19.083790,6.195976,71.601683,0.083059,0.117422,0.044530
2790,1790556250.385552406,97.973665,54861,0,19.248881,6.728473,71.244905,0.073707,0.605041,0.072658
2791,1790556250.585996628,106.344653,54829,0,19.199622,8.601626,78.276441,0.072438,0.151336,0.043190
2792,1790556250.686207771,103.351494,54866,0,19.995565,7.507849,75.520604,0.090251,0.178604,0.058621
2793,1790556250.786381483,106.254965,54844,0,20.367980,8.107637,77.490237,0.070499,0.123912,0.094700
2794,1790556250.886584997,103.259494,54854,0,20.038378,8.027922,74.909527,0.104461,0.132340,0.046866
2795,1790556250.986759186,103.017343,54829,0,20.015500,7.247911,75.271529,0.149022,0.263942,0.069439
2796,1790556251.086983919,102.866963,54869,0,20.095451,6.972593,75.507590,0.093634,0.137859,0.059836
2797,1790556251.187171936,105.647688,54862,0,19.905837,8.521430,76.915379,0.101926,0.113808,0.089308
2798,1790556251.287375927,102.699222,54843,0,19.834752,7.721395,74.796113,0.100872,0.144758,0.101332
2799,1790556251.487769365,94.506001,54851,0,19.142556,5.332885,69.680232,0.105292,0.176766,0.068270
2800,1790556251.587904453,94.579754,54860,0,18.765208,5.163112,69.928850,0.077345,0.585929,0.059310
2801,1790556251.688102007,95.977031,54907,0,19.299366,5.187970,71.244909,0.068904,0.116161,0.059721
2802,1790556251.788348198,94.554370,54854,0,19.164062,4.585896,70.458844,0.108611,0.169793,0.067164
2803,1790556251.888526917,95.137038,54827,0,19.508001,4.911043,70.465111,0.081705,0.116829,0.054349
2804,1790556251.988722086,101.152482,54882,0,20.483908,5.393526,75.024368,0.085015,0.104322,0.061343
2805,1790556252.088949203,104.464949,54898,0,20.860575,4.811155,78.566009,0.070301,0.114816,0.042093
2806,1790556252.189138889,105.126662,54845,0,20.088110,4.593561,80.194062,0.071774,0.109110,0.070045
2807,1790556252.389529228,93.839019,54818,0,18.554964,4.605517,70.417851,0.071922,0.141894,0.046871
2808,1790556252.489685774,94.808475,54847,0,19.011076,5.387677,70.149616,0.081504,0.129686,0.048916
2809,1790556252.589928627,93.694913,54831,0,18.747438,5.373256,69.343700,0.071900,0.111337,0.047282
2810,1790556252.690136433,94.725299,54893,0,19.468593,4.703067,69.899288,0.067533,0.543040,0.043778
2811,1790556252.790299654,95.559169,54885,0,19.916039,4.615808,70.799307,0.066548,0.104761,0.056706
2812,1790556252.890507698,95.296595,54888,0,19.655877,5.172122,70.204863,0.067582,0.135568,0.060583
2813,1790556252.990720510,94.369994,54844,0,19.345491,5.042721,69.729168,0.065208,0.106750,0.080656
2814,1790556253.090891361,95.495766,54865,0,20.211987,5.345667,69.627453,0.078719,0.169306,0.062634
2815,1790556253.191083431,100.311005,54888,0,19.452177,5.801361,74.310603,0.335501,0.347464,0.063899
2816,1790556253.291270494,100.141538,54836,0,19.765700,4.939242,75.218759,0.070704,0.102958,0.044175
2817,1790556253.391498089,100.082396,54868,0,20.458940,4.641581,74.752842,0.069092,0.100730,0.059211
2818,1790556253.491659880,99.601691,54841,0,20.091033,4.318706,74.853681,0.112797,0.105231,0.120243
2819,1790556253.591882944,99.318035,54872,0,19.743566,4.436444,74.878502,0.083391,0.118032,0.058100
2820,1790556253.692087412,100.120984,54833,0,20.240271,4.151143,75.036069,0.088902,0.556701,0.047898
2821,1790556253.792301893,95.380978,54853,0,19.914870,4.104642,71.131692,0.082326,0.099361,0.048087
2822,1790556253.892460585,95.364253,54851,0,20.659288,4.592154,69.878489,0.068037,0.107446,0.058839
2823,1790556253.992686272,94.886379,54868,0,20.475002,4.882794,69.304071,0.074322,0.106633,0.043557
2824,1790556254.092852592,94.645493,54850,0,20.175140,4.627269,69.620239,0.068178,0.111938,0.042729
2825,1790556254.293257952,97.443046,54841,0,19.743918,6.749712,70.680483,0.091923,0.116289,0.060721
2826,1790556254.593832493,101.561158,54834,0,18.997987,8.420559,73.816974,0.109730,0.126481,0.089427
2827,1790556254.794197798,106.131226,54844,0,18.491009,8.469713,78.873559,0.089318,0.161351,0.046276
2828,1790556254.894396305,102.423223,54849,0,19.612301,7.246405,75.206304,0.130401,0.183730,0.044082
2829,1790556255.094809532,93.773008,54853,0,19.669655,4.362619,69.499318,0.081193,0.103645,0.056578
2830,1790556255.195016623,94.860359,54889,0,19.687864,4.458577,70.063577,0.065443,0.544015,0.040883
2831,1790556255.395430565,94.376060,54887,0,20.010154,3.957894,70.140261,0.067576,0.157446,0.042729
2832,1790556255.595790625,95.595340,54867,0,20.323662,4.461117,70.575217,0.067042,0.123717,0.044585
2833,1790556255.695995808,96.654149,54853,0,19.382542,4.471626,72.569427,0.075268,0.110059,0.045227
2834,1790556255.796217203,99.761005,54857,0,19.909869,4.376887,75.245045,0.073142,0.112481,0.043581
2835,1790556255.896409035,99.480349,54898,0,19.700791,4.425585,75.123625,0.073414,0.114675,0.042259
2836,1790556255.996596336,99.388995,54853,0,19.783514,4.444676,74.920061,0.080431,0.115026,0.045287
2837,1790556256.096783876,98.920855,54904,0,19.276083,4.242306,75.105221,0.133006,0.120174,0.044065
2838,1790556256.197010994,99.176102,54821,0,19.710898,4.466825,74.645273,0.136727,0.153998,0.062381
2839,1790556256.297173262,96.475913,54872,0,20.234779,4.711329,71.285116,0.067064,0.101570,0.076055
2840,1790556256.397362709,94.435546,54904,0,19.792332,4.202525,69.721739,0.078361,0.596593,0.043996
2841,1790556256.497538805,96.259840,54898,0,20.260637,4.654375,71.099595,0.071265,0.122397,0.051571
2842,1790556256.597786903,95.079026,54846,0,20.145364,4.628966,70.060629,0.084760,0.113274,0.046033
2843,1790556256.697965860,93.735313,54866,0,19.343413,4.502972,69.640166,0.070607,0.118418,0.059737
2844,1790556256.798161745,93.904313,54903,0,19.830039,4.129533,69.637427,0.088222,0.160431,0.058661
2845,1790556256.898356676,95.076696,54832,0,20.456570,4.641440,69.690266,0.077327,0.158776,0.052317
2846,1790556256.998567104,94.104336,54877,0,19.781814,4.446990,69.649666,0.069672,0.108821,0.047373
2847,1790556257.098738909,94.649915,54868,0,19.606024,4.250824,70.576904,0.072158,0.100846,0.043159
2848,1790556257.198935747,93.476844,54833,0,19.174424,4.288480,69.728850,0.076035,0.126443,0.082612
2849,1790556257.299173594,94.562200,54837,0,19.500245,4.436175,70.407540,0.069244,0.105517,0.043479
2850,1790556257.399337769,94.231965,54818,0,19.362709,4.337191,69.858244,0.073461,0.554663,0.045697
2851,1790556257.499577284,94.218418,54867,0,19.490974,4.537208,69.956921,0.081584,0.106119,0.045612
2852,1790556257.599725485,93.447698,54817,0,19.296697,4.202670,69.653675,0.109264,0.130353,0.055039
2853,1790556257.699913025,93.726070,54857,0,18.958924,4.215669,70.186473,0.107019,0.181768,0.076217
2854,1790556257.800112009,100.259922,54827,0,19.561992,4.650647,75.827938,0.068934,0.107375,0.043036
2855,1790556257.900330067,99.511161,54833,0,19.567351,4.819922,74.859588,0.087504,0.117775,0.059021
2856,1790556258.000520229,100.310010,54864,0,20.077201,4.653624,75.357391,0.073291,0.105721,0.042782
2857,1790556258.100707293,100.019901,54864,0,20.137774,4.644613,75.008739,0.067557,0.104690,0.056528
2858,1790556258.200906038,95.265933,54865,0,19.661999,4.525218,70.681003,0.126830,0.197401,0.073482
2859,1790556258.301098824,95.498700,54871,0,20.573356,4.611735,70.036712,0.091030,0.137810,0.048057
2860,1790556258.401302099,95.265615,54892,0,19.927598,4.742927,69.942681,0.073354,0.534619,0.044436
2861,1790556258.501474142,94.946729,54881,0,19.849570,4.677259,70.195762,0.070187,0.112102,0.041849
2862,1790556258.601701260,94.996161,54892,0,19.965245,4.848874,69.948057,0.069974,0.115617,0.048394
2863,1790556258.701886892,100.524208,54865,0,19.761973,4.869240,75.529016,0.137385,0.176657,0.049937
2864,1790556258.802092552,100.244888,54877,0,20.302291,4.815430,74.874113,0.067454,0.109707,0.075893
2865,1790556258.902261257,102.672986,54891,0,19.970213,4.832722,77.559237,0.092272,0.172219,0.046323
2866,1790556259.003151894,106.687445,54881,0,20.457032,7.382838,78.607440,0.070913,0.124156,0.045066
2867,1790556259.102684021,103.190783,54847,0,19.976439,7.380576,75.564882,0.069830,0.141045,0.058011
2868,1790556259.202880859,102.583809,54868,0,20.551243,7.435223,74.303210,0.104131,0.137905,0.052097
2869,1790556259.303163052,106.761495,54845,0,20.269615,9.438242,76.669461,0.109841,0.209352,0.064984
2870,1790556259.403237104,101.942437,54905,0,20.213805,7.503294,73.411504,0.069472,0.679544,0.064818
2871,1790556259.503435612,105.920315,54847,0,19.914229,8.425032,77.346186,0.091340,0.101866,0.041662
2872,1790556259.603652954,103.662563,54890,0,19.884929,4.060087,79.358520,0.191292,0.124279,0.043456
2873,1790556259.703864574,101.940210,54860,0,19.878304,5.139940,76.706478,0.067066,0.104870,0.043552
2874,1790556259.804073334,97.580423,54821,0,20.438255,5.204563,71.526679,0.110412,0.223492,0.077022
2875,1790556259.904224873,97.175470,54876,0,20.148408,4.715695,71.899019,0.115826,0.228848,0.067674
2876,1790556260.004520178,97.156678,54862,0,20.114090,5.149689,71.590623,0.075774,0.171252,0.055250
2877,1790556260.104722500,103.118403,54904,0,19.948305,6.964432,75.881872,0.086405,0.168876,0.068513
2878,1790556260.204885721,104.460260,54881,0,19.912038,8.606238,75.644177,0.118861,0.132403,0.046543
2879,1790556260.505422592,104.811958,54906,0,19.269440,7.777658,77.530671,0.072588,0.116483,0.045118
2880,1790556260.605641842,103.527771,54941,0,19.618289,7.567234,75.545525,0.105381,0.642429,0.048913
2881,1790556260.705812931,102.457604,54916,0,19.621287,7.210988,75.261800,0.094586,0.179078,0.089865
2882,1790556260.806026459,102.455509,54921,0,20.029382,7.194544,74.908183,0.112540,0.143834,0.067026
2883,1790556260.906249046,105.804133,54882,0,19.846906,9.140513,76.523217,0.070207,0.151398,0.071892
2884,1790556261.006407976,102.765831,54831,0,20.156981,6.872971,75.450011,0.085922,0.154485,0.045461
2885,1790556261.106707096,102.912524,54897,0,20.455863,7.174901,75.019148,0.090174,0.115529,0.056909
2886,1790556261.206827879,102.809556,54900,0,19.989744,7.537166,75.058416,0.070531,0.110766,0.042933
2887,1790556261.307031631,105.143801,54867,0,19.034899,7.337108,78.494439,0.075581,0.156317,0.045457
2888,1790556261.407232761,106.932693,54922,0,20.256269,8.907590,77.462138,0.130124,0.133797,0.042775
2889,1790556261.507418394,106.207175,54888,0,19.956853,9.118809,76.840171,0.080421,0.163784,0.047137
2890,1790556261.607566833,104.697125,54903,0,20.678930,4.598336,78.760168,0.079331,0.524620,0.055740
2891,1790556261.707786322,101.997199,54888,0,19.898847,4.523291,77.296698,0.098794,0.134018,0.045551
2892,1790556261.808007240,97.231876,54895,0,20.047741,4.389872,72.508677,0.084816,0.140210,0.060560
2893,1790556261.908218384,96.804955,54891,0,20.373833,4.292052,71.619658,0.132311,0.335064,0.052037
2894,1790556262.008370161,95.257667,54894,0,19.782415,4.106703,71.125212,0.067194,0.110317,0.065826
2895,1790556262.108562946,96.881057,54926,0,20.457079,4.625847,71.510877,0.068768,0.144207,0.074279
2896,1790556262.208757162,102.945500,54879,0,19.927932,7.513301,75.240674,0.085745,0.127497,0.050351
2897,1790556262.308961868,102.317638,54936,0,20.022154,4.606279,77.398093,0.075300,0.155595,0.060217
2898,1790556262.409219265,96.507736,54938,0,19.820261,4.315255,72.130199,0.067743,0.131517,0.042761
2899,1790556262.509382248,96.682708,54908,0,19.887690,4.765440,71.803197,0.069640,0.114142,0.042599
2900,1790556262.609527588,96.736652,54939,0,19.558635,4.641456,71.934800,0.065180,0.478641,0.057940
2901,1790556262.709828854,98.348206,54688,0,19.926223,6.910281,71.229037,0.101761,0.130903,0.050001
2902,1790556262.809983969,106.734494,55017,0,20.315368,8.224415,77.922909,0.086013,0.132878,0.052911
2903,1790556262.910178661,103.728534,55023,0,19.850395,4.476881,79.068500,0.115929,0.154037,0.062792
2904,1790556263.010367155,96.730194,55023,0,19.798353,4.749289,71.849618,0.081863,0.182300,0.068771
2905,1790556263.110535860,96.166021,54996,0,19.904262,4.401153,71.567818,0.094861,0.147007,0.050920
2906,1790556263.210765362,96.118551,54995,0,20.076943,4.383200,71.285306,0.119642,0.179594,0.073866
2907,1790556263.310972929,95.965849,54976,0,20.095337,4.878678,70.729517,0.067063,0.111881,0.083373
2908,1790556263.411134005,99.049205,55020,0,20.090882,6.870845,71.815030,0.099391,0.117094,0.055963
2909,1790556263.511347532,101.145835,54995,0,20.257461,7.726834,72.912942,0.065701,0.120982,0.061915
2910,1790556263.611495972,100.806713,54971,0,19.626725,7.715708,72.762583,0.079503,0.575513,0.046681
2911,1790556263.711720228,103.316959,54968,0,20.417238,7.924618,74.639330,0.090673,0.189543,0.055557
2912,1790556263.811931133,99.649329,54974,0,19.581263,4.532949,75.297508,0.066903,0.113149,0.057557
2913,1790556263.912106752,96.243800,54958,0,19.654881,4.504333,71.773514,0.090821,0.162223,0.058028
2914,1790556264.012308836,95.943755,54953,0,19.906970,4.412299,71.346803,0.075780,0.122515,0.079388
2915,1790556264.212723255,92.985518,55025,0,19.128723,4.589782,69.009836,0.070225,0.144250,0.042702
2916,1790556264.312954903,94.028770,55020,0,19.564118,4.220775,69.999914,0.071485,0.126779,0.045699
2917,1790556264.413111448,94.546162,55014,0,20.109755,4.490037,69.620368,0.100438,0.162035,0.063529
2918,1790556264.513326168,93.922545,54934,0,19.736184,4.092783,69.760473,0.083513,0.177637,0.071955
2919,1790556264.613536596,93.301169,54942,0,20.144223,3.828577,69.091292,0.070898,0.119570,0.046609
2920,1790556264.713676691,94.149818,54984,0,19.203062,4.260023,69.969515,0.069763,0.599738,0.047717
2921,1790556264.914195538,91.823560,54961,0,18.208039,4.240385,69.126919,0.074280,0.121887,0.052050
2922,1790556265.314867258,93.922939,54928,0,19.328115,4.279243,69.998399,0.084856,0.175010,0.057316
2923,1790556265.815874577,99.701488,54920,0,19.276356,6.361802,73.763982,0.081379,0.164806,0.053163
2924,1790556265.916043043,107.989100,54927,0,19.576996,8.785454,79.390094,0.067136,0.106888,0.062532
2925,1790556266.216652632,93.773094,54952,0,20.179703,4.062401,69.270578,0.074837,0.134187,0.051388
2926,1790556266.316796064,95.653426,54943,0,20.213477,4.560162,70.585137,0.092418,0.146337,0.055895
2927,1790556266.416996241,95.886694,54942,0,19.565146,4.959130,71.007188,0.119001,0.171431,0.064798
2928,1790556266.517188311,92.725630,54951,0,19.049420,3.920253,69.491473,0.077192,0.139607,0.047685
2929,1790556266.617406130,94.618781,54921,0,19.549421,4.495323,70.291373,0.085761,0.148244,0.048659
2930,1790556266.717581987,94.783922,54891,0,19.598553,4.355241,70.070024,0.087423,0.616091,0.056590
2931,1790556266.817806244,93.467044,54925,0,18.436348,4.447839,70.265931,0.074188,0.195633,0.047105
2932,1790556267.118432760,93.697705,54932,0,18.603452,4.699147,70.072664,0.100846,0.161297,0.060299
2933,1790556267.218615532,93.586028,54904,0,18.869575,4.450787,69.968336,0.075478,0.176151,0.045701
2934,1790556267.318823576,94.678693,54882,0,19.274259,5.333350,69.719004,0.080412,0.183454,0.088214
2935,1790556267.419021845,95.057459,54902,0,19.367055,5.199381,70.112081,0.087562,0.211339,0.080041
2936,1790556267.519204378,95.068320,54905,0,19.539960,4.706910,70.489176,0.077383,0.167012,0.087879
2937,1790556267.619377613,95.920926,54922,0,19.825670,5.568413,70.304356,0.069480,0.109082,0.043925
2938,1790556267.719562769,95.419885,54983,0,19.460558,5.199798,70.455512,0.081051,0.150007,0.072959
2939,1790556267.819784641,94.439575,54973,0,19.371729,5.243892,69.579966,0.094238,0.105289,0.044461
2940,1790556267.919997692,95.204361,55011,0,19.433438,5.195134,69.931920,0.078804,0.521814,0.043251
2941,1790556268.020196199,95.016712,54991,0,19.880504,5.164830,69.736124,0.073812,0.115589,0.045853
2942,1790556268.220559359,96.203609,54961,0,19.670503,5.958508,70.335048,0.074676,0.118786,0.046088
2943,1790556268.320783138,94.810998,54955,0,19.803597,4.874753,69.902654,0.072556,0.113743,0.043695
2944,1790556268.420923471,95.228839,55002,0,19.798716,5.287337,69.896685,0.082359,0.112573,0.051169
2945,1790556268.521180391,95.157063,54994,0,19.610063,5.140089,70.165155,0.081022,0.115667,0.045067
2946,1790556268.621351719,95.369389,54975,0,19.475921,5.309428,70.253856,0.089343,0.179869,0.060972
2947,1790556268.721568823,94.803672,54956,0,19.537039,5.119594,69.904978,0.078222,0.117007,0.046832
2948,1790556268.821736336,95.024871,54925,0,19.554669,5.084799,70.141828,0.073006,0.114699,0.055870
2949,1790556268.921964645,95.271451,54995,0,19.069424,4.818327,71.064897,0.100482,0.125288,0.093033
2950,1790556269.022150040,95.932203,54978,0,20.489533,5.143419,69.664341,0.066541,0.526586,0.041783
2951,1790556269.122356176,96.329989,54988,0,20.205829,5.607848,70.270836,0.072089,0.115733,0.057654
2952,1790556269.222528934,95.475250,55026,0,20.100200,5.572624,69.577121,0.065485,0.102868,0.056952
2953,1790556269.322727442,95.966422,55044,0,20.214205,5.425649,70.088814,0.077936,0.117751,0.042067
2954,1790556269.422954082,95.493156,55069,0,19.922012,4.968335,70.309072,0.083782,0.141149,0.068806
2955,1790556269.523148537,99.412332,54985,0,20.052116,5.349581,73.624859,0.160429,0.179088,0.046259
2956,1790556269.623314142,100.562562,54967,0,19.817636,5.283666,75.220269,0.073783,0.123953,0.043255
2957,1790556269.723516703,99.834111,54974,0,19.525791,4.854955,75.205193,0.096815,0.108936,0.042421
2958,1790556269.823740482,99.855511,54989,0,20.377116,4.836412,74.403419,0.067152,0.108720,0.062692
2959,1790556269.923913240,99.963971,54972,0,20.943692,4.879378,73.847082,0.119364,0.129552,0.044903
2960,1790556270.124321699,93.455540,54980,0,17.932123,4.589368,70.199775,0.071889,0.620074,0.042311
2961,1790556270.224488258,95.822971,54959,0,19.744598,5.428435,70.422403,0.069462,0.116017,0.042056
2962,1790556270.324689388,96.000453,54975,0,19.847056,5.246874,70.640160,0.068608,0.143836,0.053919
2963,1790556270.424886465,95.442518,55005,0,19.708162,5.336302,70.129836,0.069659,0.146268,0.052291
2964,1790556270.525079966,95.311960,55004,0,19.455525,5.011209,70.518787,0.085222,0.184162,0.057055
2965,1790556270.625278234,95.467821,55053,0,19.983765,5.075582,70.130493,0.066747,0.134729,0.076505
2966,1790556270.725471735,94.968043,54996,0,19.271230,5.057903,70.375569,0.066740,0.141355,0.055246
2967,1790556270.825674295,99.347179,54957,0,19.638418,5.068706,74.307250,0.153190,0.132789,0.046826
2968,1790556270.925840616,99.573151,54992,0,19.960118,4.980572,74.236969,0.124599,0.192558,0.078335
2969,1790556271.026086569,99.136370,54985,0,19.998458,4.425112,74.406616,0.131571,0.130194,0.044419
2970,1790556271.126266956,100.792325,54951,0,20.013769,4.411500,75.747042,0.071014,0.502599,0.046401
2971,1790556271.226447821,102.426864,54997,0,20.039892,4.430616,77.734199,0.069089,0.111810,0.041258
2972,1790556271.326626062,102.642981,54974,0,20.571314,4.772016,77.081309,0.066260,0.110934,0.041148
2973,1790556271.426852942,98.995556,54944,0,19.643233,4.612089,74.532981,0.065072,0.101511,0.040670
2974,1790556271.527048588,99.209882,54920,0,19.695919,4.328621,74.940607,0.065818,0.104025,0.074892
2975,1790556271.627241611,98.489478,54927,0,20.248164,4.576851,73.445485,0.065185,0.102747,0.051046
2976,1790556271.727410316,99.887327,54951,0,19.806438,4.699846,75.158513,0.066916,0.112950,0.042664
2977,1790556271.827630997,102.879152,54969,1,19.320627,4.394406,78.551171,0.133472,0.194247,0.285229
2978,1790556271.927833080,102.133481,54935,0,20.087387,4.587061,77.202317,0.070072,0.128554,0.058090
2979,1790556272.028001308,99.968361,54991,0,19.651789,4.287668,75.774962,0.076465,0.116507,0.060970
2980,1790556272.228424311,100.223079,55003,0,18.584900,7.753470,73.085353,0.081783,0.651982,0.065591
2981,1790556272.328638554,104.729823,54999,0,19.637594,8.191372,76.633133,0.084536,0.125872,0.057316
2982,1790556272.428811073,103.542582,54971,0,20.456050,7.742934,75.061626,0.073480,0.151752,0.056740
2983,1790556272.529014111,104.708534,54963,0,19.341626,8.607886,76.524017,0.086210,0.105561,0.043234
2984,1790556272.629237652,104.993260,54923,0,19.737457,7.187983,77.818972,0.086068,0.101223,0.061557
2985,1790556272.729400158,107.219804,54979,0,20.155181,8.049584,78.750390,0.105833,0.114769,0.044047
2986,1790556272.829638720,106.204482,54991,0,19.204670,8.594023,78.129259,0.068694,0.126304,0.081532
2987,1790556272.929830074,104.865449,55078,0,19.755150,8.756754,76.107405,0.071172,0.123424,0.051544
2988,1790556273.030042887,105.144794,55035,0,19.900836,8.108226,76.833472,0.073757,0.169905,0.058598
2989,1790556273.130213261,106.146760,55092,0,19.357696,8.481191,78.067258,0.065684,0.133135,0.041796
2990,1790556273.330577374,97.456623,55041,0,19.215174,5.908382,71.563413,0.076483,0.642766,0.050405
2991,1790556273.430827618,97.293530,55106,0,20.626444,6.066162,70.325841,0.076890,0.148443,0.049750
2992,1790556273.531014204,96.632300,55119,0,19.464109,5.432430,71.387804,0.102061,0.182751,0.063145
2993,1790556273.631215096,95.636505,55113,0,19.686733,4.989624,70.672395,0.077117,0.146465,0.064171
2994,1790556273.731401443,93.284814,55127,0,19.259642,4.439442,69.342778,0.069282,0.123734,0.049936
2995,1790556273.831551313,93.390916,55076,0,18.682384,4.311544,70.115306,0.085057,0.121260,0.075365
2996,1790556273.931759357,95.216182,55076,0,19.946599,4.706480,70.322004,0.083636,0.114229,0.043234
2997,1790556274.031962633,93.269417,55057,0,19.276652,4.250712,69.517622,0.073949,0.106905,0.043577
2998,1790556274.132148504,98.204240,55053,0,20.066695,4.267095,73.502939,0.113802,0.165370,0.088339
2999,1790556274.232374668,99.689657,55106,0,19.962310,4.241045,75.204980,0.102381,0.128577,0.050364
3000,1790556274.332594633,100.214429,55038,0,20.707841,4.379348,74.492308,0.083341,0.507671,0.043920
3001,1790556274.432778597,99.858552,55023,0,19.802410,4.119634,75.722152,0.068169,0.102484,0.043703
3002,1790556274.532948256,100.630562,55035,0,20.295957,4.322492,75.739712,0.085544,0.146796,0.040061
3003,1790556274.633114576,100.030234,55015,0,20.051644,4.722299,75.010033,0.080816,0.121977,0.043465
3004,1790556274.733521938,99.749197,54988,0,19.914300,4.957693,74.546761,0.085404,0.177914,0.067125
3005,1790556274.833540201,100.000963,54996,0,19.566838,5.096415,75.004717,0.146194,0.138757,0.048042
3006,1790556274.933751106,98.782883,55030,0,19.642330,4.491521,74.401705,0.067862,0.109196,0.070269
3007,1790556275.033927202,102.719727,54982,0,20.697374,4.952134,76.842351,0.076191,0.107179,0.044498
3008,1790556275.234293938,93.074500,54990,0,19.198769,4.111467,69.507747,0.079661,0.128564,0.048292
3009,1790556275.334544420,93.514073,54956,0,19.359524,3.986714,69.867928,0.078645,0.154631,0.066631
3010,1790556275.434735060,95.131750,54937,0,19.564120,4.183369,70.671952,0.069403,0.593256,0.049650
3011,1790556275.635102510,93.105146,54930,0,18.342555,3.996088,70.478685,0.087412,0.136672,0.063734
3012,1790556275.735279799,97.522503,54987,0,19.132411,4.079945,73.995653,0.087188,0.157955,0.069351
3013,1790556275.835478306,97.608729,54971,0,19.467414,4.294560,73.601841,0.076470,0.123386,0.045058
3014,1790556275.935724497,97.411139,54998,0,19.460909,4.281855,73.359929,0.108481,0.152252,0.047713
3015,1790556276.035874605,97.937308,55005,0,18.845306,3.942765,74.904363,0.094882,0.107288,0.042704
3016,1790556276.136235476,98.159824,54979,0,19.209712,4.512760,74.070136,0.067428,0.205075,0.094713
3017,1790556276.236255646,96.725523,54987,0,19.055462,4.200500,73.202102,0.073950,0.149473,0.044036
3018,1790556276.336472750,97.107512,54989,0,19.448868,3.948833,73.408201,0.067272,0.161591,0.072747
3019,1790556276.436678171,99.773576,54950,0,19.838203,5.538556,74.171586,0.071705,0.108009,0.045517
3020,1790556276.536880016,99.987463,54966,0,19.694500,4.861375,74.760869,0.073546,0.554161,0.043012
3021,1790556276.637075663,101.433456,54987,0,19.815679,4.874827,76.438893,0.073960,0.167812,0.062285
3022,1790556276.737282991,100.561399,55018,0,19.668933,4.091083,76.572167,0.072014,0.101845,0.055357
3023,1790556276.837458849,98.625163,55000,0,20.273185,4.075563,73.999662,0.079619,0.141068,0.056066
3024,1790556276.937657356,100.201287,55012,0,19.976217,4.196825,75.735242,0.066060,0.149299,0.077644
3025,1790556277.037863731,98.083709,55064,0,19.734050,4.325299,73.760051,0.070508,0.118901,0.074900
3026,1790556277.138065577,98.350338,55007,0,20.060761,4.219359,73.853284,0.071149,0.103622,0.042163
3027,1790556277.238261938,98.680243,55021,0,19.952236,4.285952,74.202206,0.087378,0.109543,0.042928
3028,1790556277.338509321,98.301279,55004,0,19.948371,4.089046,73.786572,0.191239,0.192514,0.093537
3029,1790556277.438642502,99.977872,54964,0,20.009955,4.147341,75.532726,0.081845,0.132771,0.073234
3030,1790556277.538829088,100.273535,54944,0,20.083914,4.241547,75.238624,0.065803,0.595272,0.048375
3031,1790556277.639040947,100.114837,54978,0,19.763763,4.068508,75.974392,0.071164,0.175507,0.061503
3032,1790556277.739268780,100.632087,54979,0,19.648099,4.316654,76.359201,0.075845,0.188489,0.043799
3033,1790556277.939622641,93.817516,55032,0,19.174566,4.871738,69.535788,0.078062,0.113865,0.043497
3034,1790556278.039845467,93.290110,54961,0,19.479295,4.188328,69.343270,0.103008,0.125162,0.051047
3035,1790556278.140030146,94.233931,55020,0,19.536831,4.510898,69.882021,0.093607,0.150754,0.059820
3036,1790556278.240241289,93.405689,54935,0,18.689424,4.256103,70.238358,0.066142,0.099085,0.056577
3037,1790556278.340446234,97.362675,54970,0,19.446483,4.281444,73.344876,0.080907,0.135719,0.073246
3038,1790556278.540830135,93.149854,54984,0,18.174635,4.014018,70.630805,0.107896,0.148317,0.074183
3039,1790556278.641028166,94.029347,54964,0,19.540732,4.279892,69.973833,0.067019,0.104593,0.063278
3040,1790556278.741231203,94.467050,54948,0,19.486772,4.408421,69.925495,0.079462,0.511472,0.055428
3041,1790556278.841398001,94.182456,54971,0,19.657999,4.189571,70.011957,0.096495,0.165026,0.061408
3042,1790556278.941575766,98.654990,54975,0,20.075848,4.244238,73.969979,0.131343,0.161481,0.072101
3043,1790556279.041787386,99.195583,54951,0,21.236361,4.044474,73.481237,0.119502,0.236798,0.077211
3044,1790556279.142016411,96.824050,54832,0,18.928742,4.194603,73.457553,0.071892,0.123020,0.048240
3045,1790556279.242201090,93.423448,54916,0,19.605538,4.040271,69.554297,0.065085,0.102990,0.055267
3046,1790556279.342429399,98.085080,54845,0,19.664702,4.111543,73.618805,0.205919,0.340042,0.144069
3047,1790556279.442579031,98.486818,54898,0,20.054586,4.283879,73.859889,0.091587,0.137648,0.059229
3048,1790556279.542767525,97.465589,54905,0,19.361587,4.330110,73.542632,0.070553,0.118629,0.042078
3049,1790556279.642972469,97.629108,54920,0,19.380419,3.999723,73.885976,0.123592,0.182982,0.056416
3050,1790556279.843391657,94.762699,54854,0,19.585206,4.390684,70.131507,0.069423,0.536867,0.049012
3051,1790556280.143983364,91.693711,54883,0,18.368868,4.709521,68.391198,0.066462,0.100146,0.057516
3052,1790556280.244138718,93.963984,54877,0,18.785644,4.751501,70.135036,0.104399,0.137578,0.049826
3053,1790556280.544758081,93.252473,54829,0,18.384287,4.383265,70.191602,0.132283,0.116673,0.044363
3054,1790556280.644961834,94.182417,54849,0,19.437376,4.548079,69.935392,0.083935,0.129946,0.047689
3055,1790556280.745127439,93.527954,54942,0,19.845585,4.004628,69.381720,0.114366,0.135809,0.045846
3056,1790556280.845302820,94.436688,54853,0,19.169904,4.309648,70.701907,0.081000,0.129584,0.044645
3057,1790556280.945493221,93.944670,54887,0,19.162434,4.240314,70.269718,0.079635,0.132129,0.060440
3058,1790556281.145944834,93.375023,54870,0,18.710681,4.274794,70.157927,0.069534,0.117718,0.044369
3059,1790556281.246117592,93.701061,54869,0,19.404998,4.572205,69.461353,0.081277,0.128712,0.052516
3060,1790556281.346341133,94.882035,54911,0,19.940041,4.367230,69.804977,0.072397,0.648201,0.049189
3061,1790556281.446501970,95.004951,54858,0,19.844592,4.850267,69.993545,0.093046,0.157149,0.066352
3062,1790556281.546697140,94.239380,54895,0,19.688208,4.288787,69.962527,0.083969,0.153304,0.062585
3063,1790556281.646896362,94.067059,54857,0,19.284087,4.489296,70.060271,0.071362,0.115414,0.046629
3064,1790556281.747130871,93.396084,54910,0,19.305580,4.053993,69.799979,0.074036,0.119409,0.043087
3065,1790556281.847296953,93.443731,54911,0,19.040244,4.123818,70.008522,0.079739,0.140524,0.050884
3066,1790556282.047696829,91.818195,54895,0,18.093364,4.199277,69.289570,0.071818,0.115763,0.048403
3067,1790556282.147910118,93.008270,54871,0,18.709902,4.178304,69.897369,0.074933,0.105827,0.041935
3068,1790556282.348305941,94.051928,54932,0,18.994552,4.172755,70.608997,0.071997,0.155034,0.048593
3069,1790556282.448475838,92.559226,54889,0,18.326649,4.069296,69.910405,0.085276,0.117431,0.050169
3070,1790556282.849294186,94.662941,54929,0,19.247797,4.606611,69.998182,0.110871,0.650106,0.049374
3071,1790556282.949454546,94.739290,54882,0,19.742417,4.761862,70.006839,0.078654,0.106064,0.043454
3072,1790556283.049649239,93.431213,54874,0,19.018559,4.004320,70.182566,0.074311,0.107100,0.044357
3073,1790556283.149868011,93.038552,54901,0,19.091877,4.258872,69.480026,0.067740,0.098511,0.041526
3074,1790556283.250081301,92.712937,54850,0,18.620384,4.299859,69.575142,0.070533,0.104550,0.042469
3075,1790556283.350211620,97.149357,54845,0,18.574685,4.425304,73.743385,0.092003,0.195181,0.118799
3076,1790556283.450408936,97.581884,54874,0,19.139571,4.537726,73.647722,0.085957,0.123178,0.047730
3077,1790556283.550603151,99.236078,54882,0,19.104926,4.620618,75.166368,0.101657,0.155527,0.086982
3078,1790556283.650859118,97.512822,54844,0,19.525839,4.506068,73.161386,0.099801,0.172502,0.047226
3079,1790556283.751030445,99.436664,54884,0,19.347835,4.581462,75.160624,0.134934,0.155527,0.056282
3080,1790556283.851223707,95.990500,54858,0,19.756089,4.685561,70.428930,0.123024,0.927959,0.068937
3081,1790556283.951389790,98.453165,54843,0,19.719645,4.752431,73.665245,0.093513,0.165368,0.056963
3082,1790556284.051614761,99.720794,54900,0,19.401721,4.638620,75.165655,0.285809,0.177552,0.051437
3083,1790556284.151834726,99.514158,54902,0,19.731270,4.761060,74.775465,0.088464,0.113401,0.044498
3084,1790556284.252009630,99.465627,54894,0,19.525775,4.578844,75.120854,0.083377,0.112270,0.044507
3085,1790556284.352239847,97.565994,54814,0,19.348589,4.513268,73.423428,0.089443,0.136928,0.054338
3086,1790556284.452429771,100.038813,54870,0,19.773785,4.778804,75.138784,0.087379,0.160744,0.099317
3087,1790556284.552636147,99.731713,54872,0,19.827048,4.517060,75.144436,0.086059,0.112882,0.044228
3088,1790556284.652823925,99.324346,54824,0,19.945047,4.640143,74.493793,0.070321,0.117469,0.057573
3089,1790556284.753023386,99.914021,54914,0,19.983122,4.831186,74.844750,0.097258,0.116248,0.041457
3090,1790556284.953384876,95.279159,54838,0,19.726897,4.680613,70.199828,0.074861,0.543458,0.053502
3091,1790556285.053776026,95.941708,54859,0,20.137580,5.244294,70.318711,0.068296,0.118206,0.054621
3092,1790556285.153809547,98.328689,54880,0,19.321637,4.515535,74.187185,0.108152,0.142627,0.053553
3093,1790556285.354177952,92.963604,54886,0,18.671062,4.405185,69.661031,0.069392,0.114997,0.041937
3094,1790556285.454392910,97.844744,54905,0,19.384409,4.559104,73.619495,0.094857,0.134580,0.052299
3095,1790556285.554620981,96.970230,54848,0,19.099123,4.534460,73.100346,0.066344,0.125664,0.044293
3096,1790556285.654760599,99.002640,54913,0,19.500810,4.482834,74.744160,0.098093,0.126581,0.050162
3097,1790556285.855157852,98.967558,54903,0,18.974015,4.553310,75.159839,0.084651,0.141521,0.054222
3098,1790556285.955345392,98.562871,54920,0,18.922603,4.614831,74.704503,0.122316,0.138601,0.060017
3099,1790556286.155758619,94.843200,54841,0,19.478088,4.919806,70.072291,0.110166,0.201297,0.061552
3100,1790556286.255964279,101.517891,54870,0,20.058457,5.406918,75.348723,0.069817,0.545638,0.088338
3101,1790556286.356215954,100.879636,54861,0,19.753907,5.673545,75.130634,0.099784,0.164871,0.056895
3102,1790556286.456353903,99.363027,54890,0,19.949524,4.315035,74.874891,0.071130,0.109864,0.042583
3103,1790556286.556576490,98.597280,54908,0,19.798925,4.415592,74.147456,0.071334,0.103480,0.060493
3104,1790556286.656757355,99.221559,54880,0,20.203272,4.678485,74.089816,0.069185,0.123141,0.057660
3105,1790556286.756929398,99.104679,54971,0,20.119810,4.739113,73.944984,0.109703,0.123530,0.067539
3106,1790556286.957340002,92.815601,54954,0,18.006451,4.480227,70.058084,0.092692,0.119487,0.058660
3107,1790556287.057489872,99.682963,54902,0,19.429778,5.242160,74.784102,0.074540,0.108051,0.044332
3108,1790556287.157705307,101.979556,54928,0,19.766446,5.681304,76.277284,0.083274,0.127360,0.043888
3109,1790556287.257993460,101.399362,55008,0,20.523523,4.726125,75.919318,0.068590,0.117800,0.044006
3110,1790556287.358151197,99.804696,54811,0,19.928873,4.564020,74.676606,0.107374,0.485101,0.042722
3111,1790556287.458327532,99.853374,53572,0,19.483815,4.125120,75.993136,0.066979,0.111278,0.073046
3112,1790556287.558531761,99.455441,54581,0,20.069933,4.137910,74.970899,0.076826,0.136073,0.063800
3113,1790556287.658717394,98.687348,54751,0,20.612609,4.384241,73.460884,0.067236,0.103760,0.058618
3114,1790556287.758891106,97.772620,54723,0,20.114577,4.128837,73.282291,0.084466,0.106623,0.055826
3115,1790556287.859092712,111.415672,54858,0,19.882138,4.160877,87.118320,0.072664,0.135873,0.045800
3116,1790556288.059514284,101.921102,54817,0,18.980507,8.011857,74.677329,0.071162,0.135789,0.044458
3117,1790556288.159714222,106.724545,54812,0,19.829086,8.285472,78.338050,0.086180,0.139683,0.046074
3118,1790556288.259882450,107.117152,54820,0,19.973158,8.206831,78.580210,0.104233,0.159766,0.092954
3119,1790556288.360079288,106.116720,54808,0,19.486681,7.287021,78.993924,0.065517,0.192281,0.091296
3120,1790556288.460272074,103.832432,54795,0,20.601007,7.579444,74.863170,0.111432,0.599741,0.077638
3121,1790556288.560437441,106.677365,54823,0,19.972481,8.790684,77.523299,0.116356,0.214506,0.060039
3122,1790556288.660648823,101.796043,54757,0,20.189680,6.951053,74.385610,0.087104,0.137469,0.045127
3123,1790556288.760849476,102.630280,54779,0,20.049092,7.638895,74.643328,0.091442,0.142079,0.065444
3124,1790556288.861027241,106.063732,54827,0,19.575961,7.672834,78.314646,0.148813,0.256631,0.094847
3125,1790556288.961287737,102.962187,54807,0,20.224517,6.445979,75.927537,0.097254,0.171753,0.095147
3126,1790556289.061478138,102.772335,54784,0,19.644745,7.519107,75.306707,0.102001,0.145676,0.054099
3127,1790556289.261839151,106.584644,54779,0,17.992891,9.650961,78.593527,0.065824,0.204007,0.077434
3128,1790556289.362066269,105.484985,54779,0,19.758336,8.471808,76.960127,0.070342,0.178946,0.045426
3129,1790556289.462229729,107.001041,54802,0,19.893696,7.622402,79.087144,0.181616,0.165312,0.050871
3130,1790556289.562450171,106.358535,54807,0,19.362683,8.010196,78.115423,0.070616,0.739991,0.059626
3131,1790556289.662627697,103.338491,54765,0,19.683146,9.069504,74.254592,0.125456,0.150357,0.055436
3132,1790556289.762837648,105.276074,54788,0,19.906466,8.038864,77.017197,0.107434,0.135886,0.070227
3133,1790556289.863029480,102.725221,54787,0,20.471888,7.190375,74.729805,0.078215,0.178567,0.076371
3134,1790556289.963408709,106.008561,54769,0,19.989750,7.954342,77.688749,0.192838,0.131979,0.050903
3135,1790556290.163629055,94.383072,54789,0,19.320271,4.324605,70.508818,0.071011,0.113367,0.045000
3136,1790556290.263801336,93.470865,54808,0,18.928870,4.431869,69.852820,0.074328,0.124328,0.058650
3137,1790556290.364008188,93.297646,54766,0,19.007531,4.346562,69.658472,0.098959,0.135328,0.050794
3138,1790556290.464169264,94.327594,54825,0,19.822813,4.234566,69.990546,0.066748,0.170641,0.042280
3139,1790556290.564363480,94.891572,54812,0,19.806327,4.480082,70.371984,0.073620,0.117531,0.042028
3140,1790556290.664591074,95.259914,54774,0,19.558448,4.538262,70.517205,0.070063,0.531878,0.044058
3141,1790556290.764791727,95.005769,54810,0,19.833731,4.501005,70.385869,0.068104,0.153943,0.063117
3142,1790556290.864954710,93.230836,54783,0,18.962704,3.960738,70.037096,0.108447,0.105516,0.056335
3143,1790556290.965180635,92.702392,54806,0,18.741405,4.382508,69.312961,0.067618,0.155435,0.042465
3144,1790556291.065394402,94.120731,54825,0,19.575874,4.235307,69.927628,0.124687,0.193979,0.063256
3145,1790556291.165557623,98.620202,54751,0,18.738197,3.946233,75.610193,0.140318,0.129943,0.055318
3146,1790556291.265772104,101.458952,54765,0,19.377148,4.256019,77.595211,0.065938,0.121495,0.043141
3147,1790556291.365967989,98.494785,54805,0,19.715668,4.464930,74.102117,0.067831,0.103001,0.041238
3148,1790556291.466155767,98.955059,54787,0,19.456273,4.215054,75.044593,0.080785,0.114870,0.043484
3149,1790556291.566410542,98.624075,54755,0,19.449384,4.013388,74.880232,0.115961,0.119112,0.045998
3150,1790556291.666572094,99.794846,54816,0,19.880050,4.078830,75.060469,0.163232,0.563657,0.048608
3151,1790556291.766787291,99.687990,54782,0,19.533071,4.152291,75.779837,0.070803,0.108750,0.043238
3152,1790556291.866966724,98.607368,54773,0,19.658746,4.366711,74.345753,0.080788,0.112286,0.043084
3153,1790556291.967180967,99.145175,54777,0,19.608068,4.339676,74.868979,0.122191,0.144550,0.061711
3154,1790556292.067360401,99.661969,54797,0,20.072183,4.550160,74.695356,0.103479,0.179982,0.060809
3155,1790556292.167563438,99.058089,54768,0,19.454924,4.293962,74.863481,0.251345,0.129013,0.065364
3156,1790556292.267756224,102.052739,54768,0,19.526884,4.602624,77.650846,0.069391,0.158208,0.044786
3157,1790556292.468141079,94.184710,54798,0,20.009706,4.427997,69.458597,0.082133,0.156073,0.050204
3158,1790556292.568382740,93.704776,54802,0,19.616280,4.140564,69.700286,0.069894,0.132937,0.044815
3159,1790556292.668528080,95.152335,54799,0,19.605879,4.602568,70.509845,0.116812,0.237276,0.079955
3160,1790556292.768693209,95.328442,54775,0,20.141902,4.247159,69.997440,0.067991,0.832459,0.041491
3161,1790556292.969121933,93.646259,54798,0,18.346837,4.277737,70.693257,0.102730,0.177836,0.047862
3162,1790556293.069306850,94.247903,54813,0,19.780071,4.183557,70.022083,0.082675,0.134022,0.045495
3163,1790556293.169482470,94.537042,54786,0,19.859262,4.536621,69.909538,0.070340,0.118376,0.042905
3164,1790556293.269735336,93.818338,54738,0,19.581751,4.305221,69.635810,0.094069,0.145380,0.056107
3165,1790556293.369892836,94.878252,54795,0,19.519240,4.653340,70.475580,0.065747,0.114566,0.049779
3166,1790556293.470102787,96.897154,54816,0,19.322936,4.721593,72.549356,0.118728,0.128365,0.056176
3167,1790556293.570280552,98.157981,54775,0,19.315341,4.418296,74.125704,0.067773,0.170936,0.059931
3168,1790556293.670524120,94.322003,54770,0,19.287680,4.464870,70.284513,0.080627,0.128726,0.075587
3169,1790556293.770717859,98.615999,54750,0,18.740283,4.314940,75.175512,0.167009,0.165986,0.052269
3170,1790556293.971072197,92.858367,54756,0,18.136146,4.331596,69.712086,0.070232,0.556383,0.051924
3171,1790556294.071267605,100.064237,54764,0,19.637263,4.537203,75.616917,0.107535,0.117897,0.047422
3172,1790556294.171438932,94.477171,54768,0,19.532189,4.601327,70.076348,0.069429,0.139104,0.058774
3173,1790556294.271694899,94.280550,54804,0,19.466908,4.202188,70.384462,0.064833,0.104643,0.057516
3174,1790556294.371858835,100.338767,54770,0,19.644219,4.454943,75.992870,0.073876,0.113780,0.059079
3175,1790556294.472052336,100.108580,54832,0,19.786186,4.783307,75.310733,0.075913,0.109855,0.042586
3176,1790556294.572218418,98.433119,54814,0,19.269405,4.257329,74.637746,0.071195,0.112615,0.084829
3177,1790556294.772676945,93.940664,54786,0,19.669788,4.258055,69.770740,0.065278,0.106131,0.070672
3178,1790556294.872930288,93.618206,54770,0,19.296881,4.356341,69.543871,0.136892,0.188660,0.095561
3179,1790556294.973043680,97.602500,54757,0,19.189737,4.489110,73.616188,0.111062,0.138120,0.058283
3180,1790556295.073235273,100.458145,54800,0,19.738599,4.392011,75.565686,0.123048,0.595482,0.043319
3181,1790556295.173455000,101.243442,54782,0,19.118084,4.306708,77.541236,0.100576,0.125463,0.051375
3182,1790556295.273622990,101.349414,54766,0,19.204055,4.262137,77.550409,0.074814,0.186934,0.071065
3183,1790556295.373797655,107.799800,54762,0,19.437555,8.762093,79.329658,0.065442,0.162049,0.043003
3184,1790556295.474023104,103.411646,54767,0,20.127632,8.355819,74.665910,0.071924,0.122131,0.068230
3185,1790556295.574250221,105.768302,54798,0,19.987109,7.934247,77.613935,0.066204,0.104132,0.062675
3186,1790556295.774630547,102.633875,54737,0,19.857093,7.619702,74.804474,0.089273,0.209514,0.053819
3187,1790556295.874811172,104.299384,54788,0,19.671839,7.867797,76.442814,0.085097,0.154634,0.077203
3188,1790556295.975018740,107.849203,54709,0,19.854827,8.570033,78.994717,0.065282,0.238196,0.126148
3189,1790556296.075197458,102.774984,54759,0,20.350201,7.762835,74.235212,0.183997,0.186714,0.056025
3190,1790556296.375801086,96.642355,54769,0,19.006557,5.844714,71.103827,0.098153,0.544195,0.044909
3191,1790556296.475985050,97.321827,54760,0,19.412392,5.982239,71.700971,0.074231,0.107087,0.044907
3192,1790556296.676378250,100.938070,54765,0,19.636082,6.489340,74.477861,0.106344,0.165732,0.062711
3193,1790556296.776586056,102.584926,54754,0,19.531983,7.591425,74.980762,0.113236,0.270966,0.096554
3194,1790556296.976969004,100.555692,54785,0,19.823483,4.525269,75.869624,0.103406,0.167705,0.066205
3195,1790556297.077163696,102.070457,54769,0,19.811855,4.228302,77.744208,0.072447,0.131893,0.081752
3196,1790556297.177372456,107.287145,54766,0,20.114397,8.236742,78.687075,0.067578,0.114966,0.066387
3197,1790556297.277580500,107.081219,54779,0,20.445417,9.420041,76.902566,0.068312,0.169078,0.075805
3198,1790556297.377782345,102.780306,54789,0,20.425680,7.571430,74.452765,0.121250,0.160669,0.048512
3199,1790556297.477916956,107.087374,54737,0,19.990069,9.377611,77.346396,0.112958,0.159748,0.100592
3200,1790556297.578192949,102.591811,54773,0,20.244128,6.961200,74.605301,0.098224,0.624200,0.058758
3201,1790556297.678335905,105.490239,54750,0,20.182034,8.585333,76.358505,0.088202,0.185668,0.090497
3202,1790556297.878766537,94.208464,54770,0,19.200677,4.124835,70.591167,0.091066,0.143549,0.057170
3203,1790556297.978966475,94.338727,54794,0,19.447981,4.356397,70.273300,0.085874,0.132805,0.042370
3204,1790556298.079117537,94.377867,54764,0,19.254569,4.398342,70.507011,0.068152,0.105543,0.044250
3205,1790556298.179319620,93.391437,54786,0,18.771650,4.180739,70.219529,0.070803,0.104089,0.044627
3206,1790556298.279522657,95.717417,54801,0,19.894084,4.842394,70.674168,0.093656,0.142516,0.070599
3207,1790556298.379741669,94.749875,54766,0,19.950751,4.826242,69.687591,0.086080,0.151732,0.047479
3208,1790556298.479949236,95.431563,54778,0,20.035903,4.720272,70.439145,0.067110,0.126258,0.042875
3209,1790556298.580148220,94.855827,54733,0,19.341503,4.268169,71.003659,0.069077,0.128077,0.045342
3210,1790556298.680349588,94.513992,54790,0,19.294857,4.692447,69.819955,0.088128,0.571391,0.047214
3211,1790556298.780540705,94.137580,54765,0,19.125838,4.441238,70.330135,0.072098,0.122941,0.045330
3212,1790556298.880695343,93.867405,54823,0,19.034739,3.942985,70.643618,0.072389,0.129068,0.044606
3213,1790556298.980892897,94.925309,54836,0,19.892214,4.938805,69.719793,0.109832,0.199296,0.065369
3214,1790556299.081098557,92.578870,54805,0,18.512160,4.064067,69.709959,0.094034,0.140285,0.058365
3215,1790556299.181280851,99.759201,54771,0,19.681523,4.613420,75.111415,0.120141,0.179006,0.053696
3216,1790556299.281480074,102.336460,54769,0,20.536854,4.613316,76.936446,0.083483,0.105320,0.061041
3217,1790556299.481904268,92.197611,54753,0,18.414489,4.091049,69.427963,0.070938,0.148635,0.044537
3218,1790556299.582075834,97.746716,54763,0,18.948371,4.328944,74.081751,0.128433,0.185032,0.074185
3219,1790556299.682262182,101.323663,54785,0,19.659676,4.430698,77.018209,0.068492,0.104034,0.042554
3220,1790556299.882672787,94.131379,54763,0,18.981495,4.775253,69.708283,0.069752,0.554397,0.042199
3221,1790556299.982858181,100.289654,54787,0,20.611529,4.777080,74.661898,0.078046,0.114858,0.046243
3222,1790556300.183246374,93.515358,54781,0,18.692181,4.806751,69.770528,0.069425,0.130301,0.046172
3223,1790556300.283414602,94.578019,54765,0,19.765061,4.649877,69.865684,0.072000,0.178679,0.046718
3224,1790556300.383668423,94.053972,54771,0,19.409905,4.518093,69.851798,0.096928,0.133866,0.043382
3225,1790556300.483836889,94.027443,54760,0,19.760287,4.742547,69.269613,0.070293,0.136911,0.047792
3226,1790556300.584039450,100.246229,54775,0,20.284746,4.807320,74.890696,0.084000,0.118163,0.061304
3227,1790556300.684261084,106.118297,54780,0,20.337012,4.255065,81.284417,0.069116,0.127414,0.045273
3228,1790556300.784420490,106.910508,54785,0,19.884094,8.878029,77.844302,0.078281,0.175626,0.050176
3229,1790556300.884653091,102.060914,54786,0,21.019987,7.004142,73.684085,0.081562,0.196275,0.074863
3230,1790556301.085036516,108.470971,54780,0,19.613683,9.107812,79.051492,0.096527,0.555543,0.045914
3231,1790556301.185214520,104.160821,54817,0,20.571838,8.627614,74.629885,0.081267,0.162739,0.087478
3232,1790556301.285402298,103.153774,54761,0,19.968010,7.347722,75.539233,0.100198,0.143756,0.054855
3233,1790556301.385608196,102.199956,54787,0,19.905567,7.449759,74.447000,0.172586,0.156327,0.068717
3234,1790556301.485832691,106.173728,54778,0,20.228846,8.337119,77.381408,0.068458,0.114821,0.043076
3235,1790556301.586007833,103.277724,54742,0,20.035113,7.827878,75.097958,0.137945,0.110438,0.068392
3236,1790556301.686198711,103.043752,54754,0,20.406426,7.801028,74.524416,0.091758,0.131983,0.088141
3237,1790556301.786386490,102.899795,54775,0,19.913420,7.338818,75.357237,0.075601,0.154456,0.060263
3238,1790556301.886566639,105.485160,54744,0,19.774677,7.658073,77.695967,0.122985,0.176714,0.056744
3239,1790556301.986974239,102.697732,54757,0,19.962417,7.416632,75.093270,0.070810,0.108794,0.045809
3240,1790556302.087014914,102.488212,54760,0,20.156510,7.094165,74.560120,0.078945,0.547383,0.051089
3241,1790556302.187201977,104.758368,54766,0,20.349929,7.522743,76.545611,0.162675,0.123306,0.054104
3242,1790556302.287401199,102.406588,54737,0,20.220091,4.412076,77.563411,0.065069,0.103472,0.042469
3243,1790556302.387619019,95.726875,54792,0,19.239168,4.450226,71.712476,0.105435,0.169803,0.049767
3244,1790556302.487816334,95.779469,54783,0,19.583532,4.434457,71.514209,0.083201,0.115050,0.049020
3245,1790556302.587966681,97.578824,54744,0,19.637319,5.883394,71.715633,0.108583,0.152387,0.081508
3246,1790556302.688190937,106.254586,54782,0,19.194648,8.222292,78.520281,0.074931,0.194214,0.048220
3247,1790556302.788382769,103.754327,54713,0,19.532271,4.620820,79.301261,0.085354,0.145310,0.069311
3248,1790556302.888633966,100.458042,54759,0,20.147011,5.013256,75.014930,0.086452,0.114495,0.081898
3249,1790556302.988776445,96.110047,54744,0,19.820999,4.435586,71.622800,0.086805,0.104003,0.039854
3250,1790556303.088966370,96.600486,54729,0,19.374391,4.879727,71.625807,0.140821,0.523197,0.056543
3251,1790556303.189171791,97.509979,54745,0,19.526467,4.880659,72.801091,0.093441,0.140799,0.067522
3252,1790556303.289402008,106.321362,54754,0,19.406323,8.358145,78.301122,0.074644,0.137599,0.043529
3253,1790556303.389540434,101.750272,54797,0,19.454967,4.402550,77.677248,0.068895,0.104726,0.041886
3254,1790556303.489747286,96.762786,54784,0,19.321841,4.935749,72.270826,0.069633,0.120405,0.044332
3255,1790556303.589957237,96.149724,54788,0,19.373552,4.335070,72.195373,0.071182,0.114691,0.059856
3256,1790556303.690151691,97.871438,54741,0,19.244509,4.777948,73.507996,0.066447,0.212998,0.061540
3257,1790556303.790360212,99.379347,54775,0,19.874555,7.311122,71.960139,0.069266,0.119875,0.044390
3258,1790556303.890572548,107.580067,54783,0,20.022939,4.175102,83.156936,0.066651,0.099615,0.058824
3259,1790556303.990722656,100.561430,54799,0,19.117237,5.130648,76.103553,0.064924,0.102373,0.042695
3260,1790556304.090929270,97.678760,54836,0,19.642401,5.529585,71.824250,0.065535,0.560621,0.056368
3261,1790556304.191142082,97.710221,54823,0,19.373851,5.460955,72.575511,0.098234,0.135817,0.065853
3262,1790556304.291319370,96.774352,54845,0,19.555783,5.217028,71.776682,0.064586,0.098424,0.061849
3263,1790556304.391523361,107.806536,54847,0,19.566103,8.504714,79.393566,0.118042,0.151650,0.072461
3264,1790556304.491724730,102.101524,54854,0,19.365412,4.491442,77.978895,0.087094,0.134277,0.044404
3265,1790556304.591892004,96.710830,54838,0,19.707644,4.492555,72.260721,0.096035,0.109394,0.044481
3266,1790556304.692124128,96.599117,54816,0,19.862830,4.221229,72.235424,0.104139,0.113889,0.061606
3267,1790556304.792315245,97.109231,54816,0,19.729985,5.809279,71.316595,0.071155,0.114748,0.067469
3268,1790556304.892474174,97.730791,54740,0,19.010408,6.697746,71.770393,0.069191,0.115372,0.067681
3269,1790556304.992679596,97.535726,54689,0,19.267853,7.749970,70.292196,0.069609,0.111791,0.044307
3270,1790556305.193037748,105.104162,54752,0,18.322210,10.301343,75.676929,0.071567,0.657893,0.074220
3271,1790556305.293289900,103.350457,54698,0,19.989114,8.163163,74.887695,0.114476,0.127226,0.068783
3272,1790556305.493654966,95.091625,54770,0,19.616592,4.580666,70.601932,0.085193,0.120741,0.086501
3273,1790556305.694046021,94.486854,54735,0,19.263583,4.770083,70.121207,0.132789,0.139933,0.059259
3274,1790556305.794250727,95.191819,54796,0,19.662197,4.676244,70.618537,0.070000,0.117556,0.047285
3275,1790556305.894466877,96.001275,54749,0,19.923293,5.063597,70.677464,0.092957,0.157395,0.086569
3276,1790556305.994644642,95.901040,54785,0,20.220628,4.995476,70.436911,0.069423,0.114322,0.064280
3277,1790556306.094862223,94.958450,54785,0,19.609513,4.909922,70.165038,0.070375,0.143149,0.060453
3278,1790556306.295231342,94.856581,54809,0,19.988577,4.585356,70.025613,0.069472,0.126903,0.060660
3279,1790556306.395427942,94.973745,54786,0,19.999373,4.409036,70.294184,0.069192,0.142380,0.059580
3280,1790556306.495645285,95.740857,54793,0,19.457125,4.919941,70.647376,0.120492,0.546809,0.049114
3281,1790556306.796245575,94.570005,54735,0,19.710383,4.384884,70.201397,0.072485,0.154361,0.046495
3282,1790556306.896452427,94.699520,54797,0,20.006946,4.348945,70.093841,0.070033,0.119928,0.059827
3283,1790556306.996606350,94.828349,54765,0,19.906036,4.798039,69.848679,0.094906,0.131956,0.048733
3284,1790556307.096832514,95.169276,54770,0,20.073453,4.536821,70.327536,0.077212,0.110184,0.044070
3285,1790556307.196991920,94.640292,54713,0,19.779878,4.457791,70.171903,0.079121,0.108832,0.042767
3286,1790556307.297216654,95.208626,54734,0,20.347362,4.636004,69.901703,0.093315,0.163505,0.066737
3287,1790556307.397383690,94.939179,54722,0,20.105682,4.538085,69.973772,0.086877,0.159790,0.074973
3288,1790556307.497584105,95.549992,54715,0,20.304273,4.903492,70.090532,0.082670,0.127563,0.041462
3289,1790556307.597806454,94.072475,54750,0,19.462204,4.229884,70.156344,0.078388,0.104164,0.041491
3290,1790556307.697947502,94.728920,54748,0,19.884943,4.645384,69.609301,0.066696,0.481639,0.040957
3291,1790556307.898399830,94.493266,54715,0,19.887015,4.600287,69.770317,0.068509,0.124206,0.042932
3292,1790556307.998618126,96.435205,54740,0,20.744321,4.542752,70.863618,0.093902,0.126678,0.063934
3293,1790556308.098775148,95.402253,54736,0,20.314054,5.372477,69.486705,0.076718,0.108093,0.044206
3294,1790556308.198962927,95.552788,54794,0,20.427382,5.267966,69.626333,0.078888,0.108493,0.043726
3295,1790556308.299154758,94.947257,54776,0,20.648981,4.499704,69.545817,0.084610,0.116874,0.051271
3296,1790556308.399349451,95.844345,54769,0,19.930353,4.987517,70.691512,0.070594,0.109684,0.054685
3297,1790556308.499569178,95.576682,54783,0,19.625071,4.969906,70.725903,0.071214,0.134583,0.050005
3298,1790556308.599745989,94.580625,54786,0,19.888221,4.609849,69.858963,0.071131,0.108969,0.043492
3299,1790556308.699961662,94.015325,54795,0,19.347505,4.371857,70.016816,0.129349,0.105317,0.044481
3300,1790556308.800164938,95.279637,54773,0,20.414853,4.757525,69.484100,0.074508,0.500731,0.047920
3301,1790556308.900353193,95.298783,54738,0,19.946268,4.686022,70.416410,0.081145,0.120613,0.048325
3302,1790556309.100728512,95.299013,54781,0,20.056233,4.721085,70.274902,0.070326,0.128296,0.048171
3303,1790556309.200975895,95.264377,54773,0,20.148509,4.471776,70.396695,0.069391,0.135837,0.042169
3304,1790556309.301159382,95.196244,54797,0,20.222081,4.718603,69.941849,0.148734,0.109224,0.055753
3305,1790556309.401330948,94.884408,54780,0,19.610963,4.815633,70.094496,0.087030,0.206943,0.069343
3306,1790556309.501485825,100.867076,54811,0,20.382001,4.499486,75.730999,0.074176,0.133209,0.047205
3307,1790556309.601705551,98.520063,54798,0,20.547641,4.373955,73.206026,0.139185,0.192423,0.060833
3308,1790556309.702499151,99.924384,54796,0,19.507941,4.479108,75.645960,0.083682,0.108858,0.098835
3309,1790556309.802415133,99.897602,54784,0,19.723600,4.652055,75.200863,0.131576,0.146412,0.043096
3310,1790556310.002498865,94.049979,54828,0,19.668920,4.118669,69.535184,0.082735,0.602620,0.041851
3311,1790556310.102667809,93.837051,54767,0,19.200414,4.204991,70.151125,0.069143,0.150685,0.060693
3312,1790556310.202894449,95.258385,54818,0,20.548417,4.630664,69.825301,0.071030,0.138101,0.044872
3313,1790556310.303078651,98.869232,54757,0,19.975790,4.544081,73.886076,0.146651,0.200981,0.115653
3314,1790556310.403246880,100.295594,54789,0,19.946245,4.642547,75.467975,0.081278,0.115624,0.041925
3315,1790556310.503468990,100.268411,54798,0,20.060586,4.861806,75.119017,0.071283,0.110910,0.044809
3316,1790556310.603695154,99.784157,54791,0,20.374202,4.529745,74.654867,0.070126,0.111346,0.043871
3317,1790556310.703863382,99.435850,54789,0,19.896940,4.572811,74.671182,0.068200,0.140922,0.085795
3318,1790556310.904288054,95.606875,54780,0,19.833409,5.090515,70.432932,0.090608,0.114938,0.044473
3319,1790556311.004472256,94.965430,54775,0,19.939650,4.460619,70.280161,0.069388,0.158948,0.056664
3320,1790556311.204899549,94.752028,54781,0,19.380356,5.172568,69.581454,0.069009,0.504539,0.044102
3321,1790556311.405266762,94.773231,54815,0,19.647541,5.321469,69.506231,0.082040,0.154601,0.061349
3322,1790556311.505432129,94.784658,54770,0,19.030483,4.765046,70.700583,0.080085,0.162766,0.045695
3323,1790556311.605671167,94.277722,54778,0,19.431663,4.909378,69.634417,0.072229,0.185722,0.044313
3324,1790556311.705831051,96.370947,54762,0,20.555627,4.592121,70.882364,0.105122,0.179931,0.055782
3325,1790556311.806039572,94.733379,54800,0,19.694731,4.543866,70.074838,0.087716,0.247033,0.085195
3326,1790556311.906241894,93.675977,54763,0,18.835620,4.437926,70.164689,0.069290,0.111508,0.056944
3327,1790556312.006456375,94.345548,54761,0,19.806403,4.290710,70.012059,0.071761,0.112991,0.051624
3328,1790556312.106647015,94.947106,54772,0,20.138518,4.374096,70.094595,0.087591,0.167982,0.084324
3329,1790556312.206846237,94.399371,54787,0,20.120512,4.355948,69.651487,0.099102,0.128995,0.043327
3330,1790556312.307164669,95.156608,54732,0,19.745327,4.094073,70.460173,0.093328,0.706107,0.057600
3331,1790556312.407198668,95.904016,54786,0,20.180393,4.279175,71.232817,0.067025,0.101850,0.042756
3332,1790556312.607614040,93.729291,54789,0,18.655862,5.144118,69.679522,0.069316,0.123525,0.056948
3333,1790556312.707798719,94.689114,54771,0,20.320238,4.132142,69.992139,0.071217,0.125504,0.047874
3334,1790556312.808022976,94.797595,54794,0,19.965884,4.785493,69.799175,0.067788,0.120904,0.058351
3335,1790556312.908191919,94.041408,54792,0,20.005831,4.283282,69.425765,0.093621,0.185750,0.047159
3336,1790556313.008411884,94.454704,54752,0,19.775001,4.465667,69.971638,0.077942,0.116598,0.047858
3337,1790556313.108615875,95.680577,54795,0,20.326560,4.505878,70.625594,0.070656,0.106043,0.045846
3338,1790556313.208839417,95.661261,54790,0,20.038785,5.302117,70.103949,0.066937,0.106874,0.042599
3339,1790556313.309006453,94.853583,54825,0,19.864266,4.388380,70.330123,0.079954,0.149630,0.041230
3340,1790556313.409178019,94.399606,54799,0,18.971868,4.534824,70.141160,0.084126,0.608992,0.058636
3341,1790556313.509394169,93.854556,54821,0,19.101135,4.300024,70.102664,0.095379,0.171923,0.083431
3342,1790556313.609611750,97.156235,54788,0,19.347013,4.277472,73.295130,0.070491,0.121598,0.044531
3343,1790556313.709759474,98.713125,54857,0,19.898796,4.466414,73.820062,0.200166,0.268646,0.059041
3344,1790556313.809946775,95.215380,54825,0,20.105279,4.242699,70.596996,0.077124,0.141602,0.051680
3345,1790556313.910187006,94.255148,54802,0,19.716200,4.037348,70.284649,0.064631,0.110996,0.041324
3346,1790556314.010350227,94.207281,54791,0,19.530516,4.178844,70.221984,0.079197,0.139173,0.057567
3347,1790556314.110555410,102.264044,54823,0,19.971454,4.759425,77.154434,0.131708,0.161598,0.085425
3348,1790556314.210766077,100.200697,54801,0,19.760398,4.675256,75.508975,0.087520,0.107511,0.061037
3349,1790556314.411165237,94.690280,54809,0,20.000041,4.531160,69.918666,0.070307,0.112274,0.057832
3350,1790556314.511331320,94.341470,54779,0,19.844865,4.360075,69.470853,0.094106,0.527782,0.043789
3351,1790556314.611530542,92.547469,54879,0,18.584165,3.985204,69.739463,0.072449,0.117060,0.049128
3352,1790556314.711739302,95.126064,54800,0,19.609127,4.910929,70.330525,0.067320,0.163011,0.045152
3353,1790556314.811928511,94.792179,54834,0,20.475446,4.409705,69.646406,0.087367,0.120854,0.052401
3354,1790556314.912136078,94.649754,54813,0,20.400577,4.373184,69.603640,0.089322,0.135544,0.047487
3355,1790556315.012332201,94.375169,54830,0,19.619302,4.478690,70.030962,0.070941,0.131300,0.043974
3356,1790556315.112534761,98.450335,54841,0,19.841161,4.407041,73.814467,0.133873,0.179262,0.074531
3357,1790556315.212728500,98.415271,54863,0,19.819749,4.333171,73.716980,0.203406,0.242125,0.099840
3358,1790556315.312899590,99.562223,54873,0,19.913314,4.286260,74.893733,0.153505,0.234918,0.080493
3359,1790556315.413075924,99.064924,54781,0,19.315655,4.489292,74.847346,0.135232,0.200710,0.076689
3360,1790556315.513317823,101.899162,54846,0,19.616150,4.191991,77.395926,0.066590,0.571291,0.057214
3361,1790556315.613486052,101.897777,54809,0,19.999881,5.082723,76.598094,0.066857,0.106742,0.043480
3362,1790556315.813857079,93.782218,54838,0,19.781944,4.253821,69.452564,0.079480,0.156262,0.058147
3363,1790556315.914057016,94.676873,54815,0,19.358751,4.360369,70.675637,0.082509,0.144515,0.055092
3364,1790556316.114468098,92.687768,54853,0,19.389519,3.847156,69.167304,0.082474,0.148100,0.053215
3365,1790556316.214675665,93.969571,54789,0,19.605486,4.231049,69.802558,0.093990,0.182876,0.053612
3366,1790556316.314837456,94.078463,54841,0,19.658100,4.175216,69.957396,0.072698,0.169212,0.045841
3367,1790556316.415077448,93.746638,54785,0,19.474031,4.577313,69.361402,0.083343,0.190543,0.060006
3368,1790556316.515258789,94.290633,54795,0,19.774826,4.646166,69.530752,0.095733,0.189584,0.053572
3369,1790556316.615477800,94.489998,54822,0,19.593488,4.527787,70.058635,0.071071,0.164476,0.074541
3370,1790556316.715871811,93.488082,54764,0,19.069540,4.140539,69.657498,0.071961,0.507755,0.040789
3371,1790556316.815819025,95.683090,54762,0,20.430715,4.971701,69.948960,0.106599,0.163820,0.061295
3372,1790556316.916044950,93.821707,54798,0,19.159152,4.541630,69.802956,0.073687,0.167882,0.076400
3373,1790556317.016228199,98.360252,54834,0,19.173391,4.626246,74.074673,0.138454,0.258632,0.088856
3374,1790556317.216626406,93.452856,54803,0,18.700192,4.184609,70.334347,0.069916,0.116805,0.046987
3375,1790556317.316830397,94.670796,54775,0,19.617468,5.045278,69.741727,0.076368,0.139181,0.050774
3376,1790556317.417026758,99.193286,54797,0,19.962558,4.922826,74.047409,0.089021,0.126315,0.045157
3377,1790556317.617424965,94.107725,54769,0,19.466850,4.714878,69.605645,0.077488,0.195915,0.046949
3378,1790556317.817846060,94.684272,54778,0,19.542550,5.096718,69.800507,0.072770,0.123512,0.048215
3379,1790556317.918001413,94.178108,54831,0,19.199300,4.618076,70.029149,0.089193,0.189520,0.052870
3380,1790556318.018206120,99.146078,54799,0,19.579224,5.101939,73.668034,0.091067,0.625382,0.080432
3381,1790556318.118434191,99.626885,54779,0,19.426337,4.729429,74.795477,0.233564,0.372861,0.069217
3382,1790556318.218626022,98.117083,54798,0,19.486871,4.574795,73.663068,0.113453,0.224294,0.054602
3383,1790556318.318845510,100.692761,54802,0,19.422234,5.044756,75.957289,0.072568,0.152914,0.043000
3384,1790556318.418991566,100.835057,54812,0,19.106912,5.315095,76.174560,0.071602,0.107747,0.059141
3385,1790556318.519225121,101.047254,54773,0,20.645468,5.607076,74.581061,0.066608,0.105580,0.041461
3386,1790556318.719612598,95.133045,54832,0,19.756368,5.278524,69.861388,0.068576,0.109476,0.058713
3387,1790556318.819781542,95.536102,54779,0,19.739360,4.909903,70.625906,0.075340,0.135360,0.050233
3388,1790556318.919970989,94.452770,54791,0,19.912703,4.245113,70.023059,0.078177,0.143612,0.050106
3389,1790556319.020193577,95.029887,54824,0,19.540788,5.031320,70.208596,0.085980,0.116844,0.046359
3390,1790556319.220579863,94.495601,54789,0,19.455883,4.583806,69.761521,0.079317,0.568331,0.046743
3391,1790556319.320752382,96.464084,54768,0,20.226846,5.187722,70.830426,0.067075,0.104236,0.047779
3392,1790556319.420949221,95.040802,54807,0,19.962160,4.758031,70.064812,0.082053,0.118991,0.054755
3393,1790556319.521175861,95.522762,54777,0,20.755196,5.118342,69.415579,0.066071,0.118765,0.048809
3394,1790556319.621378660,96.453883,54781,0,20.535358,5.083179,70.605996,0.067691,0.104127,0.057532
3395,1790556319.721539021,95.855054,54840,0,20.108725,4.741814,70.676787,0.116577,0.154992,0.056159
3396,1790556319.821752310,95.137318,54807,0,19.843914,5.095686,69.960198,0.066539,0.103381,0.067600
3397,1790556320.022153616,93.348162,54807,0,18.091188,4.353612,70.665258,0.078844,0.114958,0.044302
3398,1790556320.122354507,94.914717,54783,0,19.606029,5.002853,70.060876,0.064707,0.122850,0.057402
3399,1790556320.222528219,95.061443,54794,0,19.740753,5.092253,69.925634,0.077252,0.166797,0.058754
3400,1790556320.322717667,95.168798,54812,0,19.878383,5.294368,69.303151,0.066916,0.585767,0.040213
3401,1790556320.422949314,101.189882,54769,0,19.797807,5.579330,75.475087,0.073192,0.220280,0.044186
3402,1790556320.623341560,96.000424,54808,0,19.764701,5.690945,70.322009,0.072311,0.109242,0.041216
3403,1790556320.723533392,96.143215,54816,0,20.462009,4.894948,70.534307,0.065851,0.139695,0.046405
3404,1790556320.923893213,95.492752,54786,0,19.744665,5.096428,70.345193,0.084679,0.155995,0.065792
3405,1790556321.124284983,94.053293,54840,0,19.362222,4.890683,69.578137,0.064784,0.100260,0.057207
3406,1790556321.224483013,100.603438,54804,0,20.327440,5.101431,74.953485,0.071214,0.106841,0.043027
3407,1790556321.424916267,94.956198,54770,0,19.543558,5.031550,70.113402,0.084418,0.140758,0.042512
3408,1790556321.525080681,98.956673,54820,0,19.819604,4.844578,73.667253,0.295855,0.275032,0.054351
3409,1790556321.625417233,101.413898,54806,0,20.685844,4.479741,76.003990,0.070099,0.107314,0.066910
3410,1790556321.725480080,95.694778,54823,0,20.267499,4.511090,70.006297,0.097537,0.739191,0.073164
3411,1790556321.825659752,95.536342,54786,0,20.403409,5.023311,69.857145,0.082119,0.110990,0.059368
3412,1790556321.925890446,94.914690,54803,0,19.167460,5.230178,70.262522,0.083020,0.127594,0.043916
3413,1790556322.026101351,98.880062,54808,0,19.150585,4.873616,74.463477,0.142885,0.180452,0.069047
3414,1790556322.126303911,97.915567,54848,0,19.721185,3.995008,73.803548,0.109812,0.200846,0.085168
3415,1790556322.226471901,98.003470,54831,0,19.634828,4.680320,73.373780,0.113910,0.135731,0.064901
3416,1790556322.326648474,95.661390,54791,0,20.134597,4.828717,70.392060,0.097978,0.157896,0.050142
3417,1790556322.426908016,95.169359,54848,0,20.221354,4.438440,70.234895,0.068560,0.129093,0.077017
3418,1790556322.527116299,94.834756,54841,0,19.681851,4.858282,69.976231,0.091021,0.148792,0.078579
3419,1790556322.627236128,99.268819,54904,0,20.158375,4.391953,74.198419,0.250322,0.203405,0.066345
3420,1790556322.727431059,101.538330,55009,0,20.630997,4.539365,75.661527,0.070462,0.590955,0.045024
3421,1790556322.827636957,100.273593,55012,0,19.711041,4.416184,75.864557,0.113060,0.121991,0.046760
3422,1790556322.927855253,99.939469,55024,0,20.271611,4.424419,75.025486,0.068661,0.106121,0.043171
3423,1790556323.028023958,100.139703,54956,0,20.321593,4.225258,75.275785,0.128291,0.118076,0.070700
3424,1790556323.128212929,99.449383,54903,0,20.390029,4.140106,74.704653,0.069296,0.103624,0.041675
3425,1790556323.228410482,99.694361,54820,0,20.438388,4.661299,74.377683,0.067433,0.104648,0.044910
3426,1790556323.328610420,98.734588,54871,0,20.541645,4.713963,73.223897,0.106512,0.104770,0.043801
3427,1790556323.428807497,98.331324,54912,0,20.287868,4.397492,73.433365,0.067247,0.102339,0.043013
3428,1790556323.529041767,94.369390,54881,0,19.837501,4.141878,70.050459,0.089008,0.169535,0.081009
3429,1790556323.629220963,94.526231,54866,0,20.149611,4.404947,69.689289,0.071852,0.166465,0.044067
3430,1790556323.729420900,94.348782,54850,0,19.660973,4.283732,69.749507,0.089069,0.520438,0.045063
3431,1790556323.829626560,94.467053,54864,0,20.232919,4.231741,69.755146,0.081509,0.124663,0.041075
3432,1790556323.929777861,94.020039,54860,0,19.750613,4.462812,69.574876,0.066244,0.099657,0.065837
3433,1790556324.029988289,94.185507,54851,0,19.908316,4.500419,69.553161,0.065038,0.116354,0.042219
3434,1790556324.130182505,93.867630,54839,0,19.865599,4.275074,69.495188,0.066975,0.100547,0.064247
3435,1790556324.230378866,98.307929,54616,0,19.776639,4.205311,73.979716,0.108839,0.167454,0.069970
3436,1790556324.330597162,98.221680,53308,0,19.889387,4.537600,73.383231,0.149781,0.195849,0.065832
3437,1790556324.430779457,99.030951,52704,0,19.485797,4.186008,75.004193,0.125069,0.168345,0.061539
3438,1790556324.531012535,99.702622,52581,0,20.186641,4.186361,74.869172,0.099818,0.234818,0.125812
3439,1790556324.631197214,99.516852,52614,0,19.625051,4.329717,74.991619,0.229071,0.275524,0.065870
3440,1790556324.731379747,99.134230,52678,0,19.956010,4.402718,73.632546,0.235037,0.838106,0.069813
3441,1790556324.831583261,101.103201,52742,0,20.538644,4.195545,76.142534,0.071355,0.110173,0.044950
3442,1790556324.931748390,99.601343,52712,0,20.342185,4.388801,74.533350,0.083887,0.162497,0.090623
3443,1790556325.031980515,99.906080,52521,0,20.114249,4.368415,75.130364,0.068489,0.150594,0.073969
3444,1790556325.132138252,100.388773,52108,0,20.472026,4.818306,74.884338,0.068704,0.102960,0.042439
3445,1790556325.232360125,100.300988,50862,0,20.026730,5.137249,74.894357,0.074124,0.115488,0.053040
3446,1790556325.332514524,101.952720,49076,0,20.338131,4.664512,76.625346,0.069303,0.160370,0.095058
3447,1790556325.432729959,101.014443,48464,0,20.292628,4.540846,75.960405,0.072784,0.104071,0.043709
3448,1790556325.532945871,100.757844,48562,0,19.950927,4.044353,76.517659,0.077349,0.119776,0.047780
3449,1790556325.633156300,100.866720,48874,0,19.922461,3.885049,76.522681,0.187975,0.269310,0.079244
3450,1790556325.733300686,100.447745,48808,0,20.417504,4.439584,74.896034,0.072016,0.577503,0.045104
3451,1790556325.833495140,104.542869,48638,0,19.842634,5.459894,79.026298,0.068611,0.103789,0.041643
3452,1790556325.933724642,101.061956,48450,0,20.244677,4.590557,76.013916,0.068547,0.101135,0.043124
3453,1790556326.033987284,102.424710,48343,0,19.908610,4.862696,77.368102,0.067087,0.162573,0.055642
3454,1790556326.134082317,105.691019,49058,0,20.155824,7.424441,77.771306,0.073136,0.172264,0.094048
3455,1790556326.234472990,101.057011,51064,0,20.185141,7.025053,73.601314,0.067397,0.113612,0.064494
3456,1790556326.334471464,97.581406,53507,0,20.278458,5.514026,71.564463,0.068791,0.113420,0.042248
3457,1790556326.434704304,97.050006,53941,0,19.896002,4.853828,72.091583,0.066983,0.100813,0.040797
3458,1790556326.534893274,95.662705,53628,0,20.163741,4.894852,70.290147,0.098329,0.165951,0.049685
3459,1790556326.635088205,99.951646,51599,0,20.080099,4.064266,75.566650,0.074487,0.118375,0.047769
3460,1790556326.735283852,104.789017,48920,0,20.314064,6.704411,77.053940,0.067236,0.601480,0.047886
3461,1790556326.835513115,98.426228,47127,0,19.623783,4.389040,74.194676,0.068150,0.108476,0.042103
3462,1790556326.935710192,103.371336,46050,0,19.796080,4.207921,79.095371,0.078615,0.147046,0.046303
3463,1790556327.035916567,99.083272,45463,0,19.944169,6.623620,72.229707,0.074533,0.148590,0.062653
3464,1790556327.136095047,99.109339,45325,0,20.257683,3.676550,74.880659,0.108075,0.140345,0.046027
3465,1790556327.236285925,103.082555,45625,0,20.217259,4.034592,78.468467,0.088835,0.194436,0.078966
3466,1790556327.336463451,104.217419,46140,0,19.408583,7.273937,77.271718,0.080538,0.132121,0.050522
3467,1790556327.436667204,97.676309,46549,0,20.106929,5.942773,71.378034,0.070492,0.113558,0.064523
3468,1790556327.536843061,96.753187,46740,0,19.446469,5.825591,71.026987,0.130377,0.227427,0.096336
3469,1790556327.637050867,96.529770,46871,0,19.875832,4.396100,71.990682,0.066503,0.158948,0.041705
3470,1790556327.737269163,97.273100,46946,0,20.219139,4.308543,72.094082,0.074920,0.518907,0.057509
3471,1790556327.837441444,96.732536,46939,0,19.948790,4.285936,72.220638,0.083384,0.148762,0.045026
3472,1790556327.937682152,95.371005,46914,0,19.782533,4.137714,71.205646,0.068551,0.109831,0.066730
3473,1790556328.037877321,94.984461,46956,0,19.812737,4.181872,70.774386,0.067504,0.103816,0.044146
3474,1790556328.138074160,96.499598,46816,0,20.258618,4.541278,71.358809,0.085990,0.169680,0.085223
3475,1790556328.238265038,95.804272,46742,0,19.771129,4.117438,71.637257,0.086131,0.133543,0.058774
3476,1790556328.338470221,95.842462,46763,0,20.019712,4.542701,71.018010,0.070719,0.121686,0.069634
3477,1790556328.438667059,96.819085,46719,0,20.629309,4.356299,71.540270,0.091204,0.157422,0.044581
3478,1790556328.538857222,95.753649,46703,0,20.190714,4.528220,70.819268,0.066529,0.107546,0.041372
3479,1790556328.639050961,96.484376,46601,0,20.574461,4.109098,71.412632,0.094965,0.232730,0.060490
3480,1790556328.839414120,98.327060,46678,0,19.062219,5.966800,72.316214,0.120569,0.796361,0.064897
3481,1790556329.039832830,96.047428,46847,0,20.254065,5.281079,70.155809,0.068931,0.168016,0.119528
3482,1790556329.140002966,94.113943,46564,0,19.580521,4.387820,69.904402,0.076757,0.116702,0.047741
3483,1790556329.240198851,93.634692,46213,0,19.499951,4.420497,69.454465,0.075395,0.125783,0.058601
3484,1790556329.340397596,98.322609,45802,0,19.458621,4.021495,74.482658,0.075333,0.152457,0.132045
3485,1790556329.440613747,99.982675,45582,0,19.772511,4.162206,75.351323,0.220243,0.392311,0.084081
3486,1790556329.540783405,101.639184,45450,0,19.584343,4.617960,77.152025,0.101134,0.137365,0.046357
3487,1790556329.641021252,100.689629,45376,0,19.900699,4.106417,76.455163,0.073803,0.108553,0.044994
3488,1790556329.741204023,102.229802,45331,0,19.876543,3.885113,78.019651,0.119840,0.257816,0.070839
3489,1790556329.841396332,106.569536,45256,0,19.617717,5.230903,81.367575,0.135860,0.153571,0.063910
3490,1790556329.941584349,106.404733,45212,0,20.048362,8.337844,77.290560,0.085221,0.601038,0.041708
3491,1790556330.041783810,103.586736,45226,0,20.192847,6.559065,76.563402,0.066000,0.149461,0.055961
3492,1790556330.141994476,101.463623,45273,0,20.066435,6.042991,75.132906,0.068170,0.113534,0.039587
3493,1790556330.242192268,98.017403,45244,0,19.947655,5.995618,71.819917,0.067378,0.107172,0.079663
3494,1790556330.342387438,94.438890,45226,0,19.811879,3.949986,70.411616,0.075425,0.129416,0.060568
3495,1790556330.442636013,94.452842,45203,0,19.447938,3.810178,70.809008,0.123559,0.191719,0.070440
3496,1790556330.542758703,95.455995,45406,0,19.251281,4.020544,71.959976,0.064859,0.103828,0.055507
3497,1790556330.642968655,96.161010,46383,0,19.382235,4.914442,71.478978,0.084070,0.244305,0.056980
3498,1790556330.743145466,94.782703,47865,0,19.267708,4.502639,70.753805,0.073810,0.125922,0.058819
3499,1790556330.843333960,94.586729,48492,0,19.001874,4.510555,70.826555,0.077154,0.119968,0.050623
3500,1790556330.943507195,93.685001,48786,0,19.613069,3.782784,69.667367,0.070369,0.506816,0.044596
3501,1790556331.043734074,100.711078,49504,0,20.539819,4.270773,75.663964,0.083240,0.109690,0.043592
3502,1790556331.143968344,104.771317,50093,0,19.666489,3.806592,80.917313,0.100300,0.217669,0.062954
3503,1790556331.244159698,100.241317,50488,0,19.607773,7.433987,72.947592,0.086795,0.123857,0.041313
3504,1790556331.344355345,95.724362,51260,0,19.644643,4.271319,71.520401,0.078099,0.134625,0.075275
3505,1790556331.444491625,93.901999,51638,0,19.828863,4.513098,69.152166,0.121523,0.203146,0.083203
3506,1790556331.644915104,92.072530,52235,0,18.905048,3.922160,68.981101,0.065265,0.157960,0.040996
3507,1790556331.745129585,99.738026,52273,0,19.317264,3.772898,76.224402,0.132687,0.216224,0.074551
3508,1790556331.845315933,99.773224,52272,0,20.010876,4.471178,75.016555,0.090174,0.134492,0.049949
3509,1790556331.945722818,98.401703,52568,0,19.634277,4.154966,74.321069,0.101832,0.131262,0.058297
3510,1790556332.045690536,101.364768,52902,0,19.934136,4.190109,76.608550,0.070322,0.517924,0.043727
3511,1790556332.145930052,102.683277,53447,0,19.771342,4.627565,78.055001,0.064471,0.104875,0.060023
3512,1790556332.346330881,101.979533,54518,0,19.828094,4.518631,77.371096,0.071490,0.123093,0.067129
3513,1790556332.446451664,106.981585,54617,0,20.440720,8.419532,77.813553,0.068625,0.190482,0.048673
3514,1790556332.546665430,100.265357,54609,0,19.506572,8.350166,72.149132,0.070342,0.129316,0.059829
3515,1790556332.646874428,95.927836,54603,0,19.784063,4.766617,71.148404,0.081987,0.102148,0.044617
3516,1790556332.747064590,99.408439,54632,0,19.169105,4.480289,75.504967,0.064637,0.148195,0.041246
3517,1790556332.847267866,105.003084,54618,0,19.610277,7.446191,77.656183,0.069109,0.132693,0.088631
3518,1790556332.947460651,98.434714,54632,0,19.701171,7.320010,71.161747,0.076012,0.130407,0.045367
3519,1790556333.047654152,98.802762,54614,0,19.469598,4.258229,74.833212,0.070044,0.127427,0.044252
3520,1790556333.147855520,104.852226,54618,0,19.810752,3.961246,80.179860,0.068919,0.765968,0.065481
3521,1790556333.248053551,99.418900,54596,0,19.798888,8.164711,71.210914,0.092742,0.111216,0.040429
3522,1790556333.348241329,97.422029,54613,0,19.654907,4.353770,73.137807,0.083977,0.134883,0.056685
3523,1790556333.648844719,100.415240,54628,0,18.987059,7.964207,73.223323,0.095002,0.104221,0.041428
3524,1790556333.849258423,91.656658,54566,0,17.844266,4.295105,69.218157,0.081801,0.166882,0.050447
3525,1790556333.949445009,99.233837,54562,0,19.522046,4.593016,74.633668,0.102633,0.226195,0.156279
3526,1790556334.049649000,106.051955,54563,0,20.031786,7.312365,78.433709,0.081147,0.133140,0.059808
3527,1790556334.149808884,100.399667,54607,0,20.129728,8.259357,71.760677,0.069103,0.113092,0.067710
3528,1790556334.350209236,98.401747,54575,0,18.863771,4.184037,75.061085,0.101271,0.129360,0.062223
3529,1790556334.450407505,105.625074,54552,0,19.772970,7.663102,77.900223,0.102185,0.124700,0.061894
3530,1790556334.550606012,100.719707,54648,0,20.269835,7.732666,72.082286,0.070404,0.513487,0.051029
3531,1790556334.650924206,100.914486,54600,0,20.102892,4.563527,75.982193,0.068278,0.129176,0.068420
3532,1790556334.750994444,103.110141,54621,0,19.984043,4.590996,78.323341,0.068940,0.101867,0.040954
3533,1790556334.851167202,102.129954,54625,0,20.379508,6.460071,75.081931,0.066062,0.101894,0.040488
3534,1790556334.951421976,94.593936,54651,0,20.113785,4.357956,69.854477,0.069515,0.128804,0.069399
3535,1790556335.051640272,94.376966,54697,0,19.552132,4.128592,70.382895,0.107009,0.130981,0.075357
3536,1790556335.151827812,102.510061,54624,0,19.958095,4.589958,77.722695,0.067123,0.105380,0.066810
3537,1790556335.251984119,101.859791,54671,0,19.648723,7.305732,74.585353,0.085696,0.163642,0.070645
3538,1790556335.352180243,94.738036,54664,0,19.791472,4.015847,70.657612,0.071711,0.138859,0.062535
3539,1790556335.452390194,97.977139,54679,0,19.779991,4.541391,73.383823,0.073615,0.154882,0.043437
3540,1790556335.552585840,100.371520,54595,0,18.932312,4.720060,76.020661,0.070385,0.581548,0.046554
3541,1790556335.652797461,104.511673,54652,0,19.717603,7.418000,77.109278,0.079553,0.145951,0.041288
3542,1790556335.752993345,98.711076,54655,0,19.704373,7.459497,71.254081,0.088579,0.107492,0.097054
3543,1790556335.853181839,100.713810,54627,0,20.812797,4.221963,75.472408,0.063988,0.100597,0.042057
3544,1790556335.953400612,106.263333,54657,0,20.607260,8.177242,77.211021,0.070699,0.140774,0.056337
3545,1790556336.053604603,95.173162,54617,0,19.418426,4.423721,71.018505,0.075577,0.186523,0.050410
3546,1790556336.153763294,101.715670,54611,0,20.316766,4.430873,76.752236,0.068985,0.104792,0.042018
3547,1790556336.253954411,102.679362,54572,0,19.551947,4.597824,78.280460,0.082884,0.123038,0.043209
3548,1790556336.354140759,98.618480,54570,0,19.366883,6.963270,71.955215,0.083357,0.194142,0.055613
3549,1790556336.454332590,95.903879,54486,0,19.561731,4.201348,71.833042,0.069348,0.149136,0.089274
3550,1790556336.554575920,95.796242,54419,0,20.044435,4.192392,70.787904,0.073609,0.614294,0.083608
3551,1790556336.654791594,102.791527,54280,0,19.870196,4.123468,78.501043,0.138864,0.114066,0.043890
3552,1790556336.754979134,99.959732,54369,0,19.586841,7.841318,72.285554,0.069820,0.129560,0.046639
3553,1790556336.855255842,95.148120,54350,0,19.640398,4.216813,70.980986,0.080173,0.146418,0.083332
3554,1790556337.055486917,102.037620,54382,0,18.165588,4.748471,78.821292,0.067211,0.189334,0.045724
3555,1790556337.155736208,97.169184,54325,0,19.832670,6.458678,70.636254,0.069604,0.119319,0.052659
3556,1790556337.356081963,97.318669,54257,0,18.548745,7.809585,70.661107,0.069762,0.139547,0.089923
3557,1790556337.456305981,101.857905,54290,0,19.407692,5.481172,76.749653,0.074931,0.102011,0.042446
3558,1790556337.556488752,98.174978,54396,0,19.629751,7.356263,70.848549,0.095076,0.148718,0.096621
3559,1790556337.656693220,101.998910,54407,0,19.809331,4.304914,77.633588,0.088358,0.119073,0.043646
3560,1790556337.756892443,98.268140,54331,0,20.053623,7.571134,69.951240,0.067810,0.565807,0.058526
3561,1790556337.857084274,104.179753,54353,0,19.793600,4.361005,79.753223,0.070265,0.144818,0.056842
3562,1790556337.957276821,98.589780,54354,0,20.034802,7.377626,70.863634,0.116285,0.151491,0.045942
3563,1790556338.057446003,99.474608,54395,0,20.275160,4.258646,74.696753,0.070258,0.116173,0.057618
3564,1790556338.157645226,102.697298,54398,0,20.289873,7.020096,75.121270,0.093346,0.131510,0.041203
3565,1790556338.257865191,94.887744,54357,0,19.824178,4.684965,70.151966,0.079221,0.105718,0.041696
3566,1790556338.358067036,103.617706,54368,0,19.998620,4.030488,79.260306,0.080858,0.168108,0.079326
3567,1790556338.458233356,97.319542,54268,0,19.401874,7.707154,69.984083,0.068606,0.112245,0.045580
3568,1790556338.558458328,100.401500,54302,0,20.064879,5.012563,75.116162,0.067482,0.100057,0.040357
3569,1790556338.658650637,103.491835,54219,0,19.041956,4.661152,79.428336,0.120764,0.177968,0.061659
3570,1790556338.758855581,97.357729,54155,0,19.904885,6.080156,70.546783,0.166847,0.611638,0.047420
3571,1790556338.859018564,95.320480,54106,0,19.939620,4.405991,70.633339,0.076733,0.187380,0.077417
3572,1790556339.059440374,95.473883,54126,0,18.160162,4.051944,73.034343,0.065777,0.102890,0.058767
3573,1790556339.159640074,98.782836,54161,0,20.054689,7.536541,70.916912,0.097049,0.128219,0.049426
3574,1790556339.360077620,101.348060,54225,0,18.983409,4.247956,77.881035,0.070469,0.105341,0.059850
3575,1790556339.460257053,99.169399,54189,0,20.291579,7.582573,70.969375,0.084301,0.176521,0.065050
3576,1790556339.560394526,97.841998,54194,0,19.299102,4.078076,74.209302,0.088396,0.121261,0.045861
3577,1790556339.660651445,102.718294,54189,0,20.060701,7.804343,74.560568,0.082334,0.166965,0.043383
3578,1790556339.760813236,100.132906,54210,0,20.273102,4.291719,75.357756,0.066885,0.101519,0.041925
3579,1790556339.861009121,102.157637,54251,0,20.296215,8.079980,73.511919,0.070888,0.115223,0.083412
3580,1790556339.961214304,95.287444,54204,0,20.091325,4.683170,69.656531,0.082882,0.726436,0.047100
3581,1790556340.061373711,105.832571,54223,0,20.414338,8.006277,77.144408,0.086058,0.139535,0.041955
3582,1790556340.161606550,95.450782,54201,0,20.025754,4.800020,70.398049,0.069595,0.112467,0.044897
3583,1790556340.261801243,98.332574,54260,0,19.920009,4.442494,73.682632,0.139967,0.104631,0.042841
3584,1790556340.462178469,99.646825,54229,0,19.079550,4.177016,76.055088,0.102134,0.160009,0.073028
3585,1790556340.562388897,99.620044,54174,0,20.480187,7.765188,71.048529,0.098023,0.164860,0.063257
3586,1790556340.662608624,99.973602,54227,0,20.001076,4.214297,75.524471,0.081297,0.108131,0.044330
3587,1790556340.762778997,100.716307,54255,0,20.399604,7.787863,72.287263,0.070078,0.104212,0.067287
3588,1790556340.862981796,99.909740,54260,0,20.820598,4.052978,74.806252,0.067169,0.118356,0.044387
3589,1790556340.963169575,102.102303,54300,0,20.659694,8.501457,72.718840,0.069392,0.110822,0.042098
3590,1790556341.063398600,98.448578,54270,0,19.654396,4.505223,73.624290,0.066948,0.555866,0.041855
3591,1790556341.163593054,103.607963,54319,0,19.592248,7.974426,75.684618,0.116692,0.178184,0.061795
3592,1790556341.263793230,94.217057,54239,0,19.748067,4.079741,70.116658,0.066958,0.146925,0.058708
3593,1790556341.464157581,100.252493,54197,0,20.148632,6.343147,73.491660,0.106219,0.116419,0.046416
3594,1790556341.664576530,97.652530,54249,0,19.100848,6.887830,71.407483,0.080784,0.127511,0.048074
3595,1790556341.764911175,97.917265,54286,0,19.476766,4.083233,74.017836,0.093072,0.186220,0.060138
3596,1790556341.965184689,93.072908,54214,0,19.636134,4.245899,68.970285,0.068694,0.110930,0.040966
3597,1790556342.065340042,105.006117,54259,0,19.675072,4.101205,80.958767,0.074570,0.116172,0.080331
3598,1790556342.165561438,99.663941,54252,0,19.946991,7.153704,72.305067,0.072027,0.125331,0.060821
3599,1790556342.265759706,95.139260,54230,0,19.776607,4.188779,70.888515,0.127037,0.111856,0.046466
3600,1790556342.365983725,99.058801,54239,0,19.504502,4.575260,74.258344,0.067545,0.596067,0.057083
3601,1790556342.466133356,105.182162,54203,0,20.148369,7.724383,76.934635,0.083176,0.221539,0.070060
3602,1790556342.566325903,95.520903,54225,0,20.024439,4.183173,71.071231,0.069024,0.116767,0.056269
3603,1790556342.666484833,97.911462,54183,0,19.866039,4.188304,73.589727,0.082335,0.113444,0.071613
3604,1790556342.766748667,103.861255,54225,0,19.496628,4.299575,79.687100,0.107455,0.148568,0.121929
3605,1790556342.866906404,94.983697,54211,0,19.304442,4.279222,71.110469,0.084901,0.159227,0.045436
3606,1790556342.967102289,98.010992,54220,0,20.075927,3.980656,73.668216,0.069800,0.166681,0.049712
3607,1790556343.067302942,104.174042,54219,0,19.723274,7.249381,76.934079,0.084353,0.142051,0.040904
3608,1790556343.167498589,95.541744,54157,0,19.853285,4.510935,70.835140,0.116742,0.163944,0.061698
3609,1790556343.267684937,94.252345,53972,0,19.438113,4.109347,70.451829,0.069799,0.135826,0.047431
3610,1790556343.367885828,97.734737,53491,0,19.328345,4.485318,73.204710,0.111143,0.547531,0.057690
3611,1790556343.468090534,106.117376,52874,0,20.340901,4.457609,81.030815,0.085672,0.128906,0.073473
3612,1790556343.568271637,98.475605,52478,0,19.692063,7.184553,71.364428,0.079870,0.111511,0.043180
3613,1790556343.768709898,92.382228,51784,0,19.521050,4.174552,68.401562,0.073003,0.166449,0.045612
3614,1790556343.868900061,102.358500,51625,0,19.645286,4.649958,77.794358,0.069231,0.124708,0.074959
3615,1790556343.969057560,101.049579,51588,0,20.328676,7.488543,72.993972,0.077097,0.114620,0.046671
3616,1790556344.069261312,96.725749,51430,0,20.199197,4.068480,72.225441,0.071796,0.118164,0.042671
3617,1790556344.169453859,104.651278,51476,0,19.751867,4.349803,80.192357,0.072659,0.234558,0.050034
3618,1790556344.269687653,94.502015,51481,0,19.273129,4.325563,70.624166,0.079712,0.126196,0.073249
3619,1790556344.369850636,94.790092,51549,0,19.364045,4.588383,70.444768,0.102934,0.189502,0.100460
3620,1790556344.470072269,103.696892,51565,0,19.777309,4.457449,78.761680,0.102161,0.546110,0.052183
3621,1790556344.570269585,97.245590,51675,0,20.222231,5.145341,71.588012,0.073405,0.152593,0.064008
3622,1790556344.670437813,98.113694,51787,0,20.297292,4.162852,73.399273,0.102958,0.107914,0.043405
3623,1790556344.770661592,106.457874,51949,0,20.583773,7.799608,77.726302,0.085065,0.203733,0.059393
3624,1790556344.870836258,94.723030,52242,0,19.423641,4.450128,70.577111,0.074183,0.138867,0.059100
3625,1790556344.971070290,97.822324,53488,0,19.982897,4.709422,72.852452,0.072772,0.143562,0.061219
3626,1790556345.071242094,102.346474,54764,0,20.106584,7.702585,74.245152,0.084764,0.141732,0.065657
3627,1790556345.171392918,96.075055,54889,0,19.547865,5.444741,70.772913,0.130581,0.124576,0.054379
3628,1790556345.271651983,95.895380,54728,0,19.852502,4.267616,71.388926,0.116438,0.178750,0.091148
3629,1790556345.371838093,95.994847,54794,0,19.214576,5.292778,71.234809,0.065909,0.111163,0.075612
3630,1790556345.572199821,103.764835,54645,0,20.001764,4.924382,78.028680,0.082303,0.678954,0.048752
3631,1790556345.672397614,96.723941,53494,0,20.399773,5.449772,70.626118,0.075762,0.109925,0.062591
3632,1790556345.872823477,91.547717,51302,0,18.232850,4.563996,68.504488,0.082621,0.120365,0.043397
3633,1790556345.973022223,101.635284,50178,0,19.201277,6.697548,75.381788,0.090152,0.191421,0.073098
3634,1790556346.073221684,94.043268,49707,0,19.602892,3.997232,70.113663,0.085254,0.189377,0.054850
3635,1790556346.173391104,97.796181,49455,0,19.101534,4.179000,74.216509,0.113625,0.127470,0.058043
3636,1790556346.273608923,104.905790,49146,0,19.560768,4.232011,80.846646,0.070804,0.141362,0.054199
3637,1790556346.373777628,103.261181,48841,0,19.456343,7.547583,75.963402,0.102385,0.133753,0.057715
3638,1790556346.473974466,102.555151,48953,0,19.534878,7.417452,75.287462,0.078175,0.131414,0.105770
3639,1790556346.574203968,105.276870,49440,0,19.923050,8.058065,77.005015,0.068379,0.146975,0.075386
3640,1790556346.674448729,104.124364,49922,0,20.544031,7.026416,75.730466,0.121392,0.642089,0.059970
3641,1790556346.774588823,103.180619,50159,0,20.576526,7.432226,74.920239,0.068918,0.124706,0.058004
3642,1790556346.874795198,104.654831,50512,0,20.029177,8.139605,76.211985,0.093483,0.131753,0.048828
3643,1790556347.075150251,101.892915,51330,0,19.573365,4.032242,78.036789,0.069769,0.122233,0.058517
3644,1790556347.175321341,99.368043,51665,0,19.305709,4.473421,75.352556,0.067934,0.108853,0.059570
3645,1790556347.275521994,98.051625,53886,0,19.721192,4.206574,73.901072,0.072855,0.107091,0.042841
3646,1790556347.375752211,98.686705,54884,0,19.857513,4.207106,74.394482,0.074355,0.108931,0.044318
3647,1790556347.475929737,98.667674,54902,0,20.181410,4.066105,74.186601,0.081087,0.108123,0.044348
3648,1790556347.576134443,100.057335,54891,0,19.951749,4.223888,75.496182,0.093219,0.172197,0.120100
3649,1790556347.676325321,98.539114,54846,0,19.218666,4.042456,74.959838,0.117521,0.142260,0.058373
3650,1790556347.776501656,101.995767,54859,0,19.958380,4.057520,77.035957,0.086357,0.817912,0.039641
3651,1790556347.976944208,93.672824,54841,0,18.286007,4.183693,70.849936,0.084413,0.204570,0.064205
3652,1790556348.077168703,94.010809,54872,0,19.335447,4.061590,70.384200,0.070411,0.112942,0.046219
3653,1790556348.377728939,94.036563,54875,0,19.091666,4.164697,70.493610,0.092629,0.146213,0.047748
3654,1790556348.477933407,93.995976,54863,0,19.743406,4.054940,69.951480,0.072887,0.126781,0.046482
3655,1790556348.578132391,95.412077,54884,0,20.233265,4.268589,70.662324,0.087233,0.112892,0.047774
3656,1790556348.678314924,94.170080,54899,0,19.530558,3.918445,70.503789,0.069269,0.105100,0.042919
3657,1790556348.778461695,97.862461,54897,0,19.245967,4.225858,73.828625,0.312831,0.184990,0.064190
3658,1790556348.878882885,99.392792,54907,0,19.425260,4.303870,75.120604,0.232127,0.234246,0.076685
3659,1790556349.079080343,92.934982,54889,0,18.387852,4.049504,70.245365,0.073413,0.129496,0.049352
3660,1790556349.179282665,95.753694,54868,0,19.809591,4.633258,70.590495,0.071705,0.558116,0.090529
3661,1790556349.379694223,94.008718,54870,0,19.544588,4.308229,69.894118,0.075165,0.138116,0.048502
3662,1790556349.479861736,94.284294,54885,0,19.287334,5.083160,69.657443,0.069407,0.126092,0.060858
3663,1790556349.580034018,94.153872,54907,0,18.785932,5.338791,69.792116,0.067973,0.125170,0.043890
3664,1790556349.680266142,94.609418,54820,0,19.446015,4.776763,70.159548,0.071528,0.111352,0.044212
3665,1790556349.980870962,94.250079,54765,0,19.667474,4.496910,69.805571,0.066866,0.169121,0.044137
3666,1790556350.081041574,94.882622,54760,0,19.310112,4.956929,70.374724,0.069035,0.126802,0.045020
3667,1790556350.181257248,92.807043,54710,0,18.764548,4.196226,69.583427,0.085880,0.128494,0.048468
3668,1790556350.481831789,93.965271,54820,0,19.391499,4.640975,69.696353,0.070727,0.120276,0.045441
3669,1790556350.782437801,94.377437,54818,0,19.222084,4.660273,70.141166,0.078861,0.207711,0.067342
3670,1790556350.882653952,94.177560,54852,0,19.020287,4.907865,69.576071,0.067993,0.561782,0.043562
3671,1790556351.083039284,93.409996,54838,0,18.932996,4.524038,69.659680,0.096610,0.151314,0.045358
3672,1790556351.183201075,94.979487,54806,0,19.078632,4.754970,70.868511,0.086384,0.142970,0.048020
3673,1790556351.283376455,97.030251,54820,0,19.472427,4.860927,72.359365,0.102959,0.175168,0.059405
3674,1790556351.383571863,100.355901,54760,0,19.324819,5.254090,75.505734,0.081956,0.130093,0.059209
3675,1790556351.584170103,95.067812,54767,0,20.062759,4.665088,70.097493,0.085347,0.114058,0.043067
3676,1790556351.684180021,100.492285,54782,0,20.053708,4.739585,75.465384,0.069110,0.107023,0.057475
3677,1790556351.784385443,103.812265,54775,0,20.441180,4.760837,78.311122,0.075193,0.136069,0.087864
3678,1790556351.884606838,107.293222,54802,0,20.481713,7.970035,78.611992,0.066757,0.103258,0.059467
3679,1790556351.984806061,102.947622,54764,0,20.542226,7.133847,74.917693,0.105798,0.187653,0.060405
3680,1790556352.085008144,106.631636,54849,0,20.227978,8.690484,76.712954,0.106977,0.809394,0.083849
3681,1790556352.285396338,103.697683,54797,0,19.224174,7.498224,76.680916,0.088716,0.144923,0.060730
3682,1790556352.385597229,102.234698,54760,0,20.453020,7.910961,73.565198,0.126731,0.122261,0.056527
3683,1790556352.485750437,105.915804,54777,0,21.120606,8.065752,76.450390,0.086041,0.134275,0.058740
3684,1790556352.585946560,102.543372,54787,0,20.902123,7.149674,74.151409,0.134137,0.136522,0.069507
3685,1790556352.686153412,101.998389,54781,0,20.613201,6.321818,74.721384,0.099080,0.190561,0.052345
3686,1790556352.786367893,105.363718,54782,0,20.633720,7.881203,76.186079,0.182841,0.340337,0.139538
3687,1790556352.886577845,102.355431,54774,0,20.139490,7.195705,74.730157,0.077009,0.124975,0.088095
3688,1790556352.986738443,105.638325,54739,0,20.614319,8.688514,76.056072,0.072135,0.152771,0.054514
3689,1790556353.086983442,101.976208,54754,0,20.900830,7.492320,73.222578,0.100009,0.176802,0.083669
3690,1790556353.187135935,106.407471,54755,0,20.395147,8.224079,77.113645,0.075728,0.540837,0.058035
3691,1790556353.287354231,103.286687,54754,0,20.661730,7.555104,74.766093,0.079865,0.148316,0.075579
3692,1790556353.387566566,101.606999,54792,0,20.509399,6.627717,74.128360,0.128479,0.157681,0.055363
3693,1790556353.487720251,105.910866,54732,0,20.017959,8.895534,76.699741,0.076715,0.146827,0.074090
3694,1790556353.587959290,106.963388,54774,0,20.150598,4.463128,82.113227,0.078348,0.107896,0.050191
3695,1790556353.688112497,101.498328,54686,0,20.160368,4.762247,76.293314,0.073429,0.149585,0.059385
3696,1790556353.788342953,97.838380,54742,0,20.617099,4.664584,72.212561,0.109594,0.154705,0.079837
3697,1790556353.888513327,97.713440,54740,0,20.704446,4.610553,72.111469,0.082861,0.159966,0.044145
3698,1790556353.988701344,98.232216,54718,0,20.286491,4.497925,73.195207,0.074355,0.132754,0.045484
3699,1790556354.088934422,97.606614,54679,0,20.114342,5.711725,71.563324,0.066889,0.107676,0.042658
3700,1790556354.189100266,109.998885,54797,0,20.212940,8.670704,80.355986,0.116112,0.585599,0.057544
3701,1790556354.289322615,106.875523,54777,0,20.559865,4.910958,81.188997,0.069098,0.104249,0.042356
3702,1790556354.389495373,100.903355,54712,0,20.538385,4.612118,75.461251,0.075055,0.147003,0.069543
3703,1790556354.489699364,97.223870,54756,0,20.245689,5.194904,71.541759,0.083686,0.111429,0.046403
3704,1790556354.589901686,94.604778,54732,0,20.167125,4.183101,69.984591,0.072167,0.137101,0.060693
3705,1790556354.690102339,94.735049,54760,0,19.797146,4.636045,70.015472,0.087504,0.151125,0.047757
3706,1790556354.790292740,97.673916,54759,0,20.181380,6.313882,70.958042,0.067607,0.110832,0.042173
3707,1790556354.890520811,99.689756,54743,0,19.527949,7.935556,72.000779,0.068319,0.113810,0.043343
3708,1790556354.990678310,101.853223,54760,0,19.974550,8.661774,72.943082,0.074042,0.122119,0.077656
3709,1790556355.191081285,94.119476,54752,0,18.911956,4.963162,69.983991,0.098464,0.106553,0.055350
3710,1790556355.291264057,95.426905,54785,0,18.953469,5.230668,70.545533,0.080523,0.561833,0.054879
3711,1790556355.391456842,99.918712,54743,0,19.777405,5.498377,74.188771,0.182013,0.184385,0.087761
3712,1790556355.591877937,95.294948,54774,0,19.484573,5.097615,70.434932,0.066637,0.124987,0.086204
3713,1790556355.692045927,95.204174,54757,0,19.388136,5.578290,70.007318,0.067335,0.103766,0.059329
3714,1790556355.792270184,95.472894,54841,0,19.516844,5.547120,70.094726,0.081934,0.172607,0.059663
3715,1790556355.892422676,95.264594,54823,0,19.983706,4.958048,70.061061,0.083302,0.125267,0.053210
3716,1790556356.092833042,96.329343,54867,0,20.673781,4.728123,70.687621,0.068481,0.110803,0.060534
3717,1790556356.193018913,95.260534,54866,0,19.570727,4.929114,70.496497,0.068010,0.150426,0.045760
3718,1790556356.293244600,95.368030,54852,0,19.876945,4.833655,70.405691,0.069381,0.113420,0.068938
3719,1790556356.393432617,95.757907,54701,0,20.488316,4.531524,70.435623,0.067908,0.187177,0.047359
3720,1790556356.493674278,95.970930,54346,0,20.593379,4.381861,70.256195,0.069713,0.626390,0.043392
3721,1790556356.593812466,96.528589,54335,0,20.426295,5.120094,70.687857,0.068978,0.174984,0.050381
3722,1790556356.694029808,94.836561,54971,0,20.577516,4.065076,69.950041,0.085354,0.114255,0.044319
3723,1790556356.794235945,94.131796,54952,0,19.990264,4.339622,69.578277,0.064665,0.103613,0.055355
3724,1790556356.894398928,93.652795,54931,0,19.227154,4.089965,70.113599,0.068277,0.111087,0.042713
3725,1790556356.994600296,93.263250,54934,0,18.757028,4.118380,70.076038,0.078569,0.155114,0.078121
3726,1790556357.194983244,94.741187,54941,0,20.424746,4.454481,69.613164,0.076809,0.124844,0.047143
3727,1790556357.495573521,93.297659,54940,0,18.366132,4.169935,70.483370,0.068502,0.165602,0.044118
3728,1790556357.595782518,95.135662,54920,0,20.729985,4.416850,69.732662,0.072986,0.135471,0.047708
3729,1790556357.695995331,94.951646,54990,0,20.045056,4.357481,70.302342,0.076102,0.119877,0.050788
3730,1790556357.896389484,93.502612,54980,0,18.114695,4.373924,70.327251,0.074917,0.549718,0.062107
3731,1790556357.996599913,94.602682,54996,0,19.638072,4.546170,70.159392,0.075926,0.136300,0.046822
3732,1790556358.096769810,94.348740,54994,0,19.722684,4.551081,69.819051,0.073395,0.137689,0.044840
3733,1790556358.196947575,93.928304,55001,0,19.520012,4.448975,69.716807,0.071791,0.125208,0.045511
3734,1790556358.297173500,94.165025,54959,0,18.807596,4.273765,70.839629,0.072883,0.122518,0.048634
3735,1790556358.397342920,95.594328,55018,0,20.285989,5.234319,69.710502,0.118601,0.181382,0.063535
3736,1790556358.497535944,95.311900,55049,0,20.146828,4.897817,69.946193,0.100308,0.154148,0.066606
3737,1790556358.597755432,97.077680,55075,0,19.243280,4.811344,72.723123,0.092315,0.158741,0.048877
3738,1790556358.697927952,101.190575,55076,0,20.264851,4.815071,75.846214,0.087872,0.133772,0.042795
3739,1790556358.798137665,100.499195,55146,0,20.507889,4.688518,75.057562,0.071085,0.131636,0.042505
3740,1790556358.898323774,100.643628,55090,0,19.851777,4.624629,75.488038,0.066334,0.551697,0.061153
3741,1790556358.998566628,100.866748,55105,0,19.859491,4.716911,76.057822,0.085818,0.105080,0.041626
3742,1790556359.098757744,99.912327,55062,0,19.971004,4.689438,74.925407,0.118490,0.156277,0.051711
3743,1790556359.198986053,99.704786,55099,0,20.258816,4.274128,74.871252,0.103905,0.153974,0.042711
3744,1790556359.299131632,101.036530,55089,0,20.087378,4.129729,76.558653,0.087955,0.113896,0.058919
3745,1790556359.399303913,99.126709,55107,0,19.780459,4.164149,74.878893,0.110695,0.133677,0.058836
3746,1790556359.499476671,98.470866,55030,0,20.524913,4.198386,73.437979,0.075823,0.169316,0.064449
3747,1790556359.599742889,99.666944,55036,0,19.997384,4.205200,75.211736,0.068480,0.136688,0.047456
3748,1790556359.699932575,102.850629,54992,0,20.581382,4.129651,77.801334,0.086418,0.165458,0.086386
3749,1790556359.800115824,104.979790,54991,0,19.222377,5.863791,79.596151,0.090312,0.120323,0.086836
3750,1790556359.900310993,106.295792,55017,0,19.568986,8.341719,77.631144,0.105058,0.594506,0.054379
3751,1790556360.000456333,104.083985,54976,0,20.632210,7.173186,75.930564,0.072000,0.166431,0.109594
3752,1790556360.100714445,103.089823,55005,0,20.510300,7.260703,75.005029,0.107997,0.143772,0.062022
3753,1790556360.200900555,105.456040,55004,0,19.595472,8.249943,77.349315,0.070298,0.146649,0.044363
3754,1790556360.301092625,106.598063,55044,0,19.621893,7.688754,78.925315,0.193003,0.125454,0.043644
3755,1790556360.401248455,106.699793,55004,0,20.111777,8.281708,77.957059,0.125639,0.170672,0.052938
3756,1790556360.501468420,102.681922,54987,0,20.304521,4.562942,77.571304,0.082485,0.101881,0.058789
3757,1790556360.601672173,101.462795,55023,0,19.919745,4.364626,76.948811,0.065834,0.102420,0.061359
3758,1790556360.701969385,96.136876,55046,0,19.621559,4.346211,71.864313,0.074005,0.174841,0.055947
3759,1790556360.802057981,96.538670,54974,0,20.223269,4.257988,71.812657,0.067503,0.116656,0.060597
3760,1790556360.902459383,97.118011,55004,0,20.026990,4.592634,71.877887,0.069522,0.505362,0.045616
3761,1790556361.002427816,100.966991,55000,0,19.778165,7.137437,73.701695,0.129490,0.167570,0.052634
3762,1790556361.102626085,104.389460,55016,0,19.913248,8.135198,76.065421,0.069871,0.127024,0.078698
3763,1790556361.202842474,104.731750,55019,0,20.460435,4.390684,79.654853,0.069058,0.108527,0.048193
3764,1790556361.303073645,103.731260,55047,0,19.654310,4.730055,78.973309,0.159739,0.155431,0.058416
3765,1790556361.503405094,94.139960,54977,0,19.566224,4.855701,69.470790,0.082031,0.121276,0.043938
3766,1790556361.603627443,94.105184,55019,0,19.014397,5.105471,69.725391,0.072245,0.119862,0.067818
3767,1790556361.804043770,94.612239,54949,0,19.368827,5.505368,69.465341,0.098596,0.115997,0.058110
3768,1790556361.904256821,94.998514,54937,0,19.769433,4.522729,70.408636,0.075787,0.145906,0.076023
3769,1790556362.004439116,95.205377,54963,0,20.195902,5.126035,69.631566,0.070268,0.121206,0.060400
3770,1790556362.104622126,95.226365,54950,0,20.341771,4.746079,69.433384,0.101239,0.542803,0.061089
3771,1790556362.204797983,94.934835,54989,0,19.574069,5.205664,69.876775,0.084863,0.135093,0.058371
3772,1790556362.305032015,94.873796,55006,0,20.270411,4.684841,69.589066,0.143277,0.139486,0.046715
3773,1790556362.405197382,96.458437,54950,0,20.612526,5.575951,70.008121,0.073581,0.125337,0.062921
3774,1790556362.505366564,95.275761,54954,0,20.466390,4.987972,69.573220,0.069747,0.118733,0.059699
3775,1790556362.705787659,95.942646,54949,0,19.750867,5.324129,70.611389,0.071197,0.126823,0.058241
3776,1790556362.805978060,95.640269,54872,0,20.447911,4.803753,70.112559,0.097638,0.119372,0.059036
3777,1790556363.006467104,97.625913,54898,0,20.042107,6.646698,70.703523,0.076210,0.109568,0.047807
3778,1790556363.106607437,95.051078,54896,0,20.105942,4.798223,69.897340,0.074038,0.129300,0.046235
3779,1790556363.307007313,100.447051,54872,0,23.783280,5.052901,71.363086,0.072799,0.131117,0.043868
3780,1790556363.507390976,104.798736,54895,0,19.247317,7.195244,77.670920,0.068005,0.563895,0.053355
3781,1790556363.607608318,106.304899,54911,0,20.425533,7.994145,77.539192,0.084435,0.177721,0.083873
3782,1790556363.707781553,105.206038,54909,0,19.701278,9.072310,76.103219,0.131875,0.152115,0.045241
3783,1790556363.807948112,102.722912,54928,0,19.964251,8.331091,74.119155,0.086983,0.161325,0.060107
3784,1790556363.908148289,101.507238,54941,0,20.278901,6.845961,74.012645,0.134277,0.172736,0.062718
3785,1790556364.008382559,102.385209,54885,0,20.070878,7.009729,74.982605,0.082627,0.189543,0.049827
3786,1790556364.108563423,105.866974,54848,0,19.844419,7.964736,77.790087,0.089913,0.134625,0.043194
3787,1790556364.208752871,105.608449,54927,0,20.151498,7.307199,77.766867,0.097804,0.220628,0.064453
3788,1790556364.308964491,105.784746,54906,0,20.291819,9.123953,76.122383,0.068930,0.108163,0.069498
3789,1790556364.409180880,106.969603,54882,0,19.146587,10.372197,77.125104,0.131800,0.132972,0.060943
3790,1790556364.509353161,106.725015,54913,0,20.017447,8.668851,77.009716,0.192238,0.760506,0.076257
3791,1790556364.609513760,102.235351,54861,0,19.683286,4.151132,78.128711,0.070819,0.140243,0.061160
3792,1790556364.809947252,94.034855,54893,0,19.792474,4.127088,69.832746,0.081633,0.139156,0.061758
3793,1790556364.910139322,93.784030,54898,0,19.261635,4.340693,69.942213,0.064873,0.119344,0.055272
3794,1790556365.110527277,95.488492,54909,0,20.574021,4.693141,69.970949,0.077836,0.128628,0.043917
3795,1790556365.210723162,94.938649,54912,0,20.233595,4.464657,69.977768,0.071135,0.144003,0.047491
3796,1790556365.310923576,93.950276,54877,0,19.520061,4.361273,69.794916,0.085233,0.136648,0.052145
3797,1790556365.411119699,99.343919,54915,0,20.021653,4.494300,74.251655,0.275659,0.191908,0.108744
3798,1790556365.611514330,94.638194,54874,0,19.660013,4.789467,69.949332,0.067567,0.126856,0.044959
3799,1790556365.711681128,94.608797,54893,0,20.148563,4.288426,69.875363,0.085072,0.143325,0.068048
3800,1790556365.811863899,98.916018,54912,0,19.441567,4.346590,74.145928,0.237274,0.694788,0.049871
3801,1790556365.912062883,102.628689,54893,0,20.197732,4.383336,77.800667,0.070520,0.120971,0.055463
3802,1790556366.012265205,100.467594,54876,0,19.347677,4.723420,76.138587,0.082278,0.116084,0.059548
3803,1790556366.212700844,92.521540,54903,0,18.192504,4.224745,69.843288,0.088321,0.126262,0.046420
3804,1790556366.312884569,100.156337,54903,0,19.617168,4.624186,75.630145,0.127922,0.112517,0.044399
3805,1790556366.513271809,93.990070,54899,0,19.102152,4.671449,69.934859,0.089377,0.139672,0.052561
3806,1790556366.613433838,94.437658,54901,0,19.620101,4.220493,70.234513,0.081085,0.194363,0.087103
3807,1790556366.713652134,94.413581,54877,0,20.026054,4.268618,69.824698,0.073827,0.164111,0.056273
3808,1790556366.813808441,94.249967,54913,0,19.832598,4.744332,69.409615,0.092458,0.123154,0.047810
3809,1790556367.815773010,101.294243,54907,0,18.572897,6.189784,76.295106,0.073828,0.111744,0.050884
3810,1790556367.915992498,103.792151,54831,0,19.620455,8.017230,75.303162,0.092749,0.680300,0.078255
3811,1790556368.016186476,102.289132,54896,0,19.565168,8.457579,73.915298,0.114185,0.158236,0.078666
3812,1790556368.116390228,102.780632,54846,0,20.153143,7.205677,75.139385,0.083037,0.134756,0.064634
3813,1790556368.416978359,92.609625,54889,0,18.658375,4.288457,69.350531,0.123923,0.134863,0.053476
3814,1790556368.517349958,94.526029,54867,0,20.008130,4.724134,69.451594,0.089326,0.188008,0.064837
3815,1790556368.617391586,94.385468,54874,0,19.219223,5.062518,69.824036,0.096820,0.129268,0.053603
3816,1790556368.717611313,96.312291,54908,0,20.493853,5.261250,70.300878,0.091987,0.120036,0.044287
3817,1790556368.817802191,95.494498,54903,0,19.568404,5.180552,70.487927,0.072934,0.129210,0.055471
3818,1790556368.917954445,95.429678,54851,0,19.390951,5.442433,70.330213,0.084330,0.133553,0.048198
3819,1790556369.018283606,95.730856,54881,0,19.539340,5.581968,70.391860,0.069173,0.105948,0.042567
3820,1790556369.118383408,95.313925,54860,0,19.471642,5.198810,70.030682,0.070672,0.497293,0.044826
3821,1790556369.218569756,97.676344,54898,0,19.837143,6.386823,71.157739,0.068553,0.159750,0.066336
3822,1790556369.318773031,96.841524,54859,0,19.328482,6.571412,70.693647,0.068432,0.122333,0.057218
3823,1790556369.418955326,94.963346,54898,0,19.983182,4.963689,69.773672,0.073781,0.113397,0.055625
3824,1790556369.519170284,97.987976,54861,0,20.452008,5.656097,71.592142,0.081180,0.145344,0.061205
3825,1790556369.719569445,97.352015,54877,0,19.688631,5.989718,71.415664,0.082643,0.116017,0.059342
3826,1790556369.819770098,95.583630,54904,0,19.936556,5.121639,70.297793,0.071814,0.110857,0.044971
3827,1790556369.919958353,94.524856,54890,0,19.118955,5.086145,70.098759,0.068849,0.107660,0.044488
3828,1790556370.020122290,94.286703,54871,0,19.821977,4.250175,69.938894,0.074509,0.147443,0.053705
3829,1790556370.120308399,95.772569,54895,0,19.549592,4.600097,71.406834,0.070164,0.103132,0.042750
3830,1790556370.320735693,94.550108,54903,0,18.411224,4.717884,70.742051,0.070457,0.556726,0.051766
3831,1790556370.420904636,94.140661,54892,0,18.945583,4.678351,70.293185,0.065484,0.100403,0.057655
3832,1790556370.521103621,94.820567,54882,0,20.044705,4.657040,69.825649,0.097017,0.128393,0.067763
3833,1790556370.621266603,99.151840,54854,0,20.286315,4.916221,73.564348,0.135252,0.164245,0.085459
3834,1790556370.721499920,100.204649,54867,0,19.830232,4.895967,75.032046,0.152246,0.216257,0.077901
3835,1790556370.821692467,100.684668,54885,0,20.017731,6.120141,74.278013,0.079464,0.121022,0.068297
3836,1790556370.921892405,100.356388,54860,0,20.200820,5.315843,74.578465,0.065644,0.152199,0.043417
3837,1790556371.122313499,95.253935,54890,0,19.765986,5.541712,69.686324,0.067717,0.134128,0.058068
3838,1790556371.222476959,96.397195,54869,0,19.864388,5.745144,70.543632,0.065725,0.134948,0.043358
3839,1790556371.322704792,94.136398,54879,0,19.505331,4.894628,69.436493,0.082409,0.158538,0.058999
3840,1790556371.422901392,94.455092,54878,0,19.142807,4.821971,69.763205,0.064647,0.605157,0.057305
3841,1790556371.523098946,99.687035,54881,0,19.913445,5.204589,74.154821,0.122536,0.201631,0.090013
3842,1790556371.623296022,99.561762,54887,0,20.193513,5.311692,73.743833,0.136335,0.128373,0.048016
3843,1790556371.823698759,94.482601,54880,0,19.010658,5.142436,70.063540,0.077420,0.140247,0.048300
3844,1790556371.923856974,95.857129,54867,0,20.055830,5.237188,70.272798,0.090672,0.144168,0.056473
3845,1790556372.024075031,95.001091,54837,0,19.572756,5.005387,70.093139,0.082041,0.198546,0.049222
3846,1790556372.124269962,102.143206,54921,0,20.188599,5.798045,75.685784,0.132430,0.264140,0.074208
3847,1790556372.324644327,95.606900,54874,0,19.889568,5.097302,70.289993,0.098455,0.168292,0.063290
3848,1790556372.424844027,98.880852,54865,0,20.171369,4.940978,73.369230,0.146011,0.163103,0.090161
3849,1790556372.625228643,94.756319,54882,0,19.097974,5.162264,70.258091,0.076903,0.118394,0.042693
3850,1790556372.725437164,98.813811,54847,0,19.665602,4.465047,73.548478,0.166797,0.836831,0.131056
3851,1790556372.825627089,100.924347,54858,0,19.583606,4.923888,76.188553,0.071567,0.109884,0.046849
3852,1790556372.925818205,99.666283,54877,0,20.180983,4.320779,74.913612,0.083418,0.106180,0.061311
3853,1790556373.026019573,99.508603,54877,0,20.011184,4.157334,75.095136,0.074524,0.126199,0.044226
3854,1790556373.126207829,99.938223,54908,0,20.402288,4.364806,74.848353,0.088254,0.154483,0.080039
3855,1790556373.226424932,96.862601,54889,0,20.434067,4.422806,71.685555,0.096205,0.161926,0.062042
3856,1790556373.326614380,94.766475,54883,0,20.564561,4.367268,69.573922,0.074499,0.141115,0.045110
3857,1790556373.426801920,93.430953,54877,0,19.258867,4.089682,69.822536,0.070691,0.142760,0.046417
3858,1790556373.526993513,94.858245,54868,0,19.845034,4.673283,69.997381,0.114004,0.184844,0.043699
3859,1790556373.627162695,94.236492,54828,0,19.597522,3.893290,70.444775,0.079520,0.171762,0.049623
3860,1790556373.727355480,93.997664,54885,0,19.367115,4.052492,69.814808,0.094923,0.622390,0.045936
3861,1790556373.827584743,94.229528,54875,0,19.362052,3.902913,70.701079,0.069602,0.133673,0.060209
3862,1790556373.927774429,99.534984,54890,0,20.639758,4.544694,74.073226,0.097298,0.135496,0.044512
3863,1790556374.128221750,94.542502,54883,0,19.900000,4.116077,70.228056,0.102616,0.120472,0.075281
3864,1790556374.228381157,98.192750,54956,0,19.598778,4.235529,74.041729,0.105798,0.149962,0.060954
3865,1790556374.328556776,101.241707,54886,0,20.204014,4.428744,76.388085,0.070927,0.105670,0.044267
3866,1790556374.428796053,100.192133,54933,0,20.519442,4.420896,74.966386,0.068061,0.157067,0.060281
3867,1790556374.528986692,99.903186,54951,0,19.895451,4.723425,75.050622,0.069345,0.103734,0.060609
3868,1790556374.629176140,99.823643,54987,0,19.887908,4.578875,75.094425,0.093708,0.127659,0.041068
3869,1790556374.729357719,99.543844,54969,0,19.667957,4.284352,75.273519,0.082151,0.130287,0.105578
3870,1790556374.829523802,99.674920,54918,0,20.036168,4.156918,74.764638,0.070608,0.599184,0.047404
3871,1790556374.929746866,100.872472,54911,0,20.255524,4.407647,75.918045,0.099366,0.134540,0.057350
3872,1790556375.029975414,99.588837,54959,0,20.128305,4.640691,74.557216,0.066817,0.122564,0.073244
3873,1790556375.130132198,99.582084,54923,0,20.207286,4.705768,74.417686,0.086120,0.107085,0.058139
3874,1790556375.230365515,99.954814,54936,0,19.412249,4.638706,75.644661,0.069634,0.140094,0.049470
3875,1790556375.330601692,101.190432,54929,0,20.080230,4.835622,75.986468,0.070031,0.164345,0.053736
3876,1790556375.430728197,102.443119,54898,0,20.771431,5.008321,76.368790,0.100574,0.147041,0.046962
3877,1790556375.530916452,100.967101,54926,0,19.563512,4.446956,76.330964,0.267006,0.304256,0.054407
3878,1790556375.631130934,95.198897,54956,0,20.210200,4.684733,70.019335,0.086235,0.147692,0.050702
3879,1790556375.731334448,94.623618,54967,0,20.135396,4.090842,70.114698,0.079368,0.155509,0.047805
3880,1790556375.831517696,94.811907,54921,0,19.781300,4.538434,69.642033,0.104826,0.686037,0.059277
3881,1790556375.931700945,95.904045,54922,0,20.024755,4.733737,70.692947,0.150346,0.255108,0.047152
3882,1790556376.031893253,97.482829,54929,0,20.545360,6.039184,70.660083,0.071618,0.121950,0.044634
3883,1790556376.132125854,96.102441,54943,0,20.361641,5.288656,70.125626,0.078985,0.179177,0.068356
3884,1790556376.232321501,96.435084,54924,0,18.719905,6.238234,71.194495,0.069130,0.150315,0.063005
3885,1790556376.332513809,103.513385,54912,0,19.547674,7.761236,75.989236,0.067382,0.105778,0.042079
3886,1790556376.432712793,104.425628,54930,0,19.303308,7.454559,77.422221,0.073514,0.120094,0.051932
3887,1790556376.532912731,102.512775,54950,0,19.620720,4.002394,78.374423,0.152182,0.292830,0.070226
3888,1790556376.633103848,99.282083,54953,0,19.853598,4.504857,74.663747,0.078751,0.125156,0.055974
3889,1790556376.733299732,99.391124,54951,0,19.599630,4.386033,75.029070,0.198029,0.134454,0.043908
3890,1790556376.833482504,93.947344,54934,0,18.959894,4.381245,69.916806,0.069971,0.562189,0.057239
3891,1790556376.933693647,93.938208,54947,0,19.569193,4.282880,69.804745,0.094362,0.127722,0.059306
3892,1790556377.033867836,103.976832,54907,0,19.933160,7.215661,76.436630,0.081506,0.210039,0.099836
3893,1790556377.134087324,105.503390,54961,0,20.112457,7.251271,77.892234,0.080605,0.122261,0.044562
3894,1790556377.234270811,106.415752,54957,0,19.836148,8.675844,77.649001,0.081267,0.126450,0.047042
3895,1790556377.334459305,107.973718,54971,0,19.917338,8.303912,79.490688,0.072963,0.113435,0.075382
3896,1790556377.534853935,96.718008,54932,0,18.981121,3.924876,73.567347,0.071902,0.116918,0.055844
3897,1790556377.635033607,102.233746,54969,0,20.010855,5.080897,76.896406,0.076611,0.119672,0.049305
3898,1790556377.735216141,101.324892,54888,0,20.263692,5.262287,75.541152,0.089770,0.108979,0.059012
3899,1790556377.835450411,100.276427,54928,0,20.630977,4.564537,74.821612,0.074646,0.139156,0.045499
3900,1790556378.035822392,94.502575,54924,0,19.938773,4.336782,69.546571,0.075622,0.555108,0.049719
3901,1790556378.136017561,94.959420,54948,0,20.196164,4.989677,69.486103,0.094684,0.148590,0.044202
3902,1790556378.236253977,96.272880,54964,0,19.982234,5.712273,70.247867,0.136736,0.148338,0.045432
3903,1790556378.336426020,99.506355,54930,0,19.215029,6.939180,73.022096,0.103982,0.172277,0.053791
3904,1790556378.436626434,99.587052,54979,0,20.044832,7.285741,71.647547,0.158926,0.377268,0.072738
3905,1790556378.536826611,100.523970,54925,0,19.357348,6.395904,74.528365,0.077047,0.119476,0.045830
3906,1790556378.637029648,97.332289,54951,0,19.493649,6.473685,71.099132,0.090428,0.131134,0.044261
3907,1790556378.737173080,97.505939,54932,0,19.647393,7.008991,70.500516,0.134038,0.158293,0.056708
3908,1790556378.837432623,100.387572,54933,0,19.542599,6.930306,73.649603,0.092665,0.128364,0.044035
3909,1790556378.937577248,103.585925,54937,0,19.654801,8.896170,74.805735,0.075036,0.113448,0.040735
3910,1790556379.037836313,100.390782,54943,0,19.468826,4.416852,75.868905,0.077392,0.512246,0.046561
3911,1790556379.138022661,95.033218,54934,0,19.860468,4.074076,70.839461,0.090307,0.108104,0.060802
3912,1790556379.238210678,94.418037,54921,0,20.133321,4.224863,69.736440,0.083620,0.151646,0.088147
3913,1790556379.338384390,94.778430,54917,0,19.367957,4.848306,70.195906,0.070516,0.232954,0.062791
3914,1790556379.638992548,95.078396,54951,0,19.557882,5.485631,69.754331,0.086433,0.144934,0.049185
3915,1790556379.739135265,94.315441,54927,0,19.729780,4.823049,69.524417,0.068985,0.114114,0.055096
3916,1790556379.839364052,94.183323,54922,0,19.632669,5.048949,69.226451,0.085500,0.118551,0.071203
3917,1790556379.939594030,95.443051,54902,0,19.504854,5.432963,70.263618,0.068481,0.101759,0.071376
3918,1790556380.039787769,94.585624,54932,0,20.128175,4.758929,69.465173,0.068446,0.105267,0.059634
3919,1790556380.139963865,94.627718,54937,0,20.481779,4.352652,69.518662,0.089283,0.129524,0.055818
3920,1790556380.240122080,95.188395,55003,0,19.403002,4.763431,70.315298,0.087295,0.567519,0.051850
3921,1790556380.340367317,94.063250,54939,0,19.370082,4.482331,69.957255,0.070021,0.124333,0.059228
3922,1790556380.440575600,93.353594,55029,0,19.114495,4.140139,69.866287,0.064809,0.104030,0.063834
3923,1790556380.540784597,93.053434,54941,0,18.709085,4.100440,70.020391,0.065437,0.116829,0.041252
3924,1790556380.640939713,98.009843,54945,0,19.635388,4.452180,73.627648,0.072420,0.138771,0.083436
3925,1790556380.741146564,98.757111,54914,0,19.461349,4.362181,74.532438,0.185287,0.158701,0.057155
3926,1790556380.841327190,97.011819,54925,0,18.569744,4.225835,73.859925,0.092784,0.194676,0.068855
3927,1790556380.941546202,98.015098,54916,0,18.968794,4.012692,74.722457,0.096167,0.156991,0.057997
3928,1790556381.041755915,100.313743,54937,0,20.019209,4.501509,75.085819,0.241950,0.385650,0.079606
3929,1790556381.141918182,99.797587,54962,0,20.007591,4.435683,75.076246,0.107321,0.126620,0.044126
3930,1790556381.242113590,99.649068,54991,0,19.566668,4.226489,75.120312,0.144843,0.548904,0.041852
3931,1790556381.342305183,100.233532,54981,0,19.911150,4.183670,75.870711,0.079322,0.140442,0.048237
3932,1790556381.442497492,100.228805,54899,0,20.424380,4.376685,74.981011,0.101908,0.240111,0.104710
3933,1790556381.542747498,100.161198,54943,0,20.098150,4.414261,75.415412,0.078805,0.111798,0.042772
3934,1790556381.642930746,100.431027,54906,0,20.155908,4.523462,75.416401,0.115042,0.157618,0.062596
3935,1790556381.743100643,101.416659,54946,0,19.889238,5.013777,76.282566,0.064592,0.102205,0.064281
3936,1790556381.843312502,95.032187,54946,0,19.482194,4.808545,70.408642,0.126255,0.152985,0.053566
3937,1790556381.943462133,95.592338,54949,0,20.273699,5.205906,69.875891,0.073880,0.114183,0.048779
3938,1790556382.043668270,94.055896,54920,0,19.172189,4.149581,70.487025,0.070880,0.126400,0.049821
3939,1790556382.143908024,93.937803,55018,0,19.201699,4.194746,70.300991,0.071941,0.122867,0.045559
3940,1790556382.244112730,92.704165,54986,0,18.574761,4.190344,69.274522,0.106817,0.511377,0.046344
3941,1790556382.344269753,94.288324,55000,0,19.369408,4.297648,70.358596,0.075450,0.131129,0.056093
3942,1790556382.444501400,93.060728,54981,0,19.663226,3.818996,69.345883,0.072918,0.116203,0.043502
3943,1790556382.644868135,92.510425,54891,0,19.152982,3.949752,69.122855,0.074839,0.152360,0.057637
3944,1790556382.745098829,94.965031,54980,0,19.776225,4.157406,70.767447,0.075613,0.139545,0.048795
3945,1790556382.845290184,94.667063,54922,0,19.428025,4.260339,70.689575,0.089453,0.151302,0.048369
3946,1790556382.945451021,95.574702,54945,0,20.142831,4.810786,70.319247,0.103364,0.148389,0.050085
3947,1790556383.045681238,93.439760,55006,0,19.642592,3.955509,69.575525,0.075844,0.134317,0.055973
3948,1790556383.145833969,92.730046,54974,0,18.808280,3.929382,69.734068,0.070483,0.142705,0.045128
3949,1790556383.346246243,93.693487,54946,0,18.736399,4.236624,70.452383,0.085128,0.132771,0.050182
3950,1790556383.446440935,93.712423,54859,0,19.323751,4.322805,69.384186,0.083095,0.553697,0.044889
3951,1790556383.546619892,95.179418,54918,0,19.404410,4.730845,70.803278,0.073471,0.118069,0.049345
3952,1790556383.747023106,95.612545,54942,0,19.387397,4.539292,71.260938,0.177938,0.186662,0.060318
3953,1790556383.947386265,94.290487,54922,0,18.293452,3.970030,71.701227,0.087524,0.173149,0.065105
3954,1790556384.047621012,97.229923,54922,0,19.384604,4.006016,73.520056,0.121266,0.129036,0.068945
3955,1790556384.147799253,97.590094,54877,0,19.354776,4.002656,73.887537,0.078648,0.168476,0.098001
3956,1790556384.248009205,98.030495,54952,0,19.814828,8.341517,69.476219,0.114706,0.234282,0.048943
3957,1790556384.348220348,96.545692,54870,0,19.327922,7.083170,69.846258,0.074548,0.168603,0.045191
3958,1790556384.448385477,107.685444,54914,0,19.072090,8.309088,80.023185,0.124876,0.113851,0.042354
3959,1790556384.548642635,107.271567,54913,0,19.420924,9.021604,78.545083,0.068643,0.128930,0.086383
3960,1790556384.648837566,107.224449,54892,0,20.426975,8.233776,77.805237,0.081652,0.596593,0.080216
3961,1790556384.749006510,106.486061,54930,0,20.152603,7.962096,77.998639,0.090509,0.168394,0.113820
3962,1790556384.849202394,106.362984,54847,0,20.105716,9.373262,76.617373,0.097390,0.121780,0.047463
3963,1790556384.949404240,106.524823,54908,0,19.716792,8.987019,77.592481,0.065687,0.104242,0.058602
3964,1790556385.049613237,107.103451,54859,0,20.554130,7.659378,78.673191,0.071102,0.101904,0.043746
3965,1790556385.149792194,101.707357,54878,0,19.678164,4.690065,77.092807,0.069641,0.130716,0.045964
3966,1790556385.249970675,97.482314,54893,0,20.996800,4.361659,71.836607,0.093535,0.135541,0.058172
3967,1790556385.350156307,96.411267,54866,0,19.883228,4.647424,71.638976,0.076411,0.119058,0.046170
3968,1790556385.450355291,96.267636,54903,0,19.428593,4.849051,71.719935,0.096146,0.125109,0.048802
3969,1790556385.550647974,105.883817,54897,0,19.808696,9.005362,76.774251,0.070362,0.154920,0.070226
3970,1790556385.650790691,103.183770,54882,0,20.403547,4.688371,77.248850,0.097972,0.645966,0.099064
3971,1790556385.750953913,98.591793,54851,0,20.076700,4.675898,73.444243,0.094424,0.222160,0.078368
3972,1790556385.851145267,98.193992,54929,0,19.974246,4.627409,73.322033,0.093600,0.132378,0.044326
3973,1790556385.951367140,96.783676,54938,0,20.284012,4.628211,71.606682,0.072574,0.130178,0.062019
3974,1790556386.051594019,102.063546,54899,0,20.937573,6.799440,74.042495,0.112204,0.124481,0.047353
3975,1790556386.151774883,107.146158,54846,0,20.652989,4.774364,81.440446,0.087982,0.131342,0.059035
3976,1790556386.251967907,103.598962,54894,0,20.750563,5.033686,77.577923,0.067759,0.125080,0.043951
3977,1790556386.352132797,96.096942,54897,0,19.388088,5.141045,71.321699,0.069621,0.112646,0.063843
3978,1790556386.452336550,97.283584,54960,0,19.475056,4.637063,72.812546,0.139325,0.123603,0.095991
3979,1790556386.552558422,107.674984,54860,0,19.400709,9.571026,78.338612,0.120890,0.191401,0.052346
3980,1790556386.652721167,106.023614,54869,0,19.626088,4.186815,81.562761,0.072884,0.531525,0.043541
3981,1790556386.853156090,101.467316,54860,0,19.161938,7.397329,74.621154,0.069026,0.157558,0.060311
3982,1790556386.953273535,109.334065,54935,0,20.235779,9.124275,79.767058,0.066280,0.101140,0.039533
3983,1790556387.053472042,107.985707,54895,0,20.429258,7.511933,79.785029,0.077494,0.113694,0.068299
3984,1790556387.153708696,106.042841,54914,0,19.366385,7.187579,79.191823,0.075004,0.163956,0.058094
3985,1790556387.253894806,105.681469,54833,0,19.041891,8.891544,77.494276,0.069803,0.120353,0.063602
3986,1790556387.354086876,102.396307,54959,0,19.740591,8.030449,74.325566,0.104394,0.144894,0.050413
3987,1790556387.454553366,105.042185,54874,0,19.303037,8.117939,77.335066,0.100669,0.136835,0.048639
3988,1790556387.554495335,102.011573,54834,0,20.196352,7.178595,74.353846,0.081327,0.157369,0.044084
3989,1790556387.654713869,101.932528,54925,0,19.761230,7.084494,74.841632,0.072747,0.111945,0.060480
3990,1790556387.855113506,95.963140,54843,0,20.216837,4.900618,70.225774,0.071149,0.505479,0.043283
3991,1790556388.055477142,102.150344,54883,0,19.671638,8.200363,73.991714,0.097732,0.130091,0.058806
3992,1790556388.255892754,99.908694,54882,0,18.807250,4.249430,76.522432,0.088754,0.149478,0.091350
3993,1790556388.356068134,100.953491,54881,0,19.485122,5.633628,75.566952,0.090172,0.101683,0.075934
3994,1790556388.456269979,101.105229,54898,0,20.050351,5.272593,75.550498,0.071122,0.115740,0.044925
3995,1790556388.556442261,101.159627,54903,0,20.095957,4.979061,75.851937,0.078384,0.109928,0.044360
3996,1790556388.656652689,100.148666,54946,0,20.656038,4.442399,74.819978,0.076890,0.111334,0.042027
3997,1790556388.756837368,94.529989,54858,0,19.527127,4.361555,70.335878,0.089187,0.166677,0.049565
3998,1790556388.857041597,95.941320,54915,0,19.979251,4.837949,70.694284,0.131646,0.172748,0.125442
3999,1790556388.957230091,94.741557,54886,0,19.257024,4.634865,70.610609,0.069488,0.124638,0.044933
4000,1790556389.157643795,94.729924,54911,0,18.076035,5.302261,70.598507,0.071506,0.618371,0.063244
4001,1790556389.257867336,96.447701,54893,0,20.189955,5.053483,70.966258,0.069089,0.123194,0.045722
4002,1790556389.358047485,96.083715,54876,0,19.451878,5.587338,70.814073,0.069762,0.113932,0.046732
4003,1790556389.458198786,94.754070,54899,0,19.098512,5.436625,69.974761,0.070736,0.115546,0.057890
4004,1790556389.558439493,95.842882,54911,0,20.016828,5.299944,70.276551,0.075768,0.130093,0.043698
4005,1790556389.658631086,96.293231,54907,0,19.574453,5.853034,70.557254,0.082469,0.137220,0.088801
4006,1790556389.758796215,94.973890,54910,0,19.719856,4.335605,70.654009,0.074624,0.140808,0.048988
4007,1790556389.859008551,95.128817,54895,0,19.297814,5.237641,70.341933,0.074470,0.130554,0.046405
4008,1790556390.059399605,95.711056,54884,0,19.332022,5.751693,70.370824,0.091068,0.120150,0.045299
4009,1790556390.159627914,93.475131,54917,0,18.969758,4.527984,69.719624,0.088832,0.119206,0.049727
4010,1790556390.259791613,94.999380,54871,0,19.471031,5.048870,69.823995,0.067062,0.529201,0.059221
4011,1790556390.359989643,94.921174,54895,0,19.783966,4.792385,70.111802,0.074122,0.113227,0.045672
4012,1790556390.460194111,96.474167,54899,0,19.836423,5.254282,71.127221,0.073253,0.138644,0.044344
4013,1790556390.560346365,94.846301,54933,0,19.554487,4.532125,70.483434,0.069421,0.146080,0.060754
4014,1790556390.660575151,94.553256,54931,0,18.922595,4.516069,70.871635,0.067628,0.108082,0.067247
4015,1790556390.760796070,94.796179,54895,0,19.787495,4.481720,70.180634,0.096229,0.180601,0.069500
4016,1790556390.860933781,94.731368,54901,0,19.013086,5.163009,70.328120,0.067049,0.102460,0.057644
4017,1790556390.961167812,94.044264,54893,0,19.168424,4.738567,69.820177,0.114078,0.142517,0.060501
4018,1790556391.061357737,93.968903,54901,0,18.992219,4.367366,70.342581,0.074576,0.132681,0.059480
4019,1790556391.161643028,93.533479,54889,0,19.195452,4.076727,70.015276,0.085497,0.110519,0.050008
4020,1790556391.261775255,96.940812,54909,0,19.874564,5.158525,71.280438,0.069001,0.510497,0.047787
4021,1790556391.361990929,95.979447,54920,0,18.945511,6.244684,70.570234,0.067212,0.110558,0.041248
4022,1790556391.462136030,101.213927,54898,0,19.868930,6.987504,74.034776,0.106135,0.173529,0.043053
4023,1790556391.562338829,99.699845,54903,0,19.786224,6.615538,72.904808,0.136385,0.204473,0.052417
4024,1790556391.662550211,106.873473,54868,0,19.783692,7.822602,78.982953,0.082823,0.125494,0.075909
4025,1790556391.762727499,102.047862,54932,0,20.211862,4.694275,76.896671,0.072701,0.123314,0.049039
4026,1790556391.862929821,95.268734,54881,0,19.910959,4.393687,70.693054,0.104451,0.124863,0.041720
4027,1790556391.963122368,95.279803,54867,0,20.245947,4.716145,70.108139,0.066992,0.102734,0.039846
4028,1790556392.063322067,94.407873,54885,0,19.188129,4.519855,70.390247,0.072235,0.153028,0.084379
4029,1790556392.163500071,99.749450,54874,0,19.895774,7.247992,72.391928,0.069265,0.101890,0.042601
4030,1790556392.263707161,103.221532,54881,0,19.728676,8.243212,74.532626,0.067040,0.577516,0.072462
4031,1790556392.363909960,106.934637,54873,0,19.561016,9.401644,77.738207,0.066250,0.123895,0.043625
4032,1790556392.464113474,107.228345,54916,0,20.525310,6.911323,79.582838,0.066217,0.101764,0.040893
4033,1790556392.564305782,104.256692,54923,0,20.328548,8.297256,75.337801,0.082365,0.132306,0.078416
4034,1790556392.664471865,106.289268,54868,0,19.283473,8.920196,77.793596,0.110075,0.139294,0.042634
4035,1790556392.764699221,105.943694,54875,0,19.911417,8.778970,76.892894,0.083487,0.188948,0.087978
4036,1790556392.864887238,106.880902,54905,0,20.403397,7.881712,78.231755,0.096503,0.203188,0.064347
4037,1790556392.965092659,106.482527,54890,0,19.965582,7.886943,78.293385,0.067808,0.149766,0.119043
4038,1790556393.065253735,108.414371,54922,0,19.675579,8.747573,79.670692,0.090994,0.165038,0.064495
4039,1790556393.165519953,103.631394,54885,0,19.824033,4.477651,79.081787,0.066205,0.141016,0.040702
4040,1790556393.265676498,102.724806,54949,0,19.728332,4.582910,77.678533,0.070568,0.588321,0.076142
4041,1790556393.365875959,97.486333,54903,0,19.164207,4.846211,73.216948,0.069094,0.130410,0.059463
4042,1790556393.566265583,101.837923,54878,0,18.936573,7.627565,75.053630,0.069189,0.109338,0.041628
4043,1790556393.766631365,92.421036,54897,0,18.575448,4.006232,69.542674,0.102808,0.144014,0.049860
4044,1790556393.866830587,93.950656,54874,0,19.169406,4.307753,70.215296,0.069491,0.114256,0.074454
4045,1790556393.967059612,93.416177,54891,0,19.169462,4.188566,69.714917,0.105893,0.190385,0.046954
4046,1790556394.067257166,94.914946,54906,0,20.134580,4.485951,70.029541,0.085471,0.119199,0.060204
4047,1790556394.167418718,94.819339,54921,0,19.367601,4.616411,70.572715,0.085178,0.130251,0.047183
4048,1790556394.267644644,94.411029,54894,0,19.335152,4.581815,70.254618,0.081291,0.113567,0.044586
4049,1790556394.367842197,96.822893,54887,0,19.787450,5.798214,71.011041,0.066142,0.100568,0.059478
4050,1790556394.468041420,100.116451,54884,0,19.224096,5.957679,74.104630,0.111611,0.655970,0.062465
4051,1790556394.568197489,106.137714,54919,0,19.381495,9.563836,76.941319,0.084414,0.122574,0.044076
4052,1790556394.668421984,105.260900,54867,0,19.706195,8.108735,77.132814,0.076062,0.174741,0.062353
4053,1790556394.768593073,104.647832,54877,0,19.017156,8.202050,77.156668,0.094296,0.128413,0.049249
4054,1790556394.868818521,107.647529,54918,0,20.000106,9.558659,77.836947,0.067162,0.102573,0.082082
4055,1790556394.969010830,106.115381,54990,0,20.484336,8.668038,76.616820,0.103337,0.155509,0.087341
4056,1790556395.069207907,102.215838,54916,0,20.626945,7.492352,73.808527,0.080492,0.130682,0.076840
4057,1790556395.169409513,104.816505,54900,0,19.958476,7.637261,76.920928,0.075596,0.171308,0.052936
4058,1790556395.269600868,101.959766,54886,0,20.001191,7.208831,74.385387,0.086949,0.179261,0.098147
4059,1790556395.369834661,107.604415,54855,0,20.304780,7.963818,79.063889,0.106099,0.118889,0.046940
4060,1790556395.469995022,102.086106,54953,0,19.961051,4.768806,76.603572,0.109132,0.583706,0.059839
4061,1790556395.670394659,100.711176,54933,0,18.780974,4.917030,76.503978,0.097226,0.248958,0.163010
4062,1790556395.770627499,99.407947,54906,0,20.296595,4.999628,73.841533,0.092961,0.125671,0.051559
4063,1790556395.870780230,99.851598,54885,0,19.930211,4.613185,75.070435,0.077486,0.113231,0.047050
4064,1790556395.971008062,103.410170,54935,0,20.638206,4.603168,77.915022,0.077920,0.128264,0.047590
4065,1790556396.071152210,107.218601,54920,0,19.914340,7.813770,79.254857,0.066913,0.121553,0.047168
4066,1790556396.171366692,101.243496,54877,0,20.223059,7.573052,73.161583,0.083462,0.148421,0.053919
4067,1790556396.271664381,106.685423,54899,0,20.447927,9.427042,76.457466,0.085380,0.210027,0.057581
4068,1790556396.371779919,105.686781,54890,0,20.416636,8.521465,76.448221,0.069905,0.182315,0.048239
4069,1790556396.471992970,106.100120,54899,0,20.404148,8.383354,77.040786,0.074166,0.148495,0.049171
4070,1790556396.572155714,104.722890,54889,0,20.318775,8.604181,75.071340,0.066604,0.600075,0.061915
4071,1790556396.672373772,108.894568,54943,0,20.676410,7.863556,79.895393,0.145864,0.250472,0.062873
4072,1790556396.772525549,108.067259,54892,0,19.996271,8.108287,79.631607,0.087824,0.159826,0.083444
4073,1790556396.872774601,103.105959,54912,0,20.537649,4.736254,77.569836,0.073192,0.134078,0.054950
4074,1790556397.173368692,94.856729,54895,0,19.824607,4.484048,70.288850,0.091369,0.110217,0.057638
4075,1790556397.373754025,101.311499,54903,0,18.015121,7.173146,75.676630,0.116468,0.189029,0.141105
4076,1790556397.473975658,106.436801,54976,0,20.146948,8.067063,77.852504,0.115319,0.197367,0.057600
4077,1790556397.674352646,94.459264,54993,0,19.722583,4.118813,70.376270,0.069536,0.115418,0.056644
4078,1790556397.774513483,95.107550,54943,0,19.726156,4.207429,70.901705,0.070442,0.127000,0.074818
4079,1790556398.175394773,94.430137,54922,0,19.548123,4.536706,70.115669,0.069888,0.116586,0.043165
4080,1790556398.475986004,105.096261,54884,0,18.222018,7.451124,78.607052,0.072816,0.674292,0.068959
4081,1790556398.576082945,106.901583,54930,0,19.805972,8.938040,77.890789,0.065067,0.126726,0.074989
4082,1790556398.776476622,93.676901,54938,0,18.237626,4.496750,70.658161,0.073053,0.152808,0.058503
4083,1790556398.876708269,93.919491,54887,0,18.761375,4.186441,70.667311,0.093496,0.165922,0.044946
4084,1790556398.976869583,95.865274,54903,0,19.764624,4.881341,70.957597,0.078117,0.133051,0.050544
4085,1790556399.077083349,99.600730,54928,0,19.690147,6.496704,73.136426,0.079179,0.123341,0.074933
4086,1790556399.177263021,102.799179,54886,0,19.464886,3.852072,79.216913,0.110369,0.109607,0.045332
4087,1790556399.277463913,99.826277,54888,0,19.947652,4.920627,74.532917,0.096335,0.216669,0.112077
4088,1790556399.377665520,100.151847,54892,0,19.176066,4.726875,76.032070,0.067803,0.105679,0.043354
4089,1790556399.477882862,95.408969,54916,0,19.682634,4.784495,70.529389,0.149579,0.207112,0.055760
4090,1790556399.578070879,95.455485,54947,0,20.068095,4.469665,70.035394,0.069138,0.720933,0.092260
4091,1790556399.678245068,95.053075,54910,0,19.279231,3.838143,71.653161,0.097179,0.133836,0.051525
4092,1790556399.778445005,94.480063,54941,0,19.392838,4.326329,70.463989,0.105656,0.137366,0.053885
4093,1790556399.878639698,94.322180,54886,0,19.541749,4.431033,70.006643,0.080532,0.203065,0.059158
4094,1790556399.978879452,95.722744,54904,0,20.291026,4.785227,70.310658,0.116728,0.173510,0.045595
4095,1790556400.079030275,94.370900,54886,0,19.541357,4.874345,69.702920,0.076864,0.128850,0.046564
4096,1790556400.179226875,93.500858,54873,0,19.264929,4.243609,69.697353,0.082659,0.152230,0.060078
4097,1790556400.279396296,93.921581,54923,0,19.632601,4.543420,69.487483,0.072574,0.138466,0.047037
4098,1790556400.379591227,95.308374,54905,0,20.040900,4.981121,70.049946,0.068424,0.123218,0.044765
4099,1790556400.680179596,107.162299,54894,0,19.673483,7.968013,79.282939,0.067708,0.122780,0.047376
4100,1790556400.880605936,99.194740,54889,0,19.471042,4.627470,73.965241,0.162824,0.892219,0.075944
4101,1790556401.080989361,94.463904,54920,0,19.533902,4.436411,70.240833,0.071241,0.121077,0.060440
4102,1790556401.181217432,98.634579,54920,0,19.256787,4.798303,74.198071,0.138902,0.179478,0.063038
4103,1790556401.281363726,98.866426,54909,0,19.551713,4.694165,74.070754,0.165209,0.239266,0.145319
4104,1790556401.381557465,94.268047,54911,0,19.132928,4.493239,70.368766,0.070998,0.154940,0.047176
4105,1790556401.481796980,93.982460,54919,0,19.359250,4.548716,69.764655,0.081800,0.180759,0.047280
4106,1790556401.581976175,95.138270,54901,0,19.235943,4.756932,70.801075,0.107081,0.175810,0.061429
4107,1790556401.782382250,95.533256,54909,0,19.468103,5.013954,70.774465,0.102656,0.126657,0.047421
4108,1790556401.882554054,100.233751,54953,0,19.911857,4.905925,75.074273,0.093712,0.201032,0.046952
4109,1790556402.082964659,94.193476,54902,0,18.954516,4.365472,70.576054,0.077495,0.170645,0.049294
4110,1790556402.183192015,96.130521,54900,0,20.113505,4.510834,70.627040,0.084234,0.696075,0.098833
4111,1790556402.383557320,93.943780,54887,0,19.132172,4.634523,69.904008,0.084604,0.134170,0.054303
4112,1790556402.483790398,95.679868,54913,0,20.550617,4.987910,69.900556,0.079161,0.117527,0.044097
4113,1790556402.684164047,96.455697,54880,0,19.096429,6.476731,70.632366,0.089802,0.115418,0.044951
4114,1790556402.784364700,97.956505,54894,0,20.326820,6.717790,70.433364,0.172537,0.217942,0.088052
4115,1790556402.884507418,101.245550,54912,0,20.048400,7.241983,73.685463,0.100726,0.120148,0.048830
4116,1790556403.084948301,100.573191,54917,0,18.238111,4.316222,77.717072,0.121541,0.117419,0.062826
4117,1790556403.185149193,106.516993,54885,0,19.958453,8.009066,78.235437,0.111780,0.101084,0.101173
4118,1790556403.285327673,104.043778,54909,0,20.145290,8.020713,75.539537,0.068305,0.204168,0.065765
4119,1790556403.385482311,106.617671,54878,0,20.308463,8.710165,77.297395,0.137854,0.118157,0.045637
4120,1790556403.585917711,96.039685,54899,0,19.311179,5.748799,70.326726,0.081931,0.527727,0.043323
4121,1790556403.786330462,100.319115,54940,0,19.387943,7.121139,73.528637,0.106915,0.119245,0.055236
4122,1790556403.886461973,103.937197,54929,0,20.192742,8.763645,74.604814,0.139691,0.135793,0.100512
4123,1790556403.986682653,105.342179,54899,0,19.862337,8.821392,76.315342,0.113659,0.185417,0.044032
4124,1790556404.086916924,106.323332,54902,0,21.795049,9.137237,75.110719,0.086821,0.147935,0.045571
4125,1790556404.187113047,107.118511,54958,0,20.424045,7.797372,78.637482,0.068490,0.103970,0.087152
4126,1790556404.287280321,107.403343,54909,0,20.388524,9.320324,77.377815,0.093518,0.177629,0.045533
4127,1790556404.387468815,102.488399,54894,0,19.710977,8.337923,74.159582,0.072078,0.124678,0.083161
4128,1790556404.487717152,106.090123,54884,0,20.415976,8.314379,77.032069,0.084163,0.200937,0.042599
4129,1790556404.587880135,102.689219,54896,0,20.019784,7.334398,75.050264,0.073668,0.115217,0.095888
4130,1790556404.788283825,95.049266,54948,0,18.817227,5.253236,70.219541,0.078354,0.636734,0.044174
4131,1790556404.888488531,95.659366,54890,0,19.452872,5.580812,70.345867,0.087490,0.119705,0.072620
4132,1790556404.988683701,95.879522,54923,0,20.357062,5.338706,69.968618,0.068473,0.104611,0.042052
4133,1790556405.088881969,101.381950,54921,0,20.608316,7.308879,73.223976,0.095102,0.104003,0.041674
4134,1790556405.189072609,108.506462,54912,0,20.102633,8.791634,79.363713,0.066982,0.102735,0.078765
4135,1790556405.289266586,107.770349,54934,0,20.833545,8.575205,78.114094,0.081280,0.119586,0.046639
4136,1790556405.389457226,107.053944,54893,0,20.284403,7.359170,79.140972,0.065857,0.156888,0.046654
4137,1790556405.489640474,106.087487,54905,0,20.184921,9.417837,76.226662,0.084247,0.129685,0.044135
4138,1790556405.690054178,94.982673,54914,0,19.663168,4.985742,70.015849,0.106423,0.142058,0.069433
4139,1790556405.790257215,100.035827,54925,0,19.841150,5.209492,74.699986,0.109533,0.129633,0.046033
4140,1790556405.890415907,104.020685,54887,0,20.879570,4.557853,77.964218,0.082074,0.489560,0.047410
4141,1790556405.990639448,109.170378,54909,0,20.887823,9.270710,78.758934,0.068252,0.116430,0.068229
4142,1790556406.090840340,101.507536,54976,0,21.143829,6.776430,73.235533,0.101971,0.202734,0.047039
4143,1790556406.191011667,104.872214,54927,0,20.269128,7.708028,76.606504,0.113321,0.133314,0.041919
4144,1790556406.291207314,106.825598,54931,0,20.203377,8.858393,77.520632,0.071291,0.123517,0.048388
4145,1790556406.491571188,101.295014,54952,0,19.413087,4.963144,76.626906,0.113634,0.114297,0.063946
4146,1790556406.591835022,101.085530,54948,0,20.685027,4.976173,75.204309,0.070174,0.105144,0.044703
4147,1790556406.691964388,101.735865,54913,0,20.891732,4.459890,76.173020,0.067013,0.101490,0.042720
4148,1790556406.792183638,105.578275,54940,0,21.115784,4.755635,79.392107,0.081322,0.134739,0.098688
4149,1790556406.892353535,105.863556,54982,0,20.647461,4.399002,80.497397,0.080066,0.189413,0.050217
4150,1790556407.092771769,100.150133,54900,0,19.669125,6.871854,72.492668,0.142338,0.890301,0.083847
4151,1790556407.192971706,98.196544,54905,0,19.491514,6.480334,71.812238,0.101941,0.220840,0.089677
4152,1790556407.293136120,101.353437,54895,0,20.238829,7.668474,73.239060,0.066135,0.099087,0.041852
4153,1790556407.393366098,107.909896,54966,0,19.911158,8.849154,78.757336,0.066518,0.226089,0.099641
4154,1790556407.493535757,104.508764,54907,0,20.301061,4.322412,79.591064,0.068547,0.154473,0.071207
4155,1790556407.593759775,106.573910,54886,0,20.383413,7.983952,77.896940,0.103166,0.123256,0.083183
4156,1790556407.693926573,107.246318,54945,0,19.175603,8.588174,79.128548,0.145199,0.162351,0.046443
4157,1790556407.794149399,105.162913,54923,0,19.729758,7.762884,77.420542,0.067145,0.133885,0.048699
4158,1790556407.894344091,102.950959,54931,0,20.259158,7.131193,75.236052,0.090527,0.181535,0.052494
4159,1790556407.994564533,105.787940,54926,0,19.419577,9.006373,76.908163,0.159241,0.202753,0.091833
4160,1790556408.094735622,106.345309,54932,0,20.348723,8.039676,77.065630,0.070076,0.746669,0.074535
4161,1790556408.295172453,101.568465,54954,0,19.227076,7.312861,74.765732,0.081153,0.131502,0.050141
4162,1790556408.395338297,101.517875,54889,0,20.452194,6.552862,74.179292,0.105509,0.165627,0.062391
4163,1790556408.495497465,105.435444,54917,0,20.603395,8.482737,76.092781,0.070331,0.137885,0.048315
4164,1790556408.595744610,103.169519,54929,0,21.393465,6.437132,75.045640,0.091436,0.151397,0.050449
4165,1790556408.695914507,108.040411,54895,0,20.252459,7.960916,79.609739,0.069674,0.106212,0.041411
4166,1790556408.796138287,107.071941,54957,0,20.506675,8.976889,77.305480,0.083215,0.147824,0.051858
4167,1790556408.896343470,102.296543,54902,0,20.781083,7.367397,73.743787,0.069581,0.250553,0.084142
4168,1790556408.996514320,104.482811,54917,0,19.807485,8.473525,75.908051,0.078950,0.162881,0.051919
4169,1790556409.096740961,106.998809,54964,0,20.222263,9.468943,77.042387,0.069841,0.145203,0.050172
4170,1790556409.196892977,105.128733,54938,0,20.069827,8.678209,75.585986,0.070972,0.660550,0.063189
4171,1790556409.297122478,106.184289,54916,0,20.559957,8.790009,76.470576,0.111646,0.196604,0.055497
4172,1790556409.397314072,106.405993,54912,0,19.980054,4.235679,81.981059,0.067822,0.100769,0.040610
4173,1790556409.497511387,101.686736,54926,0,19.576501,4.937172,76.887822,0.095507,0.119944,0.069790
4174,1790556409.597672224,97.430815,54889,0,20.229044,5.170532,71.747638,0.067488,0.153607,0.062506
4175,1790556409.697882175,96.949768,54933,0,20.283555,4.740745,71.692886,0.076314,0.113437,0.042831
4176,1790556409.798098087,96.808615,54917,0,20.638376,4.953949,70.968381,0.067605,0.118924,0.061380
4177,1790556409.998513222,107.674740,54977,0,19.482283,8.279694,79.637966,0.075101,0.146295,0.053401
4178,1790556410.098704100,104.528303,54943,0,19.868694,8.086618,76.284393,0.071474,0.169588,0.047536
4179,1790556410.198859930,102.982804,54961,0,19.723098,7.415413,75.588820,0.074354,0.129761,0.051358
4180,1790556410.299104214,106.662036,54876,0,20.376542,8.476816,77.112640,0.075587,0.566038,0.054413
4181,1790556410.399277687,104.082162,54912,0,20.686222,7.637782,75.460925,0.075481,0.145441,0.076311
4182,1790556410.499422312,105.102250,54930,0,20.237056,8.037522,76.545160,0.103867,0.127869,0.050776
4183,1790556410.699864388,95.169677,54968,0,20.149358,5.113977,69.675275,0.068172,0.103286,0.059609
4184,1790556410.800054073,95.162646,54930,0,20.060878,4.853251,69.991273,0.067353,0.131511,0.058380
4185,1790556410.900240660,94.455326,54926,0,19.614452,4.686360,69.839406,0.098293,0.170510,0.046305
4186,1790556411.000405550,94.981378,54928,0,20.014664,4.396575,70.299850,0.084275,0.119599,0.066415
4187,1790556411.100604773,94.808219,54890,0,19.947294,4.213919,70.353963,0.104693,0.141942,0.046408
4188,1790556411.200844526,95.089033,54924,0,19.788955,4.851087,70.194763,0.068962,0.124305,0.060961
4189,1790556411.301048994,96.094640,54936,0,20.028876,5.143504,70.679950,0.069194,0.123263,0.049853
4190,1790556411.401252747,95.094274,54909,0,19.824623,4.532734,69.989057,0.069142,0.633209,0.045509
4191,1790556411.701843977,98.451614,54917,0,19.362814,4.381363,74.413366,0.070852,0.137633,0.085586
4192,1790556411.802018404,95.746598,54953,0,20.268877,5.110102,70.069172,0.079017,0.148307,0.071123
4193,1790556411.902245522,93.996114,54920,0,18.987228,4.662135,70.063072,0.067098,0.143899,0.072682
4194,1790556412.002369881,99.884339,54928,0,19.562074,4.983331,75.088440,0.074805,0.110498,0.065191
4195,1790556412.202815056,95.630704,54943,0,20.187185,4.643186,70.552657,0.093118,0.111768,0.042790
4196,1790556412.303021431,97.720717,54921,0,20.553591,4.556072,72.246492,0.150356,0.145028,0.069178
4197,1790556412.503391743,100.755299,54957,0,19.624121,6.205186,74.520460,0.109245,0.234034,0.062253
4198,1790556412.603550673,104.678405,54948,0,19.946556,7.590333,76.749619,0.119084,0.220296,0.052517
4199,1790556412.703791857,96.834601,54928,0,19.738811,4.641919,72.190323,0.103477,0.115760,0.044311
4200,1790556412.803973913,95.480688,54910,0,20.153377,4.490330,70.050137,0.100164,0.625299,0.061381
4201,1790556412.904163837,98.086639,54981,0,19.898595,4.604917,73.302759,0.089268,0.132246,0.058854
4202,1790556413.104601622,98.265443,54970,0,18.715918,4.196487,74.971674,0.067899,0.207143,0.106322
4203,1790556413.304990053,100.129680,54975,0,20.071443,4.395649,75.193466,0.178190,0.215858,0.075074
4204,1790556413.405172586,96.066150,55001,0,19.747388,4.439106,71.540119,0.082881,0.198156,0.058500
4205,1790556413.505368948,94.914475,54972,0,19.916354,4.632997,70.078737,0.118042,0.112047,0.056298
4206,1790556413.605564356,94.853197,54929,0,20.183357,4.605286,69.590587,0.126320,0.292330,0.055317
4207,1790556414.006366968,94.456440,54914,0,19.256061,4.920682,70.033149,0.070162,0.131297,0.045089
4208,1790556414.106573105,92.897149,54925,0,19.266446,4.263570,69.123025,0.068667,0.115281,0.060160
4209,1790556414.206737518,93.318127,54942,0,18.908827,4.272953,69.881127,0.078017,0.127454,0.049749
4210,1790556414.306946039,94.469724,54917,0,20.092704,4.220188,69.411985,0.088321,0.610686,0.045840
4211,1790556414.407103062,96.101848,54952,0,21.011689,4.301959,70.486042,0.123358,0.128858,0.049942
4212,1790556414.507336140,94.715094,54918,0,19.632932,4.731132,70.037702,0.137501,0.116933,0.058894
4213,1790556414.607529879,94.470474,54941,0,19.501651,4.663173,70.016492,0.097283,0.148678,0.043197
4214,1790556414.807895660,105.832195,54914,0,19.138473,7.385366,79.057771,0.069193,0.129728,0.051664
4215,1790556414.908130646,106.443863,54931,0,19.510828,8.322510,78.359621,0.067540,0.112603,0.070761
4216,1790556415.008283615,106.959672,54948,0,19.838124,8.623180,78.227885,0.091988,0.132348,0.046147
4217,1790556415.108520746,106.195795,54917,0,19.953200,8.372686,77.599632,0.108894,0.118056,0.043327
4218,1790556415.208722115,103.113350,54919,0,19.925224,7.833321,75.088898,0.071310,0.128151,0.066446
4219,1790556415.308900595,102.123191,54945,0,19.857267,6.863983,75.046948,0.080886,0.179431,0.094676
4220,1790556415.409077406,105.682184,54909,0,20.101255,8.199147,76.588591,0.075427,0.667171,0.050593
4221,1790556415.509306908,108.360083,54916,0,20.074551,7.985547,80.022876,0.065205,0.140660,0.071244
4222,1790556415.709700584,99.020126,54912,0,19.690067,6.473319,72.491407,0.140376,0.153048,0.071909
4223,1790556415.910211563,105.321395,54897,0,18.470708,7.634363,79.001260,0.067773,0.102007,0.045284
4224,1790556416.010284901,107.502428,54914,0,19.605000,8.540450,79.107048,0.068438,0.126949,0.054543
4225,1790556416.110498190,102.886019,54917,0,20.340737,7.317827,74.925317,0.102978,0.146921,0.052239
4226,1790556416.210676908,101.670765,54919,0,20.077104,7.556760,73.672702,0.105883,0.198381,0.059935
4227,1790556416.310858011,106.912803,54934,0,20.266632,7.850630,78.520550,0.069530,0.156704,0.048757
4228,1790556416.411065102,104.417007,54890,0,19.786795,7.857625,76.541405,0.072427,0.112893,0.045862
4229,1790556416.511264801,106.656851,54904,0,19.951969,7.974403,78.404743,0.111443,0.139755,0.074538
4230,1790556416.611401558,107.921568,54950,0,19.955724,9.422936,77.881455,0.066785,0.547648,0.047020
4231,1790556416.711652279,106.627348,54915,0,20.713673,6.876630,78.744869,0.080165,0.158470,0.053541
4232,1790556416.811884403,104.348888,54886,0,20.365379,4.359458,79.365345,0.071334,0.116419,0.070953
4233,1790556416.912016153,97.149740,54904,0,20.049642,4.393452,72.448568,0.095145,0.105108,0.057825
4234,1790556417.112383127,94.287905,54916,0,19.733382,4.648267,69.628234,0.080853,0.144964,0.052205
4235,1790556417.212635994,95.251695,54906,0,20.729377,4.377907,69.856008,0.086293,0.158145,0.043965
4236,1790556417.312834263,94.419000,54921,0,20.197671,4.396354,69.572222,0.072963,0.134594,0.045196
4237,1790556417.412980080,95.213647,54959,0,19.730575,4.972692,70.229364,0.085509,0.150883,0.044624
4238,1790556417.513244390,97.068216,54925,0,19.692977,6.244359,70.751586,0.071640,0.242374,0.065280
4239,1790556417.613420725,103.034303,54908,0,18.900302,8.209132,75.623804,0.083245,0.159796,0.058024
4240,1790556418.014182091,105.547277,54895,0,18.340095,7.952435,78.502115,0.076268,0.626613,0.049751
4241,1790556418.114525080,107.614609,54946,0,19.959310,9.253200,78.190845,0.065156,0.104841,0.041257
4242,1790556418.214589596,107.416932,54923,0,19.839698,7.699623,79.567809,0.085285,0.157584,0.066933
4243,1790556418.314773798,106.786419,54918,0,19.412069,8.556849,78.360917,0.078123,0.241085,0.137376
4244,1790556418.415026426,104.816204,54940,0,19.044311,7.734523,77.776925,0.078322,0.135066,0.047057
4245,1790556418.515131474,106.061011,54932,0,19.662615,8.973203,77.185309,0.078410,0.115357,0.046117
4246,1790556418.715526104,93.622061,54913,0,19.324686,3.979133,70.001161,0.105445,0.164936,0.046700
4247,1790556419.116371393,105.590925,54914,0,18.643693,7.991684,78.724876,0.067301,0.107468,0.055903
4248,1790556419.216536283,104.272852,54927,0,19.835795,9.067498,75.094344,0.072327,0.117679,0.085209
4249,1790556419.316744566,102.383601,54902,0,20.299823,6.546494,75.182547,0.128749,0.151613,0.074375
4250,1790556419.416927814,103.089838,54935,0,20.359366,7.724869,74.226460,0.082450,0.641903,0.054790
4251,1790556419.617315054,94.108272,54901,0,18.926178,4.689836,70.222505,0.086129,0.134856,0.048768
4252,1790556419.717524290,95.911801,54941,0,19.623212,5.324120,70.702214,0.072583,0.143254,0.046418
4253,1790556419.817718506,96.211650,54932,0,20.193633,5.245536,70.486472,0.070924,0.167937,0.047148
4254,1790556419.917910337,96.247959,54894,0,20.299102,4.965710,70.747706,0.074257,0.115302,0.045882
4255,1790556420.018185616,95.415688,54919,0,19.875811,4.998462,70.298895,0.072259,0.126145,0.044116
4256,1790556420.118321896,96.110855,54943,0,19.807160,4.863454,71.171701,0.083724,0.129042,0.055774
4257,1790556420.218500853,95.117149,54908,0,20.174182,4.670512,69.990795,0.085887,0.146457,0.049316
4258,1790556420.318743229,95.810628,54923,0,20.250886,4.973093,70.342137,0.076261,0.123317,0.044934
4259,1790556420.418922186,94.919761,54966,0,20.000200,4.794789,69.837560,0.076845,0.149469,0.060898
4260,1790556420.519113064,99.710493,54962,0,20.362226,5.219667,73.284362,0.124811,0.624103,0.095324
4261,1790556420.619311571,103.086853,54944,0,19.870955,5.120424,77.839808,0.075958,0.115786,0.063922
4262,1790556420.719517946,100.954234,54982,0,20.039705,5.654965,75.000314,0.087401,0.127524,0.044325
4263,1790556420.819703817,99.864073,54944,0,20.069659,4.276934,75.254591,0.075088,0.126701,0.061100
4264,1790556420.919906378,97.621760,54971,0,20.131415,6.960094,70.302465,0.072395,0.107066,0.048325
4265,1790556421.020097971,97.284969,54944,0,19.760650,5.983161,71.293966,0.081509,0.120514,0.045169
4266,1790556421.120304346,97.106430,54954,0,19.702683,6.205602,70.968819,0.071899,0.114561,0.042866
4267,1790556421.220459700,97.745067,54938,0,19.747848,6.452370,71.299635,0.083546,0.102965,0.058703
4268,1790556421.320627213,98.707076,54961,0,19.274936,6.760635,72.402736,0.069404,0.109444,0.089921
4269,1790556421.420881033,102.652374,54953,0,19.882394,8.675201,73.853115,0.081835,0.117541,0.042288
4270,1790556421.521049023,107.858364,54933,0,19.465995,9.343477,78.208255,0.068724,0.709853,0.062060
4271,1790556421.621274471,100.894079,54911,0,20.647191,4.716709,75.310557,0.067945,0.107171,0.044506
4272,1790556421.721448183,96.930069,54943,0,19.947869,4.661819,71.981667,0.072523,0.204695,0.061496
4273,1790556421.821671724,97.245211,54951,0,19.421339,4.608023,72.986701,0.069396,0.118167,0.041585
4274,1790556421.921861887,103.097857,54871,0,20.474187,7.161425,75.122515,0.122269,0.166385,0.051076
4275,1790556422.022059679,104.663537,54964,0,19.245869,8.188996,77.004617,0.072419,0.104512,0.047124
4276,1790556422.122261763,106.390544,54930,0,20.277048,7.515398,78.269195,0.083439,0.178731,0.066733
4277,1790556422.222452879,99.110682,54929,0,19.954224,4.333854,74.614831,0.064889,0.102348,0.040536
4278,1790556422.422851324,98.050756,54946,0,19.702987,7.301915,70.642774,0.182736,0.147784,0.072560
4279,1790556422.523051739,94.911659,54913,0,19.236907,5.529502,69.888571,0.069238,0.143148,0.044293
4280,1790556422.623235941,95.192812,54921,0,19.169889,5.913568,69.430969,0.069208,0.561421,0.047757
4281,1790556422.723405361,94.652062,54882,0,19.063930,5.694368,69.645430,0.076060,0.124132,0.048142
4282,1790556422.823631763,95.533858,54938,0,19.635264,5.079695,70.557271,0.087268,0.128473,0.045887
4283,1790556422.923829794,99.364715,54922,0,19.342336,5.470828,74.183421,0.116375,0.170010,0.081745
4284,1790556423.024092674,105.631076,54932,0,20.750128,8.423202,76.214567,0.067558,0.129093,0.046528
4285,1790556423.124227524,102.980280,54958,0,19.931230,7.408994,75.379040,0.083943,0.110738,0.066335
4286,1790556423.224403858,101.405084,54939,0,20.161728,6.696922,74.239726,0.112907,0.128648,0.065153
4287,1790556423.324559927,103.414769,54971,0,19.981044,7.646540,75.567766,0.074057,0.102223,0.043139
4288,1790556423.424782038,106.759643,54980,0,20.280801,7.518045,78.723603,0.065630,0.104344,0.067220
4289,1790556423.524988890,105.592862,54896,0,19.728981,8.659313,76.980252,0.070585,0.107646,0.046085
4290,1790556423.625174522,105.286262,54922,0,19.887572,8.239469,76.333130,0.066486,0.693512,0.066093
4291,1790556423.825555086,95.392923,54937,0,20.128647,4.936601,70.061640,0.079623,0.134976,0.051436
4292,1790556423.925735950,94.333228,54945,0,19.887912,4.488695,69.690748,0.078371,0.131340,0.056162
4293,1790556424.025962830,93.748830,54932,0,19.780809,4.091809,69.590007,0.104762,0.132254,0.049189
4294,1790556424.126154900,93.540702,54913,0,19.824972,4.129728,69.319418,0.079108,0.135432,0.052044
4295,1790556424.226325035,93.684407,54945,0,19.446718,4.427726,69.565588,0.073967,0.120145,0.050263
4296,1790556424.326557159,94.339022,54946,0,20.022799,4.090959,69.973689,0.071387,0.119263,0.060925
4297,1790556424.426744223,93.981038,54959,0,19.543895,4.160904,69.946336,0.086295,0.182288,0.061320
4298,1790556424.526970387,94.260338,54941,0,19.566313,4.530737,69.869530,0.083523,0.152814,0.057421
4299,1790556424.627130508,94.763650,54934,0,19.883459,4.333027,70.306275,0.068156,0.130144,0.042589
4300,1790556424.727334261,96.506774,54939,0,20.052987,4.548812,71.167255,0.086553,0.560629,0.090538
4301,1790556424.827502012,95.763175,54962,0,19.392239,4.381209,71.645788,0.115060,0.179804,0.049075
4302,1790556424.927725554,96.158913,54949,0,19.483726,5.867446,70.544997,0.083584,0.131993,0.047167
4303,1790556425.027957201,95.109367,54959,0,20.396170,4.236812,70.148408,0.081850,0.180188,0.065939
4304,1790556425.128121853,102.895754,54914,0,19.807665,4.174978,78.693279,0.067739,0.108039,0.044054
4305,1790556425.228298903,104.258487,54938,0,19.889786,7.987531,76.018334,0.082207,0.140951,0.139678
4306,1790556425.328521967,100.557898,54964,0,19.952977,7.295197,73.071075,0.068833,0.120315,0.049501
4307,1790556425.428729057,96.260109,54926,0,19.551075,4.542473,71.905489,0.070725,0.117293,0.073054
4308,1790556425.528934002,96.162401,54926,0,19.961074,4.680402,71.241885,0.072202,0.145493,0.061345
4309,1790556425.629145384,97.265665,54945,0,19.484457,4.362520,73.160204,0.070979,0.131717,0.055788
4310,1790556425.729326010,104.458478,54912,0,19.707365,4.539922,79.513407,0.066094,0.573621,0.058069
4311,1790556425.829521894,105.115282,54956,0,19.857728,8.926370,76.071987,0.071965,0.116810,0.070422
4312,1790556425.929691792,98.814946,54924,0,19.613618,5.943211,72.918529,0.123026,0.150769,0.065793
4313,1790556426.029884338,100.653045,54936,0,19.839517,7.227564,73.322794,0.091241,0.125747,0.046182
4314,1790556426.130052805,96.100963,54960,0,20.129628,4.716789,71.003812,0.071411,0.122431,0.056892
4315,1790556426.230270624,95.958514,54907,0,19.617286,4.317914,71.771193,0.073237,0.130794,0.048090
4316,1790556426.330470800,94.765035,54919,0,19.830157,4.096477,70.543105,0.066944,0.136454,0.091898
4317,1790556426.430643082,99.434810,54943,0,20.284953,4.565364,74.355124,0.067424,0.103126,0.058819
4318,1790556426.530905008,105.577345,54931,0,20.013312,4.610532,80.648802,0.083012,0.167611,0.054076
4319,1790556426.631071806,101.127784,54902,0,19.930382,7.155012,73.782632,0.077963,0.127134,0.054661
4320,1790556426.731253862,97.886430,54937,0,19.800582,6.121973,71.183410,0.105799,0.622219,0.052447
4321,1790556426.831516266,95.968682,54943,0,19.304980,4.743218,71.649738,0.087113,0.135209,0.048424
4322,1790556426.931695938,95.832439,54926,0,19.117871,4.847996,71.486624,0.092669,0.189418,0.097861
4323,1790556427.031894684,96.861151,54962,0,19.388632,4.710948,72.523958,0.068884,0.124879,0.043850
4324,1790556427.132086277,94.597825,54932,0,19.222633,4.553767,70.569312,0.086460,0.122270,0.043383
4325,1790556427.232266665,94.249484,54932,0,19.982026,4.249885,69.718688,0.100279,0.138589,0.060017
4326,1790556427.332484007,100.663315,54906,0,19.435464,4.399630,76.595954,0.079163,0.110474,0.042630
4327,1790556427.432682753,106.054023,54949,0,19.419209,7.609273,78.759523,0.080405,0.129767,0.055846
4328,1790556427.532834530,102.615786,54953,0,19.444420,7.630926,75.230254,0.095342,0.153641,0.061203
4329,1790556427.633034468,99.730355,54971,0,19.421461,7.315516,72.747175,0.068109,0.121175,0.056919
4330,1790556427.733231544,96.514246,54914,0,20.074465,4.421882,71.378104,0.070166,0.522683,0.046946
4331,1790556427.833432436,96.031790,54937,0,19.721066,4.394221,71.615948,0.104809,0.122254,0.073492
4332,1790556427.933643103,96.043028,54924,0,19.699565,4.572120,71.541090,0.067293,0.120351,0.042609
4333,1790556428.033788443,95.547295,54920,0,19.013740,4.794875,71.377157,0.103022,0.186839,0.071662
4334,1790556428.133989096,95.206318,54968,0,19.870767,4.887286,70.152856,0.077487,0.145956,0.071966
4335,1790556428.234209776,104.334407,54971,0,20.181760,4.581448,79.294846,0.077568,0.123836,0.074949
4336,1790556428.334373236,103.562000,54960,0,20.537013,7.858414,74.759769,0.156914,0.187033,0.062857
4337,1790556428.434606075,103.485681,54934,0,20.367383,7.389035,75.408834,0.104494,0.154695,0.061240
4338,1790556428.534830809,101.232454,54936,0,20.601744,6.707772,73.669030,0.068307,0.117167,0.068434
4339,1790556428.634994507,97.686426,54947,0,20.177560,5.727696,71.526188,0.071647,0.139161,0.044174
4340,1790556428.735186100,98.545748,54914,0,20.871625,5.103490,71.926089,0.068090,0.532208,0.044246
4341,1790556428.835407019,96.698431,54939,0,20.463693,4.599015,71.406186,0.070060,0.115066,0.044411
4342,1790556428.935558558,97.024075,54933,0,20.393993,4.983531,71.339831,0.087695,0.146540,0.072485
4343,1790556429.035774231,96.948772,54951,0,20.230620,5.194591,71.179246,0.100030,0.171444,0.072841
4344,1790556429.135975599,99.206238,54971,0,19.685981,6.365075,72.869767,0.068086,0.147611,0.069718
4345,1790556429.236174583,100.182336,54973,0,20.115194,7.077697,72.746340,0.068179,0.133398,0.041528
4346,1790556429.336364031,97.216704,54950,0,19.960509,5.218210,71.738977,0.107798,0.140927,0.050283
4347,1790556429.436598778,97.562442,54959,0,20.636857,4.804592,71.818542,0.113291,0.141318,0.047842
4348,1790556429.536795855,100.160588,54969,0,20.591054,4.107110,75.083699,0.141846,0.170850,0.066029
4349,1790556429.636983871,107.013284,54929,0,20.117182,8.482893,78.051720,0.126251,0.161555,0.073683
4350,1790556429.737154245,102.888311,54938,0,20.842609,7.896652,73.233163,0.086329,0.709272,0.120286
4351,1790556429.837351322,98.980812,54922,0,21.083192,5.532053,72.098807,0.077495,0.144736,0.044529
4352,1790556429.937619209,97.761465,54900,0,20.939790,4.491282,72.086616,0.071851,0.123599,0.048327
4353,1790556430.037738800,100.157821,54934,0,20.123413,4.406519,75.394134,0.068503,0.121042,0.044210
4354,1790556430.137941837,105.369273,54978,0,20.413389,4.816022,79.838926,0.072278,0.136882,0.091776
4355,1790556430.238155365,103.472966,54912,0,20.643699,8.110500,74.348010,0.083581,0.218146,0.069030
4356,1790556430.338353634,99.880457,54957,0,19.850050,6.823342,72.845612,0.155666,0.154460,0.051327
4357,1790556430.438530207,96.057692,54926,0,19.791871,4.767315,71.260526,0.068108,0.107575,0.062297
4358,1790556430.538731098,96.916087,54915,0,20.438383,5.198571,71.064144,0.067563,0.104973,0.042453
4359,1790556430.638940334,101.136713,54930,0,20.739344,4.606246,75.552041,0.068271,0.104627,0.066184
4360,1790556430.739146948,104.331220,54902,0,20.115710,4.951119,78.511494,0.069485,0.635701,0.047711
4361,1790556430.939517498,101.614317,54921,0,19.659126,4.217499,77.513544,0.072108,0.108787,0.043253
4362,1790556431.039729595,106.339543,54940,0,20.135353,4.835249,81.109949,0.081027,0.134503,0.043462
4363,1790556431.139926195,100.893485,54947,0,20.109720,7.452913,73.094321,0.067060,0.126002,0.043469
4364,1790556431.240135908,95.338460,54936,0,19.456262,4.398939,71.174295,0.078564,0.134769,0.095631
4365,1790556431.540721893,93.524912,54918,0,19.045091,4.497812,69.714967,0.089887,0.131683,0.045472
4366,1790556431.741087675,99.705272,54897,0,18.809882,3.941281,76.608460,0.183779,0.117673,0.044197
4367,1790556431.841277361,104.492270,54941,0,19.845001,4.675314,79.726353,0.063631,0.100560,0.081411
4368,1790556431.941474915,108.417937,54903,0,20.638890,8.527515,78.952784,0.079828,0.148760,0.070160
4369,1790556432.041672945,100.773742,54935,0,20.013980,7.092927,73.426014,0.080127,0.115585,0.045109
4370,1790556432.141872644,98.472697,54971,0,19.808126,6.702039,71.210991,0.070828,0.638657,0.042056
4371,1790556432.242090940,97.540619,54914,0,19.635564,4.859462,72.730949,0.093030,0.156035,0.065579
4372,1790556432.342253208,97.033589,54949,0,19.649438,5.113914,71.993857,0.084239,0.145625,0.046516
4373,1790556432.442441225,97.700829,54914,0,19.927119,5.945050,71.591041,0.068227,0.112200,0.057192
4374,1790556432.642864943,99.267646,54958,0,20.132997,4.347935,74.355760,0.129732,0.189943,0.111279
4375,1790556432.743067503,106.920464,54959,0,19.824294,4.479369,82.326465,0.067768,0.147205,0.075363
4376,1790556432.843289375,101.059073,54945,0,20.177731,7.348535,73.296460,0.070437,0.122942,0.042968
4377,1790556432.943439960,97.005196,54907,0,20.565569,5.308174,70.908196,0.068993,0.111393,0.042871
4378,1790556433.143842220,98.800731,54915,0,18.370657,6.723678,73.412275,0.084615,0.160358,0.049148
4379,1790556433.344252586,104.636321,54974,0,18.499403,7.689102,78.165514,0.086963,0.135271,0.060068
4380,1790556434.045607090,99.512819,54977,0,19.536979,4.338130,74.713037,0.215153,0.659980,0.049540
4381,1790556434.246025324,101.593081,54900,0,18.474550,3.894202,78.970790,0.065820,0.145846,0.041873
4382,1790556434.446393490,102.371392,54959,0,18.845747,7.395232,75.889638,0.066996,0.117061,0.056718
4383,1790556434.646799564,101.653832,54954,0,19.163448,7.146712,75.014119,0.135506,0.137226,0.056821
4384,1790556434.746991158,103.456388,55004,0,20.404257,7.517457,75.217615,0.098167,0.169758,0.049134
4385,1790556434.847167253,105.542612,54997,0,20.691921,7.482543,77.092398,0.078487,0.152849,0.044414
4386,1790556434.947364569,99.115084,54945,0,19.890576,7.242289,71.756742,0.069768,0.111917,0.043792
4387,1790556435.047646523,96.290333,54931,0,19.744125,4.244744,72.042499,0.097924,0.112607,0.048434
4388,1790556435.147760391,98.748651,54909,0,19.222354,5.764081,73.517062,0.068772,0.105474,0.070908
4389,1790556435.247982025,98.888220,54985,0,19.633524,4.723875,74.323742,0.066225,0.098947,0.041907
4390,1790556435.448350906,108.836656,54876,0,20.223919,8.587468,79.294128,0.120588,0.566075,0.044478
4391,1790556435.548518181,100.376554,54999,0,20.023438,5.847544,74.150959,0.107947,0.203402,0.043264
4392,1790556435.648709774,98.519069,54961,0,19.892565,6.149222,72.192665,0.073234,0.164890,0.046493
4393,1790556435.849106550,91.812320,54954,0,18.623406,4.036297,68.808981,0.090137,0.168091,0.085408
4394,1790556435.949300766,106.583700,54947,0,19.102286,6.269645,80.897682,0.151287,0.115025,0.047775
4395,1790556436.049534321,101.891304,54885,0,20.446068,7.641608,73.558172,0.071421,0.125200,0.048835
4396,1790556436.149727345,97.266248,54927,0,20.148877,4.644048,72.209104,0.071144,0.132430,0.060645
4397,1790556436.249891758,96.242968,54953,0,19.721956,4.536518,71.727880,0.105231,0.106814,0.044569
4398,1790556436.350164652,98.414634,54959,0,20.398480,5.106710,72.676265,0.067103,0.101596,0.064480
4399,1790556436.450325012,100.451713,54892,0,19.502120,4.855338,75.842606,0.073188,0.136671,0.041790
4400,1790556436.550552130,103.239603,54933,0,19.553043,4.849737,78.169730,0.087806,0.529589,0.049698
4401,1790556436.650732756,106.478618,54922,0,20.453668,8.052441,77.709237,0.085271,0.126444,0.051557
4402,1790556436.750906467,101.042078,54923,0,19.805627,7.339944,73.583654,0.075390,0.159666,0.077797
4403,1790556436.851129532,95.979591,54892,0,19.600420,4.968811,71.155858,0.099627,0.111703,0.043172
4404,1790556436.951326609,96.434905,54929,0,19.634585,5.201142,71.348208,0.069127,0.137872,0.043971
4405,1790556437.051521301,96.225212,54899,0,20.166580,4.687067,71.095264,0.070041,0.146615,0.059645
4406,1790556437.151760101,95.187367,54913,0,19.434947,4.509237,70.862622,0.098774,0.235077,0.046710
4407,1790556437.251913786,96.518776,54926,0,20.253169,4.558626,71.375657,0.086676,0.200957,0.043691
4408,1790556437.352104902,102.069250,54950,0,19.832068,4.659300,77.278630,0.128098,0.105491,0.065663
4409,1790556437.452280760,105.635985,54946,0,19.934020,7.991361,77.462834,0.067569,0.136605,0.043596
4410,1790556437.552466154,101.103125,54919,0,19.611467,7.073849,73.709597,0.068378,0.594170,0.045664
4411,1790556437.652670383,96.855895,54923,0,19.686045,5.098968,71.855750,0.069433,0.103596,0.042103
4412,1790556437.753005981,96.149731,54958,0,19.866068,4.496020,71.500099,0.097690,0.130839,0.059015
4413,1790556437.953289270,99.736635,54960,0,19.021801,4.570768,75.786360,0.108312,0.187807,0.061587
4414,1790556438.053455591,105.325678,54966,0,20.003298,4.994059,80.046678,0.086003,0.121513,0.074127
4415,1790556438.153677225,101.778333,54918,0,20.241648,7.206325,74.106036,0.067980,0.113378,0.042966
4416,1790556438.253973246,95.000692,54936,0,19.481563,4.409084,70.874959,0.081739,0.107662,0.045685
4417,1790556438.454264879,95.256213,54955,0,18.760669,5.338587,70.897316,0.066630,0.142152,0.050859
4418,1790556438.554459333,102.304724,54963,0,20.581622,5.204644,76.139774,0.084352,0.250804,0.043528
4419,1790556438.654632092,105.865323,54926,0,19.740048,4.449517,81.357892,0.083618,0.171535,0.062713
4420,1790556438.754824162,102.445005,54901,0,20.035734,6.985696,74.662450,0.069947,0.631333,0.059845
4421,1790556438.855040073,97.553300,54946,0,20.117255,5.066431,72.142582,0.082261,0.103545,0.041226
4422,1790556439.055452108,97.834962,54923,0,18.157970,6.515270,72.904961,0.067074,0.124764,0.064923
4423,1790556439.155652523,96.255170,54886,0,20.345997,5.494087,70.177148,0.068871,0.111824,0.057243
4424,1790556439.255855799,99.983977,54898,0,20.322689,5.025598,74.113552,0.288603,0.169543,0.063992
4425,1790556439.356010914,105.382354,54952,0,20.326867,4.970350,79.872369,0.067498,0.103143,0.042127
4426,1790556439.456222296,102.605962,54940,0,19.988151,7.429491,74.923703,0.079206,0.117681,0.067730
4427,1790556439.556399345,95.001879,54976,0,19.181651,4.230981,71.361696,0.070207,0.113970,0.043374
4428,1790556439.656636953,95.515588,54975,0,19.845770,4.460428,70.887305,0.070510,0.190381,0.061194
4429,1790556439.857027769,103.790989,54913,0,19.500033,4.486078,79.525987,0.100865,0.135895,0.042131
4430,1790556439.957187891,104.187578,54988,0,19.591512,8.334784,75.507459,0.087543,0.603234,0.063046
4431,1790556440.057411671,100.785581,54940,0,19.981478,7.819892,72.719702,0.068109,0.153552,0.042848
4432,1790556440.157584190,94.760152,54913,0,18.899639,4.932056,70.668479,0.108520,0.108182,0.043276
4433,1790556440.257790804,95.406518,54912,0,19.851307,4.508321,70.793158,0.067506,0.141318,0.044908
4434,1790556440.458201170,96.741628,54957,0,19.747065,4.519794,72.151026,0.096160,0.167328,0.060255
4435,1790556440.558398247,94.023964,54972,0,19.921717,3.989794,69.812714,0.078345,0.166665,0.054729
4436,1790556440.658571243,106.903510,54937,0,20.362464,5.896919,80.331595,0.142618,0.125665,0.044249
4437,1790556440.758792162,101.144941,54962,0,20.332238,7.203906,73.294589,0.070567,0.146939,0.096702
4438,1790556440.858924389,95.156152,54911,0,19.223910,4.778904,70.936501,0.066527,0.106670,0.043640
4439,1790556440.959174395,97.354003,54978,0,20.019498,4.778359,72.254213,0.112053,0.129881,0.059999
4440,1790556441.059352398,97.257473,54981,0,19.636842,5.793338,71.220995,0.069038,0.494358,0.042902
4441,1790556441.159559011,97.413509,54933,0,20.012588,5.876482,71.280876,0.075272,0.123156,0.045135
4442,1790556441.259760380,97.682517,54929,0,19.718338,5.911906,71.655549,0.118787,0.188502,0.089435
4443,1790556441.560357094,94.519635,54993,0,19.353320,4.837059,70.041218,0.086924,0.156513,0.044601
4444,1790556441.660523176,99.903970,54965,0,19.821391,4.778181,75.072728,0.074830,0.113025,0.043815
4445,1790556441.760714531,104.728710,54938,0,19.835752,4.214069,80.453970,0.081691,0.102448,0.040780
4446,1790556441.860907793,102.256052,54912,0,20.028583,7.890802,73.979846,0.114959,0.151345,0.090517
4447,1790556441.961140633,96.282174,54979,0,19.483579,4.594085,71.982975,0.068182,0.109651,0.043702
4448,1790556442.161516428,97.269151,54966,0,19.191257,5.972643,71.841456,0.075923,0.137133,0.050739
4449,1790556442.261748314,94.202086,54961,0,19.678209,4.417877,69.828171,0.065978,0.120418,0.091433
4450,1790556442.361896515,101.091107,54930,0,18.573287,4.289042,77.588519,0.070055,0.529705,0.040499
4451,1790556442.462085724,105.176616,54962,0,19.552395,8.714113,76.598450,0.117644,0.144588,0.049426
4452,1790556442.562326431,99.921902,54944,0,19.459955,6.998834,73.159956,0.071711,0.155899,0.075547
4453,1790556442.662479401,95.741425,54879,0,19.418290,4.783853,71.296696,0.069055,0.107298,0.066233
4454,1790556442.762721300,96.021286,54973,0,19.601073,4.579827,71.587949,0.068190,0.107161,0.077086
4455,1790556442.862890244,100.504877,54984,0,19.992766,4.261027,76.024670,0.066116,0.116236,0.044062
4456,1790556442.963109493,105.190322,54936,0,19.720829,8.837091,76.226572,0.145789,0.158844,0.101197
4457,1790556443.063295126,100.741090,54944,0,19.753479,7.718556,73.029942,0.069709,0.105072,0.064332
4458,1790556443.163465261,94.939835,54972,0,19.480308,4.240223,70.895463,0.070525,0.176958,0.076358
4459,1790556443.263640404,96.125133,54967,0,19.465041,4.853891,71.556462,0.072979,0.128283,0.048477
4460,1790556443.363878250,99.128501,54920,0,20.296022,4.753013,73.420644,0.071966,0.543126,0.043730
4461,1790556443.464033365,102.984720,54922,0,19.733140,4.530406,78.464173,0.075841,0.132536,0.048624
4462,1790556443.564301491,102.173212,54920,0,20.167339,7.142128,74.511695,0.122492,0.147712,0.081846
4463,1790556443.664455891,98.498380,54953,0,19.388390,6.041539,72.751201,0.072718,0.184561,0.059971
4464,1790556443.764692783,96.111612,55030,0,19.283646,4.401159,72.159371,0.076628,0.137473,0.053335
4465,1790556443.864838123,95.195462,54949,0,20.005833,4.184876,70.739654,0.107831,0.114054,0.043214
4466,1790556443.965065956,99.054352,54922,0,19.681867,4.524650,74.614716,0.066535,0.121836,0.044748
4467,1790556444.065209389,102.613638,54956,0,18.743297,4.935739,78.706566,0.074326,0.108952,0.044758
4468,1790556444.165409088,100.639490,54939,0,20.026854,8.032051,72.324749,0.067547,0.130606,0.057683
4469,1790556444.265619755,96.440948,54977,0,19.419939,5.197414,71.516033,0.091456,0.161970,0.054136
4470,1790556444.365850449,95.810644,54948,0,19.556341,4.220271,71.386955,0.073100,0.525703,0.048274
4471,1790556444.466043711,98.293755,54958,0,19.814345,4.424924,73.804848,0.084210,0.120698,0.044730
4472,1790556444.566230297,100.772947,54979,0,19.491615,4.608053,76.454062,0.071463,0.105232,0.042522
4473,1790556444.666396141,102.991462,54942,0,19.199807,8.377917,75.115888,0.072837,0.142345,0.082668
4474,1790556444.766624928,97.915429,54945,0,19.442781,5.958432,72.211532,0.113437,0.138070,0.051177
4475,1790556444.866832733,95.463999,55002,0,19.922016,4.693388,70.564352,0.088841,0.139691,0.055711
4476,1790556444.967044115,99.311701,54970,0,19.998582,6.347602,72.659404,0.071657,0.189005,0.045451
4477,1790556445.067178249,95.030924,54978,0,19.058813,4.972522,70.780701,0.071100,0.104761,0.043027
4478,1790556445.167435408,95.818680,54953,0,19.857656,4.394366,71.295471,0.096200,0.115820,0.059167
4479,1790556445.367785931,98.685612,54960,0,19.057707,4.309834,74.970846,0.127007,0.168499,0.051719
4480,1790556445.467989206,104.802135,54936,0,19.089494,8.047385,76.756982,0.129006,0.713934,0.065334
4481,1790556445.568151236,101.914044,54952,0,20.066411,7.377631,74.220533,0.068080,0.128420,0.052969
4482,1790556445.668373585,95.858437,54986,0,18.900547,4.778705,71.869431,0.104604,0.155068,0.050082
4483,1790556445.768578291,95.568945,54928,0,19.269406,4.596853,71.411574,0.081376,0.166172,0.043564
4484,1790556445.868741274,99.126319,54962,0,19.584191,4.769548,74.545546,0.071887,0.111803,0.043344
4485,1790556445.968970537,105.045021,54946,0,19.255373,8.310885,77.214265,0.077491,0.135249,0.051758
4486,1790556446.069165468,100.874698,54953,0,19.306656,6.914741,74.322653,0.074866,0.208310,0.047472
4487,1790556446.169328928,95.441138,54933,0,19.126984,4.436271,71.633597,0.065427,0.114680,0.064179
4488,1790556446.269571304,96.217738,54992,0,19.249265,4.410911,72.302230,0.073078,0.114668,0.067586
4489,1790556446.469983578,99.622747,54948,0,19.119648,4.438230,75.698076,0.119887,0.163224,0.083682
4490,1790556446.570146322,103.714600,54952,0,19.553656,8.377507,75.037239,0.104349,0.592059,0.049790
4491,1790556446.670368910,98.858083,54906,0,19.724972,5.456558,73.339242,0.097619,0.184473,0.055219
4492,1790556446.770516157,99.002668,54980,0,20.481135,4.349348,73.845991,0.096573,0.161748,0.067873
4493,1790556446.870741606,103.484465,54975,0,20.213161,4.105455,78.859921,0.097398,0.159974,0.048556
4494,1790556446.970960379,104.668855,55003,0,20.607914,7.529002,76.280427,0.084753,0.120849,0.045910
4495,1790556447.071126938,97.713049,54937,0,20.393745,4.782790,72.294985,0.078030,0.117996,0.045503
4496,1790556447.171355247,96.714381,54954,0,20.589631,4.317326,71.575355,0.065385,0.123526,0.043158
4497,1790556447.371690750,95.493103,54917,0,19.256090,4.872466,71.021751,0.128097,0.154880,0.059819
4498,1790556447.572123051,100.090015,54933,0,19.040699,4.275491,76.487947,0.082247,0.160365,0.043266
4499,1790556447.672304630,103.990304,54959,0,19.772925,7.734445,76.192939,0.070906,0.158615,0.060474
4500,1790556447.772479296,97.759753,54967,0,19.547348,5.912293,71.399392,0.152347,0.693710,0.054663
4501,1790556447.872705221,96.358195,54954,0,19.472906,4.658970,72.006092,0.069139,0.107702,0.043386
4502,1790556448.073123217,93.361100,54952,0,19.392679,5.048631,68.659202,0.066813,0.136528,0.057247
4503,1790556448.173312426,93.778853,54994,0,19.680792,4.247247,69.544927,0.076731,0.161811,0.067345
4504,1790556448.273484468,102.635723,54962,0,19.500611,4.246998,78.596499,0.072244,0.137220,0.082151
4505,1790556448.373707533,99.733339,54928,0,19.627895,6.376169,73.369402,0.104138,0.179208,0.076527
4506,1790556448.473883390,96.818147,54933,0,19.620333,5.664127,71.292675,0.073473,0.119729,0.047810
4507,1790556448.574048758,95.850598,54974,0,19.295792,4.222085,71.948215,0.159485,0.170640,0.054381
4508,1790556448.674291134,95.720438,54901,0,19.392166,3.962534,72.139190,0.067660,0.106441,0.052447
4509,1790556448.774473906,104.806454,54881,0,19.380465,4.071688,81.141957,0.067056,0.100827,0.044461
4510,1790556448.874698639,99.081029,54927,0,19.246201,6.610272,72.503132,0.082191,0.581589,0.057644
4511,1790556448.974890709,96.358703,54924,0,19.200595,5.144232,71.715815,0.099755,0.146461,0.051845
4512,1790556449.075090647,93.143666,54928,0,19.780015,4.449580,68.669078,0.071812,0.126414,0.046767
4513,1790556449.275489569,105.453145,54885,0,19.827578,7.325837,78.040574,0.069916,0.142823,0.046417
4514,1790556449.475848198,100.037213,54979,0,18.366052,7.140195,74.108620,0.080903,0.268392,0.073051
4515,1790556449.576048374,100.911289,54982,0,19.017805,7.514547,74.075257,0.083059,0.175398,0.045223
4516,1790556449.676235199,100.109243,54949,0,19.279811,6.844224,73.717224,0.067681,0.127854,0.072449
4517,1790556449.776431561,97.780787,54907,0,19.303937,6.062336,72.094161,0.114765,0.159161,0.046427
4518,1790556449.976865053,99.159194,54938,0,18.789754,4.291822,75.475022,0.196005,0.323965,0.082626
4519,1790556450.077061892,104.490343,54956,0,19.657969,7.608753,76.904034,0.069384,0.200741,0.049462
4520,1790556450.177213430,96.809308,54934,0,19.485651,5.523150,71.048605,0.077388,0.632417,0.042097
4521,1790556450.277619362,99.448782,55007,0,19.800374,7.558891,71.872906,0.067336,0.106918,0.042357
4522,1790556450.377642393,96.130260,54937,0,19.598644,5.067412,71.112461,0.094843,0.192215,0.064685
4523,1790556450.477775574,94.220228,54941,0,19.895831,4.912016,69.178943,0.073263,0.113617,0.046558
4524,1790556450.578002691,100.207421,54942,0,20.096293,4.875111,74.995160,0.087881,0.110185,0.042791
4525,1790556450.678230524,105.738969,54931,0,19.810692,8.388028,77.255526,0.095455,0.122983,0.066285
4526,1790556450.778406858,96.231436,54922,0,19.071443,5.679948,71.233229,0.073767,0.115191,0.057858
4527,1790556450.878616810,95.660407,54908,0,19.142683,5.015210,71.274527,0.064813,0.120849,0.042325
4528,1790556450.978807449,96.086706,54956,0,19.448073,4.975505,71.298300,0.134061,0.172530,0.058237
4529,1790556451.078984737,93.285405,54978,0,19.842280,4.657871,68.510884,0.091195,0.138615,0.044560
4530,1790556451.179178715,100.067966,54921,0,18.959847,3.994870,76.472004,0.089750,0.507664,0.043831
4531,1790556451.279406071,103.922004,54984,0,19.308237,8.719467,75.655948,0.070449,0.123406,0.044497
4532,1790556451.379606009,97.013558,54963,0,19.136098,6.102679,71.496258,0.084862,0.128801,0.064860
4533,1790556451.479785442,98.544032,54924,0,19.563845,6.186280,72.544571,0.080647,0.126344,0.042345
4534,1790556451.580023527,95.152003,54972,0,19.164213,4.615041,70.960035,0.125305,0.209683,0.077726
4535,1790556451.780382156,95.054717,54976,0,18.739494,4.118765,71.937638,0.083238,0.121368,0.054214
4536,1790556451.880650520,98.449241,54931,0,19.474047,4.668045,74.069054,0.084522,0.108564,0.045009
4537,1790556451.980790615,103.502588,54920,0,19.069649,7.907452,76.235555,0.114774,0.111199,0.063959
4538,1790556452.080934048,98.093726,54987,0,19.102937,6.340855,72.319190,0.087143,0.159590,0.084011
4539,1790556452.181147814,95.839780,54951,0,19.318341,5.048548,70.978381,0.114988,0.270362,0.109160
4540,1790556452.281309605,94.279242,54909,0,19.364828,4.735785,69.490059,0.066097,0.538332,0.084141
4541,1790556452.381567478,102.091097,54953,0,19.847261,5.237757,76.752533,0.075326,0.119169,0.059051
4542,1790556452.481771708,108.620547,55022,0,20.744490,8.573142,79.040916,0.069090,0.150082,0.042827
4543,1790556452.581958294,98.815972,54932,0,20.068364,6.178897,72.335467,0.070066,0.118569,0.044609
4544,1790556452.682140827,98.291983,54953,0,20.320676,4.867960,72.833487,0.086900,0.134408,0.048552
4545,1790556452.782346249,96.781396,54976,0,20.287359,4.992726,71.251505,0.082399,0.118707,0.048700
4546,1790556452.882540464,100.896575,54950,0,20.425395,4.912828,75.286826,0.076552,0.147256,0.047718
4547,1790556452.982759953,107.610630,54953,0,21.006195,8.505373,77.802321,0.075485,0.153972,0.067284
4548,1790556453.082933903,99.742759,54922,0,20.895199,6.045723,72.503224,0.085568,0.164091,0.048954
4549,1790556453.183149099,97.335171,54972,0,21.574123,4.523267,70.959769,0.078974,0.123200,0.075838
