frame_index,msg_stamp,total_ms,input_count,output_count,parse_ms,csv_det_ms,ego_ms,track_ms,csv_track_ms,observation_ms,association_ms,history_ms,markers_ms
6,1790555937.367420435,2.398440,0,0,0.008646,0.000489,0.059235,2.187754,0.008238,0.013990,2.173764,0.002625,0.051921
7,1790555937.467628479,2.445209,0,0,0.006927,0.000289,0.049388,2.259981,0.005983,0.011276,2.248705,0.002287,0.058347
8,1790555937.567802429,2.548737,0,0,0.006098,0.000357,0.049130,2.391479,0.006197,0.011813,2.379666,0.002036,0.044227
9,1790555937.668014288,2.618663,0,0,0.009002,0.000425,0.067555,2.414478,0.009832,0.017245,2.397233,0.002771,0.048673
10,1790555937.768205166,2.441309,0,0,0.008679,0.000359,0.065723,2.223028,0.006512,0.011234,2.211794,0.002270,0.045854
11,1790555937.868398666,2.638447,0,0,0.006306,0.000440,0.059048,2.380662,0.019237,0.011882,2.368780,0.002334,0.072647
12,1790555937.968641996,3.217903,0,0,0.006272,0.000317,0.049177,2.962686,0.007630,0.016016,2.946670,0.002931,0.083740
13,1790555938.068813324,2.921649,0,0,0.009781,0.000464,0.069036,2.707172,0.007616,0.015315,2.691857,0.002662,0.049305
14,1790555938.169017553,2.675423,0,0,0.013383,0.000451,0.090220,2.446135,0.007760,0.013031,2.433104,0.002547,0.048945
15,1790555938.269178391,2.634989,0,0,0.007988,0.000474,0.052231,2.343623,0.012672,0.035209,2.308414,0.003626,0.088267
16,1790555938.369368553,2.238594,0,0,0.007101,0.000558,0.050864,2.052551,0.006364,0.012123,2.040428,0.002457,0.059084
17,1790555938.469633818,2.874539,0,0,0.018135,0.000892,0.110684,2.571942,0.010591,0.018602,2.553340,0.003525,0.063022
18,1790555938.569808483,2.869653,0,0,0.014477,0.000512,0.087878,2.624932,0.006906,0.014007,2.610925,0.002598,0.062819
19,1790555938.669982433,2.579621,0,0,0.009325,0.000412,0.072831,2.279185,0.006557,0.013964,2.265221,0.002830,0.098684
20,1790555938.770207882,2.475684,0,0,0.007632,0.000352,0.068520,2.278425,0.006920,0.012693,2.265732,0.002596,0.053058
21,1790555938.870398283,3.241324,0,0,0.017314,0.000860,0.078416,3.006610,0.007714,0.015564,2.991046,0.003281,0.048125
22,1790555938.970716476,2.762161,0,0,0.005815,0.000300,0.051198,2.540109,0.007613,0.015686,2.524423,0.003610,0.065037
23,1790555939.070808411,2.276584,0,0,0.008676,0.000366,0.054137,2.050052,0.006231,0.012576,2.037476,0.002806,0.071748
24,1790555939.271155596,2.486780,0,0,0.006405,0.000313,0.050102,2.305720,0.007429,0.013144,2.292576,0.002617,0.048585
25,1790555939.471571922,2.261989,0,0,0.008470,0.000438,0.053216,2.071783,0.006956,0.013295,2.058488,0.002630,0.047082
26,1790555939.772170544,2.598510,0,0,0.005531,0.000447,0.046390,2.414623,0.007241,0.015442,2.399181,0.002478,0.048904
27,1790555939.872344732,2.526740,0,0,0.009097,0.000456,0.061776,2.297617,0.007464,0.015069,2.282548,0.002782,0.076039
28,1790555939.972517967,2.576119,0,0,0.017315,0.000580,0.069108,2.382052,0.006181,0.012155,2.369897,0.002077,0.047261
29,1790555940.072717428,2.788301,0,0,0.007490,0.000820,0.075578,2.546177,0.008129,0.015749,2.530428,0.003358,0.056789
30,1790555940.172931671,2.895876,0,0,0.010099,0.000413,0.098393,2.654293,0.006813,0.014429,2.639864,0.002301,0.050207
31,1790555940.273160934,3.168077,0,0,0.010174,0.000469,0.066880,2.944240,0.007442,0.030343,2.913897,0.002787,0.052159
32,1790555940.373328447,2.434842,0,0,0.010030,0.000470,0.053214,2.241239,0.006958,0.014206,2.227033,0.002278,0.047851
33,1790555940.473546028,3.551596,0,0,0.010050,0.000479,0.074846,3.322577,0.007547,0.055578,3.266999,0.002807,0.050018
34,1790555940.573721170,2.948860,0,0,0.007128,0.000374,0.051010,2.673845,0.008546,0.020201,2.653644,0.003274,0.076333
35,1790555940.673945427,3.316097,0,0,0.014691,0.000946,0.105767,3.045831,0.008148,0.014506,3.031325,0.002533,0.050956
36,1790555940.774116755,2.406034,0,0,0.006608,0.000320,0.048877,2.222585,0.007483,0.014391,2.208194,0.002253,0.050859
37,1790555940.874310732,2.285994,0,0,0.008503,0.000500,0.058351,2.072895,0.007279,0.029596,2.043299,0.002248,0.046167
38,1790555940.974496841,2.711545,0,0,0.005692,0.000399,0.065701,2.456675,0.007331,0.013681,2.442994,0.002627,0.080617
39,1790555941.074701786,2.831129,0,0,0.008349,0.000364,0.051929,2.540795,0.016325,0.026565,2.514230,0.005019,0.076095
40,1790555941.174924850,2.485348,0,0,0.010970,0.000540,0.056152,2.272941,0.009153,0.013358,2.259583,0.002828,0.055260
41,1790555941.275121689,2.933899,0,0,0.006634,0.000426,0.067020,2.738367,0.008561,0.015594,2.722773,0.002619,0.045164
42,1790555941.375312328,2.722205,0,0,0.005677,0.000303,0.048310,2.535066,0.007244,0.014419,2.520647,0.002551,0.051259
43,1790555941.475480556,2.502603,0,0,0.013550,0.000531,0.085433,2.268167,0.007217,0.016003,2.252164,0.002748,0.048871
44,1790555941.575708866,2.488491,0,0,0.010273,0.000364,0.060661,2.263045,0.008265,0.015070,2.247975,0.003059,0.055106
45,1790555941.675890207,2.824044,0,0,0.014551,0.000493,0.138469,2.482066,0.007369,0.014138,2.467928,0.002799,0.079386
46,1790555941.776071787,2.748612,0,0,0.009545,0.000424,0.052843,2.542729,0.007746,0.015734,2.526995,0.003366,0.053404
47,1790555941.876270294,2.651476,0,0,0.011300,0.000504,0.053067,2.457575,0.007053,0.015142,2.442433,0.002485,0.050667
48,1790555941.976497173,2.700016,0,0,0.006815,0.000440,0.049217,2.498430,0.007051,0.014714,2.483716,0.002950,0.047181
49,1790555942.076698542,2.693831,0,0,0.006855,0.000450,0.052161,2.424491,0.008436,0.018747,2.405744,0.003329,0.076478
50,1790555942.277092934,2.485506,0,0,0.011942,0.000390,0.065923,2.285538,0.007102,0.015722,2.269816,0.002726,0.048053
51,1790555942.377227545,3.015995,0,0,0.008403,0.000411,0.052629,2.808696,0.007047,0.014945,2.793751,0.003067,0.053440
52,1790555942.477483511,2.927950,0,0,0.009551,0.000871,0.058399,2.710865,0.007567,0.015393,2.695472,0.003016,0.049355
53,1790555942.577669621,2.578904,0,0,0.015532,0.000502,0.090491,2.302963,0.008250,0.016389,2.286574,0.003357,0.053292
54,1790555942.677850485,2.830110,0,0,0.005833,0.000334,0.048271,2.604358,0.007277,0.013468,2.590890,0.002669,0.077954
55,1790555942.778053045,2.577073,0,0,0.006737,0.000756,0.050734,2.407231,0.006409,0.013347,2.393884,0.002550,0.046928
56,1790555942.878243923,3.667284,0,0,0.011920,0.000449,0.075906,3.431481,0.008256,0.015662,3.415819,0.003395,0.051982
57,1790555942.978408337,2.707950,0,0,0.012833,0.000683,0.083055,2.445887,0.006712,0.013142,2.432745,0.002596,0.051612
58,1790555943.078634024,2.207313,0,0,0.010452,0.000424,0.058506,2.020901,0.007349,0.011884,2.009017,0.002538,0.047283
59,1790555943.279056787,2.907898,0,0,0.008229,0.000650,0.054685,2.701686,0.010797,0.014172,2.687514,0.003687,0.055216
60,1790555943.379252434,2.771874,0,0,0.007301,0.000697,0.051068,2.495305,0.009460,0.020221,2.475084,0.002945,0.090919
61,1790555943.479392290,2.511430,0,0,0.010759,0.000372,0.064975,2.314665,0.007194,0.013522,2.301143,0.002817,0.047993
62,1790555943.579655647,2.848322,0,0,0.008921,0.000832,0.072674,2.631937,0.007258,0.015670,2.616267,0.002856,0.047349
63,1790555943.679839849,2.522998,0,0,0.006271,0.000364,0.054612,2.309980,0.006131,0.011336,2.298644,0.002747,0.062842
64,1790555943.780023336,2.753744,0,0,0.008013,0.000388,0.079609,2.544215,0.007294,0.013789,2.530426,0.002534,0.047567
65,1790555943.880216837,2.715637,0,0,0.011269,0.000419,0.081105,2.461172,0.007072,0.012370,2.448802,0.017060,0.046899
66,1790555943.980403423,2.899278,0,0,0.012548,0.000496,0.073451,2.676630,0.007346,0.013467,2.663163,0.002191,0.065888
67,1790555944.080616951,3.101481,0,0,0.010545,0.000469,0.064241,2.852985,0.006966,0.015096,2.837889,0.002628,0.048998
68,1790555944.180852413,2.682851,0,0,0.006399,0.000455,0.082071,2.443205,0.007127,0.012814,2.430391,0.002457,0.072455
69,1790555944.281038761,2.433375,0,0,0.010649,0.000388,0.062918,2.219476,0.006662,0.011953,2.207523,0.002476,0.061956
70,1790555944.381314993,3.151801,0,0,0.010131,0.000803,0.081702,2.903320,0.006737,0.013525,2.889795,0.002171,0.079216
71,1790555944.481393814,2.537476,0,0,0.006478,0.000603,0.047367,2.357579,0.005420,0.011682,2.345897,0.002356,0.067768
72,1790555944.581582308,2.566489,0,0,0.007099,0.000344,0.048195,2.359840,0.006681,0.013152,2.346688,0.002472,0.074763
73,1790555944.681777239,2.399153,0,0,0.009182,0.000546,0.058992,2.200479,0.005839,0.011330,2.189149,0.002644,0.046187
74,1790555944.781981230,2.608293,0,0,0.006229,0.000341,0.049349,2.429360,0.006800,0.012021,2.417339,0.002437,0.044918
75,1790555944.882180691,3.086152,0,0,0.008971,0.000463,0.070234,2.862058,0.007574,0.014580,2.847478,0.002621,0.054961
76,1790555944.982381344,2.874978,0,0,0.006767,0.000365,0.049694,2.657646,0.006819,0.012556,2.645090,0.002269,0.076582
77,1790555945.082563162,2.620892,0,0,0.007471,0.000271,0.049932,2.456910,0.006280,0.011798,2.445112,0.002203,0.046364
78,1790555945.182815313,2.644684,0,0,0.006299,0.000357,0.073812,2.431366,0.007344,0.013663,2.417703,0.003163,0.054293
79,1790555945.282961369,2.496291,0,0,0.011172,0.000606,0.101987,2.270353,0.006519,0.012796,2.257557,0.002162,0.046333
80,1790555945.383153915,2.338413,0,0,0.008878,0.000424,0.087183,2.050733,0.005498,0.011497,2.039236,0.002467,0.094111
81,1790555945.583599329,2.768725,0,0,0.006744,0.000410,0.049565,2.558962,0.007633,0.028492,2.530470,0.002686,0.084701
82,1790555945.683793783,2.520483,0,0,0.007063,0.000640,0.049246,2.287072,0.006529,0.013179,2.273893,0.002278,0.105411
83,1790555945.783942938,2.759050,0,0,0.006702,0.000490,0.052725,2.545391,0.010981,0.031103,2.514288,0.002849,0.060105
84,1790555945.884199858,2.474172,0,0,0.006563,0.000363,0.064422,2.293653,0.006277,0.012401,2.281252,0.002752,0.045553
85,1790555945.984347582,2.918858,0,0,0.022110,0.000662,0.080624,2.656413,0.020460,0.013633,2.642780,0.002234,0.049809
86,1790555946.084507704,2.661054,0,0,0.006008,0.000306,0.047937,2.454706,0.009738,0.013302,2.441404,0.003328,0.062552
87,1790555946.184740305,2.502964,0,0,0.006715,0.000346,0.049704,2.338827,0.005896,0.013430,2.325397,0.002701,0.044415
88,1790555946.284958124,2.540075,0,0,0.021760,0.000414,0.064937,2.324922,0.006971,0.013487,2.311435,0.002667,0.049021
89,1790555946.385117292,2.126049,0,0,0.009227,0.000488,0.055683,1.960737,0.005455,0.012610,1.948127,0.002238,0.043724
90,1790555946.585518599,2.337893,0,0,0.013731,0.000478,0.081172,2.141318,0.005843,0.011312,2.130006,0.002110,0.043795
91,1790555946.685711861,2.498143,0,0,0.008017,0.000415,0.066605,2.306492,0.006865,0.012598,2.293894,0.002399,0.048444
92,1790555946.785885811,2.356595,0,0,0.006055,0.000641,0.047626,2.162878,0.009470,0.015645,2.147233,0.003200,0.057591
93,1790555946.986291170,2.262606,0,0,0.010010,0.000379,0.054443,2.063769,0.006888,0.013669,2.050100,0.002467,0.063949
94,1790555947.186703682,2.271582,0,0,0.005910,0.000420,0.054266,2.056490,0.019863,0.014744,2.041746,0.002993,0.057503
95,1790555947.286869049,2.448769,0,0,0.008882,0.000416,0.068661,2.265722,0.006070,0.012628,2.253094,0.002549,0.044955
96,1790555947.387095451,2.395937,0,0,0.006540,0.000557,0.077899,2.154107,0.006476,0.012162,2.141945,0.002340,0.073033
97,1790555947.587537050,2.607934,0,0,0.009683,0.000748,0.059104,2.408788,0.007037,0.013056,2.395732,0.002538,0.046874
98,1790555947.687675953,2.331000,0,0,0.012549,0.000640,0.078233,2.122255,0.006856,0.014900,2.107355,0.002483,0.046517
99,1790555947.787879944,2.805198,0,0,0.005502,0.000694,0.048666,2.613243,0.007893,0.015572,2.597671,0.002575,0.049578
100,1790555947.888081551,2.827668,0,0,0.008757,0.000370,0.053130,2.628808,0.006875,0.015180,2.613628,0.003483,0.049315
101,1790555947.988245726,2.912225,0,0,0.008224,0.000338,0.053321,2.712913,0.006900,0.028049,2.684864,0.002247,0.062417
102,1790555948.088480234,2.907636,0,0,0.011843,0.000410,0.085577,2.548102,0.010807,0.016760,2.531342,0.003931,0.109573
103,1790555948.188674450,2.506569,0,0,0.007476,0.000499,0.049702,2.337946,0.006406,0.011514,2.326432,0.002942,0.046684
104,1790555948.288908005,2.760544,0,0,0.013131,0.000496,0.143479,2.476410,0.007392,0.015575,2.460835,0.002701,0.048391
105,1790555948.389056921,2.722016,0,0,0.008387,0.000433,0.052651,2.519526,0.006939,0.013425,2.506101,0.018550,0.050579
106,1790555948.489284754,2.299472,0,0,0.007704,0.000320,0.050865,2.015476,0.007010,0.012791,2.002685,0.002440,0.134757
107,1790555948.689691067,2.190808,0,0,0.012112,0.000433,0.059670,1.985421,0.006262,0.011814,1.973607,0.002275,0.046389
108,1790555948.789853096,2.776260,0,0,0.009952,0.000395,0.060432,2.582126,0.006553,0.014178,2.567948,0.002367,0.048102
109,1790555948.890043736,2.545220,0,0,0.006712,0.000372,0.050898,2.298855,0.010917,0.017833,2.281022,0.005199,0.070031
110,1790555948.990243912,2.839733,0,0,0.009134,0.000403,0.055248,2.643647,0.007226,0.015889,2.627758,0.002610,0.048244
111,1790555949.094902039,2.728166,0,0,0.008245,0.000481,0.088052,2.435065,0.011963,0.019420,2.415645,0.005049,0.074591
112,1790555949.195119381,3.012839,0,0,0.007296,0.000371,0.049412,2.821095,0.007294,0.015521,2.805574,0.002184,0.046667
113,1790555949.295302868,2.439859,0,0,0.014100,0.000886,0.067537,2.217427,0.007165,0.012264,2.205163,0.006688,0.046900
114,1790555949.395496130,2.819168,0,0,0.008367,0.000425,0.058291,2.620514,0.007651,0.013881,2.606633,0.003136,0.052310
115,1790555949.495691776,2.398562,0,0,0.005369,0.000269,0.047501,2.205656,0.009158,0.014911,2.190745,0.003295,0.056570
116,1790555949.595894337,2.572328,0,0,0.009942,0.000313,0.064364,2.371581,0.006669,0.013352,2.358229,0.002260,0.056242
117,1790555949.696090460,2.643321,0,0,0.021666,0.000377,0.049088,2.359398,0.023665,0.013731,2.345667,0.003162,0.061125
118,1790555949.796250820,2.484503,0,0,0.010226,0.000481,0.055122,2.290300,0.006705,0.014938,2.275362,0.002469,0.047613
119,1790555949.896497726,2.563109,0,0,0.009514,0.000469,0.092936,2.320222,0.006531,0.017507,2.302715,0.002428,0.058740
120,1790555949.996681929,2.272800,0,0,0.013753,0.000849,0.073292,2.074214,0.005518,0.012070,2.062144,0.002478,0.047367
121,1790555950.096847057,2.795148,0,0,0.006436,0.000363,0.048807,2.610695,0.006674,0.013169,2.597526,0.016008,0.044384
122,1790555950.197065115,2.409125,0,0,0.008336,0.000432,0.049474,2.175817,0.010385,0.016556,2.159261,0.003650,0.072391
123,1790555950.297264099,2.490964,0,0,0.006941,0.000383,0.051841,2.289005,0.007820,0.015753,2.273252,0.002627,0.055940
124,1790555950.397460938,3.176843,0,0,0.007830,0.000431,0.074598,2.945581,0.007741,0.013184,2.932397,0.002392,0.057007
125,1790555950.497630119,2.690601,0,0,0.007690,0.000345,0.145588,2.418036,0.006852,0.013848,2.404188,0.002647,0.046658
126,1790555950.597857952,2.730722,0,0,0.009813,0.000514,0.058572,2.544637,0.006582,0.012848,2.531789,0.002916,0.047715
127,1790555950.698023319,3.497504,0,0,0.010928,0.000739,0.067880,3.156793,0.020922,0.027102,3.129691,0.004935,0.080240
128,1790555950.798248291,2.332468,0,0,0.005540,0.000379,0.046250,2.165008,0.005669,0.013646,2.151362,0.002214,0.043249
129,1790555950.898418665,2.198548,0,0,0.008051,0.000448,0.051707,2.007785,0.006193,0.011814,1.995971,0.002450,0.069343
130,1790555951.098877192,2.901867,0,0,0.011320,0.000487,0.064097,2.683258,0.007751,0.017572,2.665686,0.002470,0.050673
131,1790555951.299236536,2.409451,0,0,0.006207,0.000493,0.049620,2.231886,0.006116,0.011793,2.220093,0.002033,0.058586
132,1790555951.399402142,2.763181,0,0,0.010375,0.000446,0.065871,2.557356,0.006743,0.012494,2.544862,0.002235,0.053770
133,1790555951.499643326,2.713556,0,0,0.007400,0.000436,0.075029,2.504907,0.006038,0.011911,2.492996,0.002399,0.062537
134,1790555951.599827051,2.507087,0,0,0.009275,0.000293,0.076625,2.320886,0.006410,0.012478,2.308408,0.002514,0.042113
135,1790555951.700027227,2.492106,0,0,0.006226,0.000385,0.048064,2.331979,0.005714,0.010935,2.321044,0.002433,0.043532
136,1790555951.800225496,2.861330,0,0,0.009243,0.000432,0.048936,2.668376,0.007071,0.012724,2.655652,0.002436,0.049465
137,1790555951.900439978,2.701298,0,0,0.006729,0.000403,0.051013,2.462874,0.022129,0.012116,2.450758,0.003036,0.057284
138,1790555952.000581264,2.110146,0,0,0.008564,0.000445,0.060865,1.925822,0.006734,0.014135,1.911687,0.002592,0.045566
139,1790555952.201128244,2.487989,0,0,0.007219,0.000410,0.050099,2.320056,0.006490,0.012049,2.308007,0.002190,0.047454
140,1790555952.301225185,2.955555,0,0,0.009630,0.000726,0.081823,2.728483,0.006846,0.014349,2.714134,0.002300,0.052767
141,1790555952.401371956,2.835846,0,0,0.009272,0.000519,0.055655,2.624203,0.007884,0.014198,2.610005,0.002933,0.055275
142,1790555952.501588583,2.579566,0,0,0.009183,0.000361,0.055300,2.379583,0.005715,0.012014,2.367569,0.002328,0.044370
143,1790555952.601814270,2.575057,0,0,0.007967,0.000426,0.050638,2.416345,0.006374,0.011291,2.405054,0.002112,0.042081
144,1790555952.701993942,2.884348,0,0,0.009325,0.000533,0.057022,2.607877,0.010037,0.015902,2.591975,0.004065,0.073068
145,1790555952.802187920,2.667330,0,0,0.009465,0.000420,0.053173,2.444172,0.010301,0.017756,2.426416,0.002899,0.058345
146,1790555952.902354479,2.690884,0,0,0.008720,0.000443,0.058861,2.485955,0.007233,0.014144,2.471811,0.003094,0.053378
147,1790555953.002566099,2.356267,0,0,0.007628,0.000408,0.053219,2.174730,0.006498,0.028166,2.146564,0.003274,0.052232
148,1790555953.203010321,2.149987,0,0,0.009135,0.000373,0.064728,1.954238,0.006623,0.014096,1.940142,0.002538,0.045830
149,1790555953.303204536,3.089808,0,0,0.014177,0.000502,0.062906,2.815400,0.011413,0.023743,2.791657,0.003826,0.066673
150,1790555953.403383255,2.736952,0,0,0.008369,0.000561,0.053036,2.526942,0.007124,0.015042,2.511900,0.002402,0.047781
151,1790555953.503562450,2.656737,0,0,0.013297,0.000473,0.066139,2.423563,0.007244,0.014815,2.408748,0.002868,0.060315
152,1790555953.603761196,2.677450,0,0,0.010571,0.000460,0.055804,2.477538,0.020654,0.014697,2.462841,0.002218,0.048224
153,1790555953.703997135,3.028146,0,0,0.013236,0.000805,0.123209,2.752871,0.009106,0.035051,2.717820,0.002718,0.048878
154,1790555953.804159641,2.886282,0,0,0.008548,0.000503,0.088280,2.637936,0.021107,0.029300,2.608636,0.002392,0.061455
155,1790555953.904348373,2.434343,0,0,0.009019,0.000376,0.054094,2.220899,0.008831,0.016625,2.204274,0.006564,0.046493
156,1790555954.004582882,2.390275,0,0,0.009277,0.000447,0.081089,2.183892,0.006696,0.013284,2.170608,0.002705,0.049205
157,1790555954.104775667,3.141867,0,0,0.012647,0.000480,0.062881,2.896396,0.007846,0.014858,2.881538,0.018809,0.047352
158,1790555954.204943180,2.694359,0,0,0.006022,0.000518,0.049836,2.522098,0.006580,0.013229,2.508869,0.002698,0.047006
159,1790555954.305151939,2.379834,0,0,0.010085,0.000425,0.057463,2.175976,0.007597,0.014830,2.161146,0.002920,0.050013
160,1790555954.505511761,2.196314,0,0,0.006531,0.000727,0.052202,2.027159,0.005980,0.010977,2.016182,0.015514,0.041957
161,1790555954.605735779,2.866741,0,0,0.008249,0.000422,0.056552,2.658336,0.006970,0.013539,2.644797,0.003061,0.048436
162,1790555954.705899477,2.359392,0,0,0.010691,0.000454,0.056005,2.151895,0.010750,0.016950,2.134945,0.003344,0.054093
163,1790555954.906352043,2.292095,0,0,0.005514,0.000317,0.055049,2.136820,0.006142,0.010472,2.126348,0.002082,0.041994
164,1790555955.006525040,2.520537,0,0,0.006005,0.000349,0.064436,2.299681,0.006982,0.012402,2.287279,0.002217,0.051181
165,1790555955.106709957,2.692874,0,0,0.009339,0.000397,0.056823,2.495780,0.007205,0.014873,2.480907,0.002526,0.051194
166,1790555955.206910372,2.641275,0,0,0.007126,0.000464,0.054519,2.471779,0.006551,0.025390,2.446389,0.002399,0.044153
167,1790555955.307107925,2.748713,0,0,0.007969,0.000370,0.051321,2.513982,0.009446,0.015964,2.498018,0.002814,0.062934
168,1790555955.407296419,2.826968,0,0,0.010904,0.014251,0.069043,2.594394,0.007997,0.016148,2.578246,0.002835,0.050635
169,1790555955.507496357,2.761430,0,0,0.010453,0.000533,0.079011,2.495149,0.005910,0.012182,2.482967,0.005049,0.047602
170,1790555955.707927704,2.205545,0,0,0.007068,0.000731,0.051650,2.048962,0.005343,0.010045,2.038917,0.002342,0.042774
171,1790555955.808090210,2.339379,0,0,0.008825,0.000429,0.053435,2.125361,0.011270,0.013817,2.111544,0.002837,0.050467
172,1790555956.008454800,2.509389,0,0,0.007834,0.000435,0.051296,2.119687,0.011484,0.021273,2.098414,0.003857,0.127364
173,1790555956.108710289,2.412521,0,0,0.007389,0.000439,0.051128,2.160923,0.009845,0.013593,2.147330,0.003852,0.078376
174,1790555956.208925009,2.450670,0,0,0.007358,0.000360,0.066506,2.237690,0.007976,0.013945,2.223745,0.002753,0.055055
175,1790555956.309079409,2.741808,0,0,0.005768,0.000416,0.049286,2.551782,0.007309,0.012671,2.539111,0.015857,0.045896
176,1790555956.409290791,2.863323,0,0,0.008990,0.000415,0.077471,2.630248,0.008296,0.018022,2.612226,0.002578,0.052310
177,1790555956.509497643,2.450773,0,0,0.008288,0.000449,0.083227,2.239914,0.006397,0.012248,2.227666,0.002565,0.049480
178,1790555956.609660387,2.561458,0,0,0.014632,0.000693,0.081769,2.317829,0.006231,0.025637,2.292192,0.002664,0.051202
179,1790555956.709854364,3.222186,0,0,0.008936,0.000382,0.116280,2.919609,0.008338,0.015457,2.904152,0.003997,0.061342
180,1790555956.810102940,2.751616,0,0,0.007958,0.000414,0.070445,2.483148,0.022553,0.014656,2.468492,0.002410,0.052596
181,1790555956.910278559,2.543216,0,0,0.009894,0.000462,0.058419,2.337075,0.007391,0.016550,2.320525,0.002578,0.050741
182,1790555957.010456085,2.713650,0,0,0.007480,0.000365,0.083739,2.434613,0.012605,0.019625,2.414988,0.004355,0.066832
183,1790555957.110673428,2.305614,0,0,0.007156,0.000412,0.053358,2.121167,0.007423,0.013161,2.108006,0.002497,0.050026
184,1790555957.210844994,2.580127,0,0,0.008749,0.000420,0.067804,2.337382,0.006725,0.012139,2.325243,0.002355,0.076069
185,1790555957.311066866,2.762875,0,0,0.008824,0.000409,0.052903,2.565205,0.023662,0.012885,2.552320,0.002216,0.045891
186,1790555957.411239386,2.527564,0,0,0.012938,0.000431,0.059129,2.321645,0.007016,0.013452,2.308193,0.002810,0.046481
187,1790555957.611650467,2.130027,0,0,0.009285,0.000376,0.052665,1.946928,0.006462,0.012534,1.934394,0.002228,0.050731
188,1790555957.711832285,2.339210,0,0,0.009292,0.000624,0.052882,2.096375,0.014633,0.016689,2.079686,0.004955,0.066533
189,1790555957.812030315,2.504713,0,0,0.011889,0.000457,0.072426,2.290810,0.008541,0.038043,2.252767,0.002614,0.048343
190,1790555957.912220478,2.565995,0,0,0.009179,0.000479,0.082965,2.296343,0.006806,0.012833,2.283510,0.002148,0.046248
191,1790555958.012421370,2.758717,0,0,0.008489,0.000474,0.077048,2.549477,0.006921,0.021207,2.528270,0.002386,0.052796
192,1790555958.112637281,3.257021,0,0,0.018730,0.000692,0.109526,2.831515,0.017533,0.031599,2.799916,0.006902,0.103036
193,1790555958.313003302,2.873397,0,0,0.008161,0.000452,0.071677,2.628170,0.007527,0.017299,2.610871,0.002723,0.065535
194,1790555958.513406038,2.928048,0,0,0.006296,0.000405,0.063203,2.735987,0.006598,0.013159,2.722828,0.002670,0.046742
195,1790555958.613643169,2.425993,0,0,0.005834,0.000441,0.048327,2.243882,0.006613,0.013393,2.230489,0.003126,0.066589
196,1790555958.813962698,2.942530,0,0,0.012041,0.000557,0.070292,2.683439,0.007691,0.015364,2.668075,0.003258,0.068869
197,1790555958.914184332,2.502011,0,0,0.005628,0.000349,0.050039,2.314820,0.006039,0.011630,2.303190,0.002106,0.071885
198,1790555959.014388800,2.528108,0,0,0.006600,0.000402,0.050202,2.340647,0.006302,0.011714,2.328933,0.002763,0.059873
199,1790555959.114601374,2.931184,0,0,0.020134,0.000403,0.066568,2.686423,0.007645,0.016863,2.669560,0.003609,0.057720
200,1790555959.214774132,3.609217,0,0,0.019036,0.000852,0.143786,3.213026,0.015875,0.024469,3.188557,0.004205,0.077126
201,1790555959.314980268,2.545551,0,0,0.011540,0.000403,0.061763,2.325605,0.006710,0.012521,2.313084,0.002284,0.060584
202,1790555959.415172577,2.533900,0,0,0.006288,0.000321,0.062161,2.347809,0.006066,0.010893,2.336916,0.002533,0.060946
203,1790555959.515367746,2.701185,0,0,0.008850,0.000346,0.059008,2.471576,0.008586,0.015536,2.456040,0.002948,0.056860
204,1790555959.615617514,2.576878,0,0,0.007704,0.000418,0.051062,2.406957,0.005830,0.012244,2.394713,0.002237,0.048089
205,1790555959.715734243,2.431361,0,0,0.005933,0.000371,0.062408,2.258285,0.005713,0.011874,2.246411,0.002753,0.043992
206,1790555959.815961599,4.021378,0,0,0.015790,0.000569,0.125705,3.659745,0.013128,0.026004,3.633741,0.004533,0.076142
207,1790555959.916186810,2.480627,0,0,0.008750,0.000534,0.058225,2.307934,0.006125,0.011308,2.296626,0.002348,0.044502
208,1790555960.016380310,2.765871,0,0,0.008870,0.000443,0.051860,2.539155,0.006859,0.013216,2.525939,0.017945,0.069645
209,1790555960.116541624,2.433334,0,0,0.006726,0.000289,0.049131,2.198533,0.006071,0.012411,2.186122,0.002376,0.056171
210,1790555960.216780663,2.421447,0,0,0.006609,0.000291,0.063409,2.229311,0.006274,0.013585,2.215726,0.002412,0.047848
211,1790555960.316986322,2.326737,0,0,0.007105,0.000334,0.092241,2.093759,0.006552,0.013335,2.080424,0.002523,0.047061
212,1790555960.417131662,3.129352,0,0,0.011790,0.000550,0.100267,2.822620,0.011527,0.016457,2.806163,0.004335,0.079643
213,1790555960.517374992,2.599989,0,0,0.023255,0.000434,0.052061,2.405908,0.007131,0.013553,2.392355,0.002129,0.045474
214,1790555960.617537022,2.540250,0,0,0.006957,0.000280,0.052573,2.355963,0.006521,0.013204,2.342759,0.002782,0.045221
215,1790555960.717726231,3.150258,0,0,0.011302,0.000538,0.072199,2.901913,0.008651,0.015817,2.886096,0.002887,0.067150
216,1790555960.817923069,2.703059,0,0,0.010248,0.000436,0.075453,2.481216,0.008559,0.014905,2.466311,0.003271,0.048935
217,1790555960.918120146,2.913007,0,0,0.012949,0.001212,0.082024,2.658128,0.007151,0.013812,2.644316,0.002807,0.054829
218,1790555961.018316507,2.776591,0,0,0.010051,0.000741,0.065328,2.582243,0.006763,0.017949,2.564294,0.002788,0.046674
219,1790555961.118488789,2.649221,0,0,0.008175,0.000400,0.050754,2.485104,0.006129,0.011701,2.473403,0.002386,0.043090
220,1790555961.218706369,2.345966,0,0,0.007332,0.000363,0.051538,2.173346,0.019381,0.010071,2.163275,0.002020,0.043495
221,1790555961.519302368,2.843873,0,0,0.008503,0.000673,0.063259,2.647216,0.006604,0.014777,2.632439,0.002736,0.046846
222,1790555961.619529724,2.493371,0,0,0.006803,0.000330,0.050406,2.302300,0.006144,0.012726,2.289574,0.002246,0.046025
223,1790555961.719700813,2.506592,0,0,0.008919,0.000724,0.058345,2.267805,0.008196,0.014863,2.252942,0.003052,0.063375
224,1790555961.819896460,2.783160,0,0,0.013318,0.000494,0.080585,2.479290,0.012416,0.024800,2.454490,0.005043,0.057454
225,1790555961.920113802,2.637276,0,0,0.006860,0.000425,0.049346,2.467532,0.007184,0.012302,2.455230,0.002516,0.044005
226,1790555962.020285606,2.464825,0,0,0.006164,0.000394,0.050447,2.280040,0.005805,0.011560,2.268480,0.002457,0.056326
227,1790555962.120491982,2.667355,0,0,0.006577,0.000299,0.050691,2.362748,0.027259,0.020907,2.341841,0.004705,0.075383
228,1790555962.220684052,2.722991,0,0,0.009214,0.000745,0.065526,2.488097,0.007582,0.013685,2.474412,0.002814,0.052985
229,1790555962.320881367,2.705201,0,0,0.012376,0.000570,0.084924,2.465646,0.007101,0.014645,2.451001,0.002623,0.057529
230,1790555962.421075344,2.680304,0,0,0.008715,0.000494,0.063307,2.442441,0.007971,0.014243,2.428198,0.002492,0.056274
231,1790555962.521245480,2.290759,0,0,0.007651,0.000392,0.047500,2.112387,0.007044,0.013144,2.099243,0.003068,0.046057
232,1790555962.621470213,2.656608,0,0,0.009412,0.000270,0.054655,2.429647,0.007688,0.013622,2.416025,0.003243,0.054051
233,1790555962.721688271,3.275969,0,0,0.024765,0.000524,0.099870,3.001916,0.007381,0.014259,2.987657,0.002530,0.047300
234,1790555962.821866035,2.686924,0,0,0.025438,0.000416,0.085540,2.444655,0.006481,0.011624,2.433031,0.002516,0.047512
235,1790555962.922090530,2.860454,0,0,0.025545,0.000595,0.141529,2.509415,0.007390,0.012618,2.496797,0.002557,0.087924
236,1790555963.022283554,2.766077,0,0,0.009254,0.000512,0.071051,2.538000,0.008055,0.016835,2.521165,0.002555,0.058900
237,1790555963.122472763,2.416290,0,0,0.009219,0.000438,0.066884,2.230970,0.006140,0.012083,2.218887,0.002189,0.044442
238,1790555963.222680807,2.480576,0,0,0.008431,0.000741,0.077515,2.282961,0.006519,0.013132,2.269829,0.002525,0.046901
239,1790555963.322870731,3.115715,0,0,0.007756,0.000356,0.051897,2.916262,0.007351,0.015490,2.900772,0.002986,0.048260
240,1790555963.423088551,2.708684,0,0,0.009204,0.000424,0.079746,2.507410,0.006015,0.012814,2.494596,0.002656,0.044211
241,1790555963.523273945,2.492010,0,0,0.007755,0.000439,0.054247,2.310698,0.006049,0.012733,2.297965,0.002755,0.046784
242,1790555963.623457432,2.720677,0,0,0.008911,0.000711,0.090487,2.480967,0.007331,0.019567,2.461400,0.002883,0.055125
243,1790555963.723644018,2.719819,0,0,0.008092,0.000392,0.070604,2.461924,0.010955,0.013969,2.447955,0.002812,0.058198
244,1790555963.823851824,3.326108,0,0,0.007974,0.000360,0.059039,3.096356,0.007685,0.015843,3.080513,0.002689,0.064161
245,1790555963.924058676,3.213992,0,0,0.011397,0.000396,0.064283,2.926964,0.009380,0.017639,2.909325,0.003042,0.090936
246,1790555964.024223089,2.954314,0,0,0.010449,0.000437,0.056672,2.744724,0.007672,0.016686,2.728038,0.002881,0.049624
247,1790555964.124417067,2.636760,0,0,0.008975,0.000373,0.070387,2.387124,0.009773,0.014295,2.372829,0.002773,0.077986
248,1790555964.224652767,2.976568,0,0,0.008837,0.000299,0.059007,2.785762,0.007281,0.013280,2.772482,0.003015,0.047829
249,1790555964.324841261,2.482710,0,0,0.005643,0.000332,0.052482,2.315901,0.007564,0.011466,2.304435,0.002763,0.045924
250,1790555964.425012827,2.576189,0,0,0.008687,0.000517,0.046897,2.400431,0.006031,0.013535,2.386896,0.002705,0.046901
251,1790555964.525228977,3.150275,0,0,0.011805,0.000811,0.056370,2.890553,0.010564,0.019462,2.871091,0.003919,0.069625
252,1790555964.625431299,3.033709,0,0,0.009001,0.000430,0.073752,2.778018,0.011282,0.017864,2.760154,0.003608,0.063529
253,1790555964.725620031,2.720319,0,0,0.008977,0.000463,0.050654,2.486368,0.007667,0.016394,2.469974,0.002768,0.069913
254,1790555964.825796127,2.547383,0,0,0.008294,0.000443,0.066066,2.363701,0.006522,0.012589,2.351112,0.002308,0.046064
255,1790555964.926027298,2.949960,0,0,0.008997,0.000386,0.058342,2.593689,0.016456,0.030787,2.562902,0.006460,0.083337
256,1790555965.026217222,3.307181,0,0,0.013979,0.001100,0.092351,3.066739,0.007302,0.014992,3.051747,0.003275,0.048518
257,1790555965.126413584,2.837488,0,0,0.008314,0.000419,0.061242,2.590412,0.011339,0.025497,2.564915,0.005023,0.050163
258,1790555965.226604939,2.747902,0,0,0.007289,0.000416,0.049731,2.510784,0.009196,0.019688,2.491096,0.003028,0.078085
259,1790555965.326835632,2.525447,0,0,0.007018,0.000391,0.050274,2.334377,0.007104,0.013071,2.321306,0.016708,0.047242
260,1790555965.427004337,2.746450,0,0,0.010284,0.000472,0.078480,2.516460,0.007143,0.015395,2.501065,0.002397,0.050229
261,1790555965.527200937,2.445798,0,0,0.009462,0.000508,0.050129,2.243322,0.008570,0.015979,2.227343,0.003570,0.062205
262,1790555965.627393484,2.315395,0,0,0.008894,0.000433,0.049799,2.118387,0.006803,0.013007,2.105380,0.002681,0.051871
263,1790555965.827791452,2.530627,0,0,0.008752,0.000400,0.052506,2.339876,0.007547,0.014338,2.325538,0.002262,0.049575
264,1790555965.927964687,2.490058,0,0,0.007547,0.000426,0.051099,2.319729,0.006962,0.012998,2.306731,0.002189,0.045718
265,1790555966.028201818,2.205382,0,0,0.008658,0.000356,0.051748,2.037699,0.006096,0.011302,2.026397,0.002878,0.045323
266,1790555966.228587627,2.640898,0,0,0.018015,0.000413,0.078754,2.385528,0.008569,0.018411,2.367117,0.002800,0.059232
267,1790555966.328774691,2.628746,0,0,0.015773,0.000763,0.131104,2.366787,0.005998,0.013231,2.353556,0.002847,0.046282
268,1790555966.428978682,2.242539,0,0,0.008369,0.000426,0.052982,2.038819,0.008962,0.019585,2.019234,0.003137,0.049640
269,1790555966.629422665,2.519787,0,0,0.009578,0.000564,0.065494,2.337207,0.005989,0.010776,2.326431,0.002279,0.044781
270,1790555966.729558706,2.643282,0,0,0.008742,0.000410,0.065481,2.372499,0.007331,0.012746,2.359753,0.017113,0.046301
271,1790555966.829751015,2.495706,0,0,0.007342,0.000452,0.051655,2.333673,0.005952,0.011695,2.321978,0.002419,0.044893
272,1790555966.929942369,2.719474,0,0,0.006707,0.000284,0.080431,2.500527,0.006900,0.014070,2.486457,0.002463,0.048355
273,1790555967.030146599,3.041195,0,0,0.008585,0.000505,0.063870,2.810003,0.016670,0.013762,2.796241,0.002718,0.058802
274,1790555967.130337954,2.639423,0,0,0.009271,0.000346,0.053392,2.436796,0.006537,0.013446,2.423350,0.002315,0.068177
275,1790555967.230554581,2.647246,0,0,0.006700,0.000617,0.050971,2.485228,0.006482,0.011621,2.473607,0.002331,0.045238
276,1790555967.330703020,2.532597,0,0,0.006687,0.000425,0.050727,2.312457,0.006419,0.011077,2.301380,0.002184,0.106474
277,1790555967.430904865,2.961031,0,0,0.009278,0.000787,0.103189,2.693304,0.007621,0.014131,2.679173,0.002753,0.057100
278,1790555967.531127453,2.481958,0,0,0.013488,0.000591,0.083437,2.259301,0.007221,0.015592,2.243709,0.003175,0.050005
279,1790555967.631331682,2.335611,0,0,0.022929,0.000353,0.070671,2.107373,0.007784,0.014246,2.093127,0.002612,0.056560
280,1790555967.831726551,3.143158,0,0,0.010149,0.000316,0.060533,2.867079,0.009177,0.025994,2.841085,0.004605,0.080017
281,1790555967.931902170,2.659434,0,0,0.008378,0.000428,0.051230,2.484090,0.005948,0.011409,2.472681,0.002301,0.058405
282,1790555968.032137156,2.911465,0,0,0.009241,0.000348,0.058097,2.702867,0.009207,0.013167,2.689700,0.002998,0.049122
283,1790555968.132280588,2.845511,0,0,0.008740,0.000442,0.054776,2.650276,0.010533,0.012378,2.637898,0.002612,0.046267
284,1790555968.232474089,2.561253,0,0,0.008789,0.000386,0.048864,2.380916,0.019862,0.012771,2.368145,0.002497,0.044194
285,1790555968.332874298,2.538457,0,0,0.008799,0.000293,0.050918,2.327618,0.006117,0.010738,2.316880,0.002224,0.058924
286,1790555968.432907343,2.892339,0,0,0.007719,0.000385,0.081692,2.650567,0.007825,0.018581,2.631986,0.002612,0.051907
287,1790555968.533087730,2.267123,0,0,0.012701,0.000537,0.055280,2.022180,0.023638,0.014604,2.007576,0.002752,0.085564
288,1790555968.633298159,2.414491,0,0,0.006007,0.000405,0.099375,2.181952,0.007086,0.012765,2.169187,0.002793,0.049542
289,1790555968.733507156,2.656144,0,0,0.007752,0.000336,0.075801,2.446471,0.010322,0.016130,2.430341,0.003566,0.046562
290,1790555968.833698750,3.218595,0,0,0.008230,0.000782,0.068055,2.981158,0.009133,0.015208,2.965950,0.002734,0.065089
291,1790555968.933890104,2.680972,0,0,0.009868,0.000463,0.058863,2.476211,0.016880,0.033889,2.442322,0.003023,0.050465
292,1790555969.034089565,2.165864,0,0,0.008597,0.000405,0.050871,1.992766,0.006554,0.013478,1.979288,0.002434,0.049006
293,1790555969.134314299,2.875186,0,0,0.009522,0.000436,0.050843,2.657058,0.007497,0.039679,2.617379,0.006395,0.057054
294,1790555969.234442711,2.176700,0,0,0.013216,0.001024,0.075986,1.966917,0.007337,0.015621,1.951296,0.002896,0.050009
295,1790555969.334631920,2.661594,0,0,0.010496,0.000431,0.060458,2.458686,0.007583,0.015032,2.443654,0.002806,0.050704
296,1790555969.434853554,2.342946,0,0,0.014325,0.000636,0.065622,2.063354,0.006747,0.013393,2.049961,0.002909,0.065321
297,1790555969.535052061,2.594985,0,0,0.007722,0.000316,0.048135,2.420830,0.006686,0.027042,2.393788,0.002564,0.045047
298,1790555969.635246038,3.079554,0,0,0.022541,0.001013,0.122837,2.681678,0.006666,0.014217,2.667461,0.002449,0.176464
299,1790555969.735452890,2.672962,0,0,0.006328,0.000463,0.047657,2.507197,0.006945,0.011785,2.495412,0.002831,0.047362
300,1790555969.835686445,2.290468,0,0,0.007469,0.000450,0.048975,2.130593,0.005937,0.011194,2.119399,0.002299,0.045140
301,1790555969.935843229,2.782482,0,0,0.006153,0.000393,0.049589,2.613845,0.006042,0.011677,2.602168,0.002395,0.049217
302,1790555970.036046028,2.538490,0,0,0.007524,0.000410,0.051038,2.344157,0.006525,0.012076,2.332081,0.002219,0.067833
303,1790555970.136236429,2.881059,0,0,0.005529,0.000309,0.077754,2.637070,0.007167,0.013575,2.623495,0.002848,0.077827
304,1790555970.236408949,3.081304,0,0,0.008844,0.000417,0.072042,2.865663,0.007877,0.030785,2.834878,0.002541,0.048689
305,1790555970.336645842,2.814460,0,0,0.008875,0.000556,0.094076,2.561746,0.008093,0.015978,2.545768,0.002790,0.054679
306,1790555970.436802626,2.492582,0,0,0.008023,0.000426,0.053015,2.289953,0.007390,0.014153,2.275800,0.002394,0.048045
307,1790555970.537031889,2.372326,0,0,0.006808,0.000299,0.047832,2.144971,0.009891,0.016199,2.128772,0.004388,0.068801
308,1790555970.637247086,3.009664,0,0,0.012345,0.001676,0.110406,2.715397,0.006856,0.013439,2.701958,0.002633,0.062523
309,1790555970.737428188,2.446246,0,0,0.005717,0.000436,0.049975,2.296144,0.005466,0.010819,2.285325,0.002344,0.042128
310,1790555970.837622643,2.939488,0,0,0.011573,0.000633,0.074379,2.643521,0.007127,0.014007,2.629514,0.002568,0.126205
311,1790555970.937805653,2.812674,0,0,0.005767,0.000307,0.069612,2.574263,0.007669,0.015067,2.559196,0.002492,0.054870
312,1790555971.038044691,2.600488,0,0,0.009003,0.000488,0.064884,2.336553,0.010597,0.023052,2.313501,0.003596,0.071321
313,1790555971.138208866,2.678193,0,0,0.008958,0.000406,0.053739,2.496069,0.006571,0.012711,2.483358,0.002296,0.046671
314,1790555971.238410234,2.577583,0,0,0.017075,0.000544,0.087321,2.348350,0.006831,0.026198,2.322152,0.002062,0.046392
315,1790555971.338605404,2.603850,0,0,0.006942,0.000290,0.048450,2.427552,0.006974,0.013809,2.413743,0.002360,0.046922
316,1790555971.438743353,2.623381,0,0,0.009098,0.000772,0.058443,2.437546,0.006962,0.012673,2.424873,0.002626,0.047645
317,1790555971.538976669,2.491895,0,0,0.005674,0.000283,0.048720,2.338671,0.005993,0.010829,2.327842,0.002278,0.042501
318,1790555971.639134884,2.812341,0,0,0.010889,0.000758,0.063586,2.542518,0.008099,0.017774,2.524744,0.003095,0.056032
319,1790555971.739358664,2.791545,0,0,0.006030,0.000378,0.090900,2.545608,0.006863,0.012191,2.533417,0.002516,0.044294
320,1790555971.839576006,2.894395,0,0,0.008995,0.000422,0.062729,2.674190,0.007532,0.014472,2.659718,0.002852,0.049825
321,1790555971.939780235,2.689484,0,0,0.008045,0.000803,0.065567,2.429880,0.008915,0.016533,2.413347,0.003505,0.062662
322,1790555972.039956570,2.690351,0,0,0.007693,0.000392,0.053420,2.502792,0.006734,0.014259,2.488533,0.002410,0.048706
323,1790555972.140145063,2.903813,0,0,0.011630,0.000352,0.076883,2.667289,0.007885,0.017513,2.649776,0.002814,0.051522
324,1790555972.240335464,2.456000,0,0,0.006922,0.000351,0.047951,2.259977,0.009740,0.015577,2.244400,0.003926,0.052574
325,1790555972.340529680,2.454012,0,0,0.006785,0.000675,0.051500,2.281685,0.006160,0.012614,2.269071,0.002642,0.046288
326,1790555972.440770864,2.719023,0,0,0.009460,0.000420,0.068551,2.506261,0.007932,0.013144,2.493117,0.002614,0.046638
327,1790555972.540956020,2.560013,0,0,0.007427,0.000744,0.059477,2.367470,0.006410,0.013827,2.353643,0.002718,0.049178
328,1790555972.641161442,2.462887,0,0,0.005668,0.000345,0.048157,2.291862,0.007156,0.012923,2.278939,0.002524,0.046880
329,1790555972.741321564,2.560003,0,0,0.007520,0.000495,0.048550,2.344997,0.009910,0.015169,2.329828,0.002621,0.057581
330,1790555972.841563225,2.573289,0,0,0.008411,0.000347,0.050978,2.363003,0.007766,0.016352,2.346651,0.002791,0.054284
331,1790555972.941763163,2.531770,0,0,0.022375,0.000674,0.049923,2.341123,0.006904,0.013031,2.328092,0.002465,0.046988
332,1790555973.041916132,3.109556,0,0,0.013130,0.000436,0.083882,2.810324,0.010455,0.020068,2.790256,0.004115,0.079062
333,1790555973.142140627,2.457356,0,0,0.009359,0.000413,0.059724,2.258716,0.006858,0.013337,2.245379,0.002481,0.057615
334,1790555973.242306232,2.748311,0,0,0.012588,0.000590,0.089961,2.510043,0.006991,0.012584,2.497459,0.002167,0.059818
335,1790555973.342501640,2.461624,0,0,0.009356,0.000701,0.053305,2.285356,0.006546,0.012211,2.273145,0.002899,0.049476
336,1790555973.442725182,2.641082,0,0,0.008332,0.000714,0.076668,2.391263,0.010630,0.025567,2.365696,0.003715,0.060286
337,1790555973.542923927,2.543852,0,0,0.010471,0.000464,0.061580,2.347114,0.006590,0.013782,2.333332,0.002698,0.049398
338,1790555973.643124819,2.994848,0,0,0.008284,0.000468,0.052880,2.791017,0.007771,0.015568,2.775449,0.002221,0.054335
339,1790555973.743318796,2.432000,0,0,0.010846,0.000631,0.072148,2.199454,0.008490,0.014113,2.185341,0.003082,0.064495
340,1790555973.843514681,2.991639,0,0,0.011056,0.000651,0.075769,2.766896,0.007178,0.013122,2.753774,0.002893,0.061926
341,1790555973.943709612,2.405920,0,0,0.007879,0.000396,0.051711,2.220223,0.008407,0.012633,2.207590,0.003393,0.049868
342,1790555974.043886423,2.453657,0,0,0.011410,0.000476,0.097670,2.201343,0.008868,0.016109,2.185234,0.002728,0.049888
343,1790555974.244266033,2.628493,0,0,0.007074,0.000305,0.058017,2.390436,0.013245,0.036555,2.353881,0.004581,0.069225
344,1790555974.344469070,2.796481,0,0,0.009893,0.000372,0.056079,2.556596,0.009328,0.015986,2.540610,0.002878,0.065125
345,1790555974.444700718,2.448935,0,0,0.005486,0.000316,0.084663,2.180438,0.006952,0.014252,2.166186,0.002516,0.068699
346,1790555974.645076752,2.340392,0,0,0.009412,0.000754,0.054127,2.145666,0.007085,0.016919,2.128747,0.002747,0.050298
347,1790555974.745279074,2.488307,0,0,0.009575,0.000430,0.054099,2.304456,0.006809,0.020376,2.284080,0.002998,0.048926
348,1790555974.845463991,2.579440,0,0,0.006622,0.000283,0.051265,2.370346,0.006996,0.013671,2.356675,0.002510,0.073112
349,1790555974.945683241,2.260901,0,0,0.007028,0.000381,0.078283,2.064565,0.006814,0.011570,2.052995,0.002769,0.043785
350,1790555975.146062374,2.372691,0,0,0.009325,0.000684,0.055515,2.177947,0.006928,0.013503,2.164444,0.002824,0.054086
351,1790555975.246234894,2.409283,0,0,0.009103,0.000436,0.051063,2.242746,0.006006,0.011105,2.231641,0.002515,0.045075
352,1790555975.346444607,2.634714,0,0,0.006321,0.000362,0.049173,2.471818,0.006444,0.011927,2.459891,0.002231,0.044928
353,1790555975.446629524,2.607169,0,0,0.008941,0.000396,0.049713,2.333142,0.014511,0.022781,2.310361,0.005941,0.074138
354,1790555975.546827793,2.796697,0,0,0.012770,0.000698,0.130386,2.508134,0.010629,0.021629,2.486505,0.004323,0.047332
355,1790555975.647045851,2.926665,0,0,0.006254,0.000309,0.048314,2.661955,0.007603,0.014879,2.647076,0.002784,0.064394
356,1790555975.747226000,2.632308,0,0,0.008510,0.000419,0.051254,2.414940,0.007731,0.012413,2.402527,0.002304,0.066339
357,1790555975.847451448,2.286019,0,0,0.010032,0.000349,0.064860,2.095574,0.006716,0.012467,2.083107,0.002531,0.045627
358,1790555976.148041725,2.525842,0,0,0.014228,0.000584,0.064113,2.213578,0.009164,0.018671,2.194907,0.003273,0.107202
359,1790555976.248227596,2.881883,0,0,0.009367,0.000553,0.064973,2.654800,0.006248,0.012965,2.641835,0.002449,0.046997
360,1790555976.348399162,2.526281,0,0,0.008833,0.000425,0.057714,2.252225,0.008106,0.014946,2.237279,0.018166,0.078442
361,1790555976.448611021,2.652131,0,0,0.010529,0.000439,0.065177,2.381545,0.007105,0.014198,2.367347,0.002350,0.078348
362,1790555976.548793316,2.572494,0,0,0.005901,0.000299,0.051156,2.412844,0.005906,0.011538,2.401306,0.002137,0.044866
363,1790555976.648986816,2.561271,0,0,0.007249,0.000407,0.050506,2.333753,0.009205,0.016858,2.316895,0.002741,0.069625
364,1790555976.749181986,2.769946,0,0,0.006682,0.000267,0.049030,2.574321,0.007166,0.012835,2.561486,0.002664,0.064257
365,1790555976.849393845,2.655660,0,0,0.006965,0.000793,0.062609,2.464445,0.007020,0.012719,2.451726,0.002480,0.046440
366,1790555976.949609518,2.552042,0,0,0.007030,0.000288,0.056022,2.374461,0.006674,0.012054,2.362407,0.002690,0.046828
367,1790555977.049810886,2.542693,0,0,0.008453,0.000480,0.074976,2.323929,0.007721,0.013337,2.310592,0.002820,0.058286
368,1790555977.149967909,2.625257,0,0,0.006400,0.000519,0.049746,2.432164,0.006209,0.013281,2.418883,0.002669,0.050646
369,1790555977.250171185,2.339847,0,0,0.005840,0.000360,0.049327,2.178370,0.006147,0.029147,2.149223,0.002222,0.045154
370,1790555977.350372076,2.573858,0,0,0.007148,0.000734,0.064206,2.360488,0.007720,0.013953,2.346535,0.002710,0.049475
371,1790555977.450608492,2.447852,0,0,0.007047,0.000432,0.056391,2.262304,0.019209,0.031151,2.231153,0.002665,0.046725
372,1790555977.650974035,2.191031,0,0,0.007184,0.000359,0.052487,2.014805,0.006560,0.011945,2.002860,0.002535,0.046958
373,1790555977.851317406,2.515754,0,0,0.019260,0.000473,0.055338,2.163352,0.012444,0.025845,2.137507,0.005444,0.087677
374,1790555977.951569080,2.344995,0,0,0.009289,0.000343,0.051254,2.086399,0.011077,0.016430,2.069969,0.003953,0.070894
375,1790555978.452497721,2.930921,0,0,0.013766,0.001028,0.078894,2.687673,0.009448,0.017270,2.670403,0.003328,0.049788
376,1790555978.552694559,2.433299,0,0,0.008486,0.000443,0.050027,2.223938,0.006350,0.014586,2.209352,0.002470,0.075301
377,1790555978.753156185,2.260980,0,0,0.008754,0.000358,0.051027,2.067156,0.007024,0.014893,2.052263,0.003024,0.052197
378,1790555978.853302479,2.553056,0,0,0.008700,0.000399,0.067637,2.340661,0.022251,0.026475,2.314186,0.002071,0.062816
379,1790555978.953500986,2.594035,0,0,0.006066,0.000399,0.048027,2.412938,0.006713,0.013016,2.399922,0.002515,0.052255
380,1790555979.053698063,2.804257,0,0,0.009037,0.000367,0.126339,2.526226,0.007556,0.014354,2.511872,0.002730,0.054265
381,1790555979.153893948,2.512939,0,0,0.007568,0.000390,0.052324,2.339991,0.006651,0.011896,2.328095,0.002312,0.046833
382,1790555979.254092693,2.696068,0,0,0.006373,0.000301,0.051864,2.512710,0.020098,0.013158,2.499552,0.002416,0.045498
383,1790555979.354297400,3.022494,0,0,0.005969,0.000303,0.047810,2.772276,0.006956,0.012629,2.759647,0.002576,0.101703
384,1790555979.454511166,2.354179,0,0,0.009295,0.000367,0.051543,2.142246,0.006862,0.012163,2.130083,0.002590,0.047127
385,1790555979.554705381,2.469065,0,0,0.008918,0.000422,0.060079,2.293535,0.005899,0.011800,2.281735,0.002273,0.046072
386,1790555979.654914856,3.216289,0,0,0.009054,0.000457,0.072004,2.954826,0.007877,0.015136,2.939690,0.003245,0.082743
387,1790555979.755078316,2.777735,0,0,0.022901,0.000426,0.069265,2.520629,0.007237,0.013396,2.507233,0.003144,0.049298
388,1790555979.855317593,2.595356,0,0,0.008459,0.000468,0.054873,2.385562,0.011313,0.018600,2.366962,0.004520,0.052664
389,1790555979.955471516,2.576971,0,0,0.006389,0.000382,0.053845,2.351546,0.010069,0.019066,2.332480,0.004705,0.059791
390,1790555980.055700779,2.671289,0,0,0.008148,0.000357,0.058227,2.481648,0.006585,0.013060,2.468588,0.002781,0.049261
391,1790555980.155924559,3.072070,0,0,0.016018,0.000791,0.093409,2.721152,0.010022,0.018086,2.703066,0.003525,0.143078
392,1790555980.256113052,2.753058,0,0,0.010053,0.000406,0.076075,2.486563,0.008353,0.016881,2.469682,0.003325,0.051681
393,1790555980.356255531,3.167414,0,0,0.007806,0.000596,0.053583,2.971421,0.007898,0.027529,2.943892,0.002668,0.049212
394,1790555980.456473112,2.507331,0,0,0.007330,0.000386,0.051123,2.276333,0.011040,0.012668,2.263665,0.002593,0.072091
395,1790555980.556658030,2.342883,0,0,0.007185,0.000317,0.053444,2.166083,0.006896,0.013207,2.152876,0.002842,0.045898
396,1790555980.656846046,3.072288,0,0,0.010608,0.000372,0.058132,2.802711,0.009173,0.017765,2.784946,0.003503,0.059328
397,1790555980.757050991,2.789084,0,0,0.011110,0.000468,0.075169,2.508069,0.010757,0.019359,2.488710,0.004831,0.057192
398,1790555980.857392311,2.326333,0,0,0.008489,0.000446,0.053593,2.121177,0.007006,0.014475,2.106702,0.002837,0.064921
399,1790555981.057689190,2.557341,0,0,0.008658,0.000446,0.049400,2.352934,0.006474,0.011454,2.341480,0.002258,0.075339
400,1790555981.157848120,2.799129,0,0,0.008266,0.000549,0.100356,2.544221,0.021849,0.014006,2.530215,0.002939,0.049169
401,1790555981.258061171,2.454292,0,0,0.005973,0.000371,0.047776,2.283623,0.007448,0.013078,2.270545,0.002756,0.047677
402,1790555981.358223438,2.459146,0,0,0.008454,0.000393,0.051259,2.296684,0.005705,0.012103,2.284581,0.002571,0.044670
403,1790555981.458452702,2.524818,0,0,0.006883,0.000425,0.054165,2.258381,0.009839,0.020222,2.238159,0.003643,0.077397
404,1790555981.558608055,2.608933,0,0,0.008776,0.000754,0.058997,2.400322,0.007615,0.014454,2.385868,0.002566,0.062614
405,1790555981.658847094,2.621018,0,0,0.008831,0.000352,0.077022,2.425611,0.006426,0.011889,2.413722,0.002649,0.045970
406,1790555981.759055614,3.104829,0,0,0.008381,0.000699,0.078792,2.878211,0.008194,0.016398,2.861813,0.003187,0.050624
407,1790555981.859238625,2.698510,0,0,0.014397,0.000511,0.093183,2.465928,0.006534,0.013702,2.452226,0.002665,0.049679
408,1790555981.959426641,2.364988,0,0,0.007809,0.000453,0.052020,2.182760,0.006441,0.012890,2.169870,0.002896,0.047558
409,1790555982.059642076,2.593695,0,0,0.007477,0.000264,0.052603,2.412686,0.006808,0.012707,2.399979,0.002810,0.047249
410,1790555982.159798384,3.027132,0,0,0.009892,0.000595,0.068723,2.776059,0.006986,0.013085,2.762974,0.002590,0.060774
411,1790555982.260028601,2.969260,0,0,0.021153,0.000652,0.133089,2.701745,0.006268,0.013398,2.688347,0.002301,0.047151
412,1790555982.360219955,2.672514,0,0,0.011739,0.000784,0.074135,2.454817,0.006684,0.015327,2.439490,0.002990,0.048971
413,1790555982.460372210,2.734206,0,0,0.006178,0.000351,0.049420,2.557910,0.006362,0.016280,2.541630,0.002477,0.043989
414,1790555982.560614824,2.321594,0,0,0.006574,0.000351,0.068713,2.056339,0.010268,0.016598,2.039741,0.020047,0.055489
415,1790555982.660807610,2.559626,0,0,0.006749,0.000293,0.050190,2.339029,0.006368,0.012277,2.326752,0.002475,0.061604
416,1790555982.760997057,2.909451,0,0,0.009117,0.000289,0.054280,2.668214,0.023971,0.012980,2.655234,0.002416,0.047591
417,1790555982.861164331,2.678883,0,0,0.006283,0.000786,0.049107,2.513009,0.005919,0.011636,2.501373,0.002670,0.045406
418,1790555982.961391687,2.678648,0,0,0.012299,0.000823,0.075610,2.453865,0.007442,0.014992,2.438873,0.002916,0.049638
419,1790555983.061560869,2.445418,0,0,0.008753,0.000380,0.075088,2.264813,0.005583,0.010839,2.253974,0.002152,0.043417
420,1790555983.161799431,2.389304,0,0,0.005819,0.000567,0.048770,2.194485,0.007260,0.014470,2.180015,0.003066,0.051488
421,1790555983.362174511,2.362032,0,0,0.006570,0.000357,0.049188,2.117310,0.008956,0.015446,2.101864,0.003635,0.076659
422,1790555983.462345839,2.623841,0,0,0.009063,0.000363,0.062171,2.437893,0.005987,0.012655,2.425238,0.002445,0.047623
423,1790555983.562556744,2.383241,0,0,0.009653,0.000362,0.078417,2.173101,0.006853,0.013334,2.159767,0.002968,0.048737
424,1790555983.762925625,2.529494,0,0,0.009120,0.000383,0.056938,2.346481,0.006715,0.013591,2.332890,0.002630,0.051519
425,1790555983.863133192,2.330083,0,0,0.025959,0.000332,0.127372,2.032856,0.006107,0.013103,2.019753,0.002857,0.077775
426,1790555984.063529253,2.449892,0,0,0.008215,0.000454,0.063167,2.240567,0.010728,0.015096,2.225471,0.002597,0.052987
427,1790555984.163736582,2.752381,0,0,0.022992,0.000400,0.127088,2.445213,0.006877,0.013374,2.431839,0.003214,0.050038
428,1790555984.263925552,2.755541,0,0,0.009907,0.000432,0.060712,2.544408,0.007386,0.015509,2.528899,0.002598,0.060590
429,1790555984.364094019,2.507663,0,0,0.015203,0.000467,0.088653,2.304624,0.005535,0.011596,2.293028,0.002242,0.043684
430,1790555984.464318514,2.514279,0,0,0.007767,0.000309,0.052354,2.331833,0.006813,0.011398,2.320435,0.001972,0.051598
431,1790555984.564483643,2.365329,0,0,0.006760,0.000413,0.048548,2.138934,0.007047,0.016227,2.122707,0.002264,0.066082
432,1790555984.764892101,2.479386,0,0,0.008415,0.000361,0.063553,2.230853,0.021597,0.014228,2.216625,0.003523,0.048996
433,1790555984.865112543,2.306934,0,0,0.008914,0.000421,0.050715,2.134786,0.006409,0.012283,2.122503,0.002230,0.046833
434,1790555984.965296745,3.074896,0,0,0.009262,0.000444,0.067626,2.779667,0.024114,0.019268,2.760399,0.003460,0.069750
435,1790555985.065502644,2.643052,0,0,0.006430,0.000524,0.049747,2.422956,0.005840,0.012225,2.410731,0.002542,0.083180
436,1790555985.165712595,2.784814,0,0,0.008914,0.000387,0.097637,2.560064,0.007192,0.013213,2.546851,0.002360,0.046278
437,1790555985.265879631,2.591620,0,0,0.008971,0.000375,0.054945,2.425127,0.005769,0.012341,2.412786,0.002787,0.043545
438,1790555985.366109371,2.458426,0,0,0.006875,0.000408,0.048889,2.248888,0.008857,0.016276,2.232612,0.002934,0.050792
439,1790555985.466253996,2.308795,0,0,0.009311,0.000373,0.053070,2.060896,0.007215,0.015452,2.045444,0.002889,0.057413
440,1790555985.666684151,2.422102,0,0,0.009147,0.000490,0.054002,2.236352,0.006338,0.012788,2.223564,0.002581,0.050822
441,1790555985.766860008,2.335536,0,0,0.008655,0.000486,0.051342,2.131771,0.007289,0.015731,2.116040,0.003089,0.050960
442,1790555985.967296839,2.544249,0,0,0.009445,0.000428,0.054435,2.358889,0.006314,0.013200,2.345689,0.002228,0.047834
443,1790555986.067460060,4.345437,0,0,0.015518,0.000575,0.102883,4.070997,0.008229,0.018248,4.052749,0.003050,0.050496
444,1790555986.167653799,2.573514,0,0,0.008446,0.000389,0.067675,2.349464,0.005910,0.012615,2.336849,0.002530,0.083647
445,1790555986.267900944,2.813254,0,0,0.007305,0.000345,0.049389,2.572014,0.006407,0.012097,2.559917,0.002562,0.076665
446,1790555986.368042707,2.813706,0,0,0.008740,0.000383,0.049337,2.576763,0.011739,0.017333,2.559430,0.004199,0.074561
447,1790555986.468266249,2.447349,0,0,0.009247,0.000383,0.051512,2.255261,0.005694,0.012177,2.243084,0.002302,0.074414
448,1790555986.568439722,2.476031,0,0,0.006773,0.000334,0.048177,2.282910,0.008441,0.014146,2.268764,0.002948,0.049546
449,1790555986.668680906,3.059221,0,0,0.006768,0.000306,0.051172,2.785893,0.006787,0.014405,2.771488,0.002483,0.086026
450,1790555986.768826485,2.868423,0,0,0.006602,0.000399,0.086565,2.657982,0.006783,0.013639,2.644343,0.002442,0.048219
451,1790555986.869055748,2.839128,0,0,0.010678,0.000403,0.082489,2.531697,0.011393,0.022648,2.509049,0.004231,0.063438
452,1790555986.969247341,2.499210,0,0,0.009234,0.000404,0.068916,2.287117,0.008065,0.015525,2.271592,0.002603,0.049499
453,1790555987.069422960,2.491123,0,0,0.007676,0.000433,0.080739,2.270111,0.007404,0.014237,2.255874,0.002424,0.049779
454,1790555987.169654131,2.645710,0,0,0.007859,0.000423,0.055783,2.405796,0.007454,0.013720,2.392076,0.002912,0.085948
455,1790555987.269835711,2.552507,0,0,0.007155,0.000420,0.050327,2.377821,0.006702,0.011994,2.365827,0.002410,0.048810
456,1790555987.370029926,2.498225,0,0,0.008959,0.000418,0.061416,2.294506,0.007189,0.038425,2.256081,0.002782,0.050293
457,1790555987.470223427,2.604907,0,0,0.010088,0.000451,0.061243,2.294910,0.028666,0.016882,2.278028,0.004233,0.051665
458,1790555987.570424795,2.891994,0,0,0.008780,0.000633,0.074347,2.633440,0.007779,0.013988,2.619452,0.003193,0.050494
459,1790555987.670641899,2.897386,0,0,0.006781,0.000266,0.061768,2.678673,0.007376,0.013884,2.664789,0.002767,0.066036
460,1790555987.770819902,2.530946,0,0,0.006935,0.000445,0.050426,2.297462,0.007194,0.012612,2.284850,0.002315,0.066971
461,1790555987.871043444,2.411704,0,0,0.007822,0.000389,0.052876,2.235429,0.007219,0.012680,2.222749,0.002470,0.046692
462,1790555987.971216679,2.603702,0,0,0.006564,0.000621,0.050249,2.382519,0.007884,0.016393,2.366126,0.003212,0.064640
463,1790555988.071416140,3.266528,0,0,0.013889,0.000529,0.103056,2.971547,0.011332,0.019131,2.952416,0.004157,0.050594
464,1790555988.171646357,2.841252,0,0,0.009383,0.000738,0.107977,2.552682,0.008185,0.014971,2.537711,0.002641,0.064723
465,1790555988.271755695,2.379584,0,0,0.008867,0.000431,0.053657,2.194003,0.007525,0.013962,2.180041,0.003032,0.048455
466,1790555988.472176075,2.372230,0,0,0.008214,0.000351,0.069279,2.144096,0.007796,0.015187,2.128909,0.003177,0.048291
467,1790555988.572342634,2.496731,0,0,0.008104,0.000628,0.064364,2.309656,0.006238,0.013395,2.296261,0.002454,0.047711
468,1790555988.672577143,2.712799,0,0,0.015942,0.000636,0.102751,2.435115,0.007763,0.028803,2.406312,0.002478,0.067913
469,1790555988.772760868,2.665021,0,0,0.011054,0.000773,0.062020,2.431671,0.006905,0.012937,2.418734,0.002397,0.052002
470,1790555988.872929811,2.479330,0,0,0.008610,0.000460,0.051686,2.222429,0.011399,0.026698,2.195731,0.003481,0.064785
471,1790555988.973122835,2.386501,0,0,0.024948,0.000430,0.050676,2.175833,0.007678,0.014208,2.161625,0.002956,0.050519
472,1790555989.073323011,2.281509,0,0,0.010284,0.000482,0.057792,2.085068,0.006801,0.013431,2.071637,0.002214,0.045742
473,1790555989.173575163,2.418766,0,0,0.013854,0.000429,0.064934,2.176039,0.010192,0.015729,2.160310,0.003944,0.056173
474,1790555989.273785114,2.855304,0,0,0.008930,0.000436,0.055258,2.625412,0.006947,0.014760,2.610652,0.002942,0.063430
475,1790555989.373968601,3.056118,0,0,0.010152,0.000525,0.092787,2.746478,0.008430,0.024132,2.722346,0.002736,0.073803
476,1790555989.474164248,2.839256,0,0,0.010409,0.000417,0.062932,2.631396,0.007276,0.015552,2.615844,0.003308,0.050009
477,1790555989.574359894,2.292437,0,0,0.008914,0.000291,0.085895,2.085926,0.006639,0.014895,2.071031,0.002354,0.046614
478,1790555989.674558640,3.019882,0,0,0.007742,0.000533,0.074756,2.663579,0.015416,0.024796,2.638783,0.005484,0.089766
479,1790555989.774720669,2.783403,0,0,0.024945,0.000489,0.090807,2.529832,0.006881,0.014419,2.515413,0.002588,0.052262
480,1790555989.874955177,2.516803,0,0,0.010767,0.000520,0.058395,2.307118,0.008951,0.015377,2.291741,0.002777,0.051652
481,1790555989.975147963,2.606609,0,0,0.005962,0.000361,0.050637,2.392412,0.010200,0.019812,2.372600,0.003293,0.056988
482,1790555990.075330257,2.574424,0,0,0.007147,0.000443,0.050421,2.303695,0.007730,0.013472,2.290223,0.018529,0.067814
483,1790555990.175504208,2.597104,0,0,0.009174,0.000378,0.062657,2.376273,0.007348,0.015655,2.360618,0.003116,0.049079
484,1790555990.275736809,2.943513,0,0,0.008656,0.000564,0.063743,2.739165,0.006982,0.015617,2.723548,0.002738,0.047645
485,1790555990.375939608,2.648968,0,0,0.010293,0.000457,0.060163,2.449364,0.007078,0.014321,2.435043,0.002465,0.048810
486,1790555990.476100206,2.767323,0,0,0.010597,0.000452,0.067306,2.558225,0.006937,0.015877,2.542348,0.002866,0.049780
487,1790555990.576337814,2.801929,0,0,0.008193,0.000371,0.050542,2.596899,0.007455,0.014127,2.582772,0.006706,0.053313
488,1790555990.676634073,3.099753,0,0,0.007691,0.000599,0.071976,2.897660,0.006857,0.012313,2.885347,0.003147,0.046131
489,1790555990.776725769,2.489931,0,0,0.006673,0.000300,0.050777,2.309515,0.006250,0.011947,2.297568,0.002450,0.060857
490,1790555990.876946211,2.350769,0,0,0.008305,0.000383,0.054428,2.180380,0.005625,0.012206,2.168174,0.002567,0.045071
491,1790555990.977126598,2.996520,0,0,0.006807,0.000361,0.058831,2.771194,0.008518,0.014597,2.756597,0.002481,0.064079
492,1790555991.077275038,2.381340,0,0,0.012463,0.000630,0.071629,2.151075,0.006966,0.014678,2.136397,0.003266,0.058427
493,1790555991.177512169,2.847116,0,0,0.007627,0.000366,0.049444,2.655474,0.007103,0.013565,2.641909,0.002786,0.050298
494,1790555991.277679205,2.598053,0,0,0.007501,0.000361,0.065224,2.413712,0.006847,0.011939,2.401773,0.002371,0.045869
495,1790555991.377891064,3.074432,0,0,0.009194,0.000729,0.088121,2.818713,0.007268,0.012851,2.805862,0.002433,0.047029
496,1790555991.478123188,2.760242,0,0,0.006552,0.000372,0.052794,2.593930,0.005631,0.011020,2.582910,0.002609,0.045773
497,1790555991.578300714,2.612766,0,0,0.008276,0.000536,0.052521,2.344713,0.009062,0.019347,2.325366,0.003311,0.075826
498,1790555991.678490400,2.866434,0,0,0.015602,0.000420,0.066283,2.631782,0.006972,0.028265,2.603517,0.002678,0.076396
499,1790555991.778682470,2.661626,0,0,0.007036,0.000358,0.064291,2.486464,0.006014,0.011562,2.474902,0.002425,0.045548
500,1790555991.878878117,2.349395,0,0,0.007290,0.000257,0.050529,2.190017,0.005640,0.011982,2.178035,0.002517,0.044766
501,1790555991.979067087,2.601480,0,0,0.006491,0.000384,0.064977,2.399210,0.007834,0.015150,2.384060,0.002566,0.052726
502,1790555992.079254389,2.588275,0,0,0.007973,0.000379,0.054729,2.398195,0.006373,0.013052,2.385143,0.002350,0.046289
503,1790555992.179473877,3.083902,0,0,0.009111,0.000557,0.068933,2.772846,0.023765,0.015363,2.757483,0.002751,0.086636
504,1790555992.279676914,2.500426,0,0,0.010763,0.000354,0.076042,2.299843,0.006899,0.025864,2.273979,0.002102,0.045971
505,1790555992.379848719,2.720837,0,0,0.006088,0.000371,0.061876,2.518461,0.006717,0.013690,2.504771,0.003188,0.047494
506,1790555992.480062485,3.063920,0,0,0.009451,0.000431,0.070063,2.685542,0.013838,0.024303,2.661239,0.005317,0.105214
507,1790555992.580253601,2.452380,0,0,0.005635,0.000373,0.046958,2.264129,0.006799,0.013319,2.250810,0.002722,0.060346
508,1790555992.680400848,2.899197,0,0,0.007531,0.000517,0.052392,2.657087,0.009506,0.016159,2.640928,0.003662,0.066185
509,1790555992.780639648,2.588694,0,0,0.011862,0.000532,0.068626,2.330602,0.009179,0.013999,2.316603,0.003502,0.070966
510,1790555992.880822897,2.392538,0,0,0.009174,0.000470,0.066005,2.171673,0.006720,0.014913,2.156760,0.002571,0.050902
511,1790555992.981048107,3.074215,0,0,0.013630,0.000499,0.079102,2.843501,0.007440,0.014871,2.828630,0.002532,0.048188
512,1790555993.181438684,2.466546,0,0,0.006464,0.000439,0.051958,2.295116,0.006410,0.012849,2.282267,0.002344,0.046464
513,1790555993.381818056,2.143985,0,0,0.007788,0.000308,0.054654,1.956385,0.006887,0.013865,1.942520,0.002569,0.048315
514,1790555993.482049704,2.572237,0,0,0.005880,0.000401,0.049977,2.326361,0.005892,0.011513,2.314848,0.002409,0.117779
515,1790555993.582217216,2.784302,0,0,0.017503,0.000420,0.052271,2.605084,0.006425,0.041738,2.563346,0.002757,0.045418
516,1790555993.682380915,0.246172,0,0,0.006834,0.000770,0.084346,0.046185,0.007640,0.011894,0.034291,0.003575,0.045920
517,1790555993.782620668,0.389169,0,0,0.008550,0.000460,0.070852,0.059016,0.010529,0.015504,0.043512,0.004094,0.080721
518,1790555993.882790804,2.878836,0,0,0.007937,0.000362,0.072518,2.652344,0.007163,0.012931,2.639413,0.002466,0.066595
519,1790555993.983010530,3.043172,0,0,0.010703,0.000583,0.067518,2.827137,0.007359,0.013482,2.813655,0.002760,0.049140
520,1790555994.083176136,2.618309,0,0,0.008200,0.000453,0.055811,2.420108,0.006239,0.012043,2.408065,0.003000,0.047547
521,1790555994.183374405,2.336317,0,0,0.006665,0.000453,0.048217,2.163157,0.006425,0.012055,2.151102,0.002619,0.046220
522,1790555994.283577204,2.609525,0,0,0.006250,0.000358,0.064971,2.427340,0.006256,0.012066,2.415274,0.002170,0.047651
523,1790555994.383768082,2.516318,0,0,0.009186,0.000724,0.067177,2.320142,0.006352,0.014635,2.305507,0.002408,0.047545
524,1790555994.483971596,2.701474,0,0,0.007507,0.000711,0.050454,2.415472,0.025489,0.012887,2.402585,0.002955,0.062771
525,1790555994.584160805,2.625987,0,0,0.028614,0.000429,0.072379,2.393058,0.006752,0.025404,2.367654,0.002345,0.046047
526,1790555994.684321880,2.277473,0,0,0.006001,0.000338,0.066441,2.088343,0.006915,0.011326,2.077017,0.002544,0.047450
527,1790555994.884749413,2.999041,0,0,0.013715,0.000877,0.089621,2.761037,0.007648,0.014762,2.746275,0.002896,0.050338
528,1790555994.984954596,3.071265,0,0,0.012457,0.000481,0.073232,2.840873,0.006681,0.012603,2.828270,0.002589,0.049213
529,1790555995.085156202,2.355688,0,0,0.009899,0.000456,0.068870,2.132288,0.006484,0.011706,2.120582,0.002241,0.063110
530,1790555995.285503149,2.789063,0,0,0.011449,0.000453,0.064316,2.495827,0.006679,0.012258,2.483569,0.002353,0.077148
531,1790555995.385768890,3.023092,0,0,0.011038,0.000407,0.059192,2.784692,0.007302,0.014301,2.770391,0.002723,0.072845
532,1790555995.485943794,3.305028,0,0,0.011801,0.000570,0.068517,3.062239,0.011172,0.014433,3.047806,0.002476,0.048885
533,1790555995.586217642,2.751931,0,0,0.013307,0.000440,0.066468,2.535272,0.007573,0.013267,2.522005,0.002796,0.051166
534,1790555995.686351538,2.434308,0,0,0.011507,0.000521,0.063267,2.198223,0.008503,0.017935,2.180288,0.003039,0.058970
535,1790555995.786554813,2.929779,0,0,0.011852,0.000527,0.063027,2.566896,0.013624,0.028431,2.538465,0.005551,0.071074
536,1790555995.886707306,2.402579,0,0,0.006247,0.000370,0.049936,2.215285,0.007160,0.013006,2.202279,0.002805,0.051122
537,1790555996.087246180,2.616937,0,0,0.009116,0.000494,0.062357,2.387541,0.007453,0.020206,2.367335,0.002935,0.065088
538,1790555996.187302828,2.764823,0,0,0.007941,0.000468,0.057831,2.533512,0.009632,0.018042,2.515470,0.003128,0.061538
539,1790555996.287495375,2.364759,0,0,0.009181,0.000393,0.053600,2.190876,0.006539,0.012460,2.178416,0.002162,0.047684
540,1790555996.387712717,2.258944,0,0,0.006146,0.000354,0.077532,2.076165,0.006097,0.010974,2.065191,0.002078,0.042679
541,1790555996.487888098,2.390451,0,0,0.009900,0.000516,0.058720,2.209245,0.006819,0.026146,2.183099,0.002208,0.045873
542,1790555996.588088751,2.652633,0,0,0.010148,0.000498,0.062436,2.446471,0.007538,0.015661,2.430810,0.002545,0.048463
543,1790555996.688282251,2.767497,0,0,0.009832,0.000707,0.078703,2.565043,0.006871,0.012970,2.552073,0.002370,0.047857
544,1790555996.788513422,2.623679,0,0,0.009494,0.000715,0.055232,2.423949,0.006754,0.013773,2.410176,0.002684,0.047276
545,1790555996.888703585,2.616955,0,0,0.009275,0.000646,0.069614,2.427021,0.006896,0.013162,2.413859,0.002343,0.045674
546,1790555996.988875866,3.096806,0,0,0.010162,0.000553,0.111450,2.817319,0.008537,0.013934,2.803385,0.002713,0.049102
547,1790555997.089070559,2.645535,0,0,0.009247,0.000506,0.054487,2.421202,0.010722,0.020311,2.400891,0.004054,0.051590
548,1790555997.189300299,2.937177,0,0,0.009501,0.000418,0.051349,2.728074,0.007744,0.014439,2.713635,0.002794,0.066490
549,1790555997.289515734,2.688374,0,0,0.007012,0.000350,0.066936,2.480399,0.006901,0.013601,2.466798,0.002605,0.047510
550,1790555997.389706612,2.545010,0,0,0.008465,0.000450,0.050451,2.332476,0.009129,0.014898,2.317578,0.003219,0.061329
551,1790555997.489891291,2.460703,0,0,0.008161,0.000517,0.053064,2.270487,0.007922,0.014530,2.255957,0.003620,0.048239
552,1790555997.590090752,2.814775,0,0,0.006286,0.000316,0.054361,2.506137,0.008442,0.014586,2.491551,0.003574,0.096861
553,1790555997.690253019,2.491928,0,0,0.006525,0.000414,0.067719,2.295945,0.006770,0.012878,2.283067,0.002910,0.047121
554,1790555997.790511608,2.775030,0,0,0.006134,0.000487,0.051778,2.588098,0.007734,0.013862,2.574236,0.002545,0.055123
555,1790555997.890642405,2.533448,0,0,0.015397,0.000847,0.081223,2.298624,0.006435,0.013472,2.285152,0.002245,0.045951
556,1790555997.990841627,2.436302,0,0,0.006390,0.000563,0.048571,2.273361,0.006298,0.011773,2.261588,0.002551,0.047668
557,1790555998.091066360,2.427106,0,0,0.006037,0.000367,0.046001,2.230384,0.005885,0.011791,2.218593,0.001985,0.084474
558,1790555998.191249609,2.767059,0,0,0.007972,0.000369,0.052731,2.510519,0.007222,0.013611,2.496908,0.002628,0.061840
559,1790555998.291423798,2.686675,0,0,0.007015,0.000577,0.048435,2.507152,0.007221,0.012314,2.494838,0.002356,0.046286
560,1790555998.391651392,2.561715,0,0,0.007198,0.000577,0.051339,2.351447,0.007838,0.013455,2.337992,0.002376,0.061181
561,1790555998.491921425,3.033879,0,0,0.007162,0.000384,0.055389,2.770035,0.010466,0.019290,2.750745,0.004181,0.067100
562,1790555998.592034101,3.086098,0,0,0.007382,0.000456,0.063914,2.854181,0.007414,0.014177,2.840004,0.002675,0.061045
563,1790555998.692237854,2.457855,0,0,0.009792,0.000464,0.061459,2.222792,0.006643,0.026439,2.196353,0.002937,0.048765
564,1790555998.792414904,2.235161,0,0,0.008869,0.000351,0.053340,2.040614,0.007381,0.014051,2.026563,0.002761,0.047980
565,1790555998.992834330,2.577621,0,0,0.007037,0.000322,0.055236,2.348827,0.008928,0.017659,2.331168,0.003553,0.060085
566,1790555999.193226814,2.710605,0,0,0.010944,0.000593,0.084268,2.429313,0.007094,0.013443,2.415870,0.002671,0.061411
567,1790555999.393610239,2.255163,0,0,0.011771,0.000747,0.065247,2.022251,0.006955,0.014056,2.008195,0.003407,0.057785
568,1790555999.493818283,2.188062,0,0,0.020807,0.000429,0.050151,2.006045,0.006051,0.011439,1.994606,0.002606,0.047066
569,1790555999.694206476,2.638433,0,0,0.009938,0.000377,0.053110,2.449155,0.006567,0.013526,2.435629,0.002416,0.055175
570,1790555999.794399023,2.511779,0,0,0.009205,0.000384,0.060550,2.308633,0.007126,0.012902,2.295731,0.002567,0.046683
571,1790555999.894594193,3.193637,0,0,0.011184,0.000861,0.074130,2.965716,0.007620,0.013605,2.952111,0.002636,0.052127
572,1790555999.994799614,2.718882,0,0,0.007889,0.000512,0.052451,2.543761,0.006383,0.012394,2.531367,0.002523,0.045448
573,1790556000.095002174,2.927683,0,0,0.006840,0.000333,0.058747,2.711339,0.006806,0.013168,2.698171,0.002715,0.047655
574,1790556000.195188522,2.752818,0,0,0.009921,0.000438,0.050947,2.587058,0.005767,0.011694,2.575364,0.002368,0.044464
575,1790556000.295360088,2.480840,0,0,0.006334,0.000332,0.048106,2.246563,0.009820,0.015558,2.231005,0.004192,0.072270
576,1790556000.395592213,2.342226,0,0,0.010369,0.000414,0.056556,2.120675,0.008659,0.015219,2.105456,0.003031,0.049518
577,1790556000.595951557,2.378711,0,0,0.009500,0.000370,0.054851,2.179509,0.006807,0.012412,2.167097,0.002300,0.056512
578,1790556000.696162224,2.461583,0,0,0.009300,0.000377,0.053153,2.264647,0.007681,0.066377,2.198270,0.002675,0.056356
579,1790556000.796403170,2.609649,0,0,0.008518,0.000345,0.054488,2.385637,0.007718,0.013745,2.371892,0.011110,0.053005
580,1790556000.896541119,2.632007,0,0,0.009516,0.000402,0.056617,2.430361,0.007509,0.014829,2.415532,0.002836,0.051546
581,1790556000.996842146,2.929148,0,0,0.012114,0.000368,0.065505,2.731636,0.006695,0.014611,2.717025,0.002654,0.047916
582,1790556001.096931219,2.494112,0,0,0.010726,0.000881,0.061680,2.315362,0.005701,0.012511,2.302851,0.002094,0.044485
583,1790556001.197129488,2.876047,0,0,0.008034,0.000344,0.050996,2.673737,0.007301,0.014654,2.659083,0.002845,0.050801
584,1790556001.297349215,2.696051,0,0,0.008651,0.000457,0.056949,2.487524,0.006574,0.011713,2.475811,0.002487,0.048449
585,1790556001.397518635,2.646292,0,0,0.006083,0.000347,0.049691,2.439470,0.007176,0.013022,2.426448,0.002407,0.047011
586,1790556001.497717619,2.649362,0,0,0.009034,0.000304,0.056498,2.461631,0.006264,0.026780,2.434851,0.002439,0.043636
587,1790556001.597938776,2.333561,0,0,0.006231,0.000399,0.050502,2.134748,0.006530,0.011148,2.123600,0.002132,0.062552
588,1790556001.698104143,2.673054,0,0,0.009007,0.000422,0.057223,2.466434,0.007830,0.015484,2.450950,0.003144,0.051553
589,1790556001.798305750,2.430415,0,0,0.007546,0.000471,0.051294,2.258472,0.006844,0.011982,2.246490,0.002358,0.047346
590,1790556001.998725414,2.477228,0,0,0.007929,0.000438,0.058474,2.271258,0.007101,0.013946,2.257312,0.002375,0.063565
591,1790556002.098937511,2.425900,0,0,0.008161,0.000804,0.051290,2.263444,0.006372,0.012118,2.251326,0.002218,0.044263
592,1790556002.199120045,2.661057,0,0,0.009211,0.000461,0.057320,2.468775,0.007374,0.012904,2.455871,0.002347,0.048378
593,1790556002.299283504,2.762457,0,0,0.007889,0.000344,0.068091,2.524179,0.006545,0.012789,2.511390,0.002637,0.093769
594,1790556002.399479389,2.790683,0,0,0.009864,0.000402,0.077562,2.533160,0.008992,0.020442,2.512718,0.003490,0.065830
595,1790556002.499709845,2.561637,0,0,0.010250,0.000507,0.070050,2.350828,0.007530,0.015894,2.334934,0.002845,0.049033
596,1790556002.599915981,2.709086,0,0,0.007258,0.000429,0.062222,2.516680,0.006556,0.012437,2.504243,0.015917,0.046514
597,1790556002.700072765,2.289695,0,0,0.008874,0.000490,0.049783,2.083538,0.006556,0.011406,2.072132,0.002319,0.058913
598,1790556002.800293207,2.169556,0,0,0.013865,0.000575,0.075096,1.984777,0.005540,0.011246,1.973531,0.002271,0.043641
599,1790556002.900484800,2.907036,0,0,0.007346,0.000438,0.052011,2.711197,0.007561,0.028885,2.682312,0.002721,0.049902
600,1790556003.000712872,2.316292,0,0,0.008030,0.000375,0.074544,2.073243,0.020067,0.013960,2.059283,0.002386,0.059263
601,1790556003.201060295,2.382298,0,0,0.007525,0.000424,0.049945,2.149366,0.010630,0.016517,2.132849,0.004286,0.061944
602,1790556003.301249266,2.385130,0,0,0.010963,0.000269,0.059663,2.218449,0.005927,0.010950,2.207499,0.002172,0.042526
603,1790556003.401444674,2.538326,0,0,0.008857,0.000419,0.054604,2.348831,0.007255,0.013376,2.335455,0.002772,0.048673
604,1790556003.501630068,2.696400,0,0,0.006954,0.000479,0.083366,2.467211,0.007017,0.015369,2.451842,0.002215,0.050074
605,1790556003.601848841,2.213837,0,0,0.012308,0.000512,0.070454,2.029484,0.006238,0.011529,2.017955,0.002093,0.045387
606,1790556003.702037811,2.506863,0,0,0.006346,0.000508,0.110701,2.241824,0.008013,0.017019,2.224805,0.003762,0.050873
607,1790556003.802255630,2.691974,0,0,0.009349,0.000437,0.057865,2.500196,0.006427,0.014106,2.486090,0.003473,0.049664
608,1790556003.902441263,2.532167,0,0,0.025162,0.000437,0.062230,2.326722,0.020252,0.026952,2.299770,0.002447,0.043867
609,1790556004.002626896,2.348496,0,0,0.006110,0.000635,0.056681,2.141194,0.007581,0.014374,2.126820,0.002440,0.048516
610,1790556004.102814198,2.446823,0,0,0.009335,0.014347,0.096510,2.191812,0.007429,0.014255,2.177557,0.002718,0.051729
611,1790556004.203052521,2.610391,0,0,0.009499,0.000331,0.052892,2.414071,0.007406,0.015657,2.398414,0.002612,0.050113
612,1790556004.303237915,2.828692,0,0,0.008918,0.000358,0.052872,2.651366,0.006522,0.025698,2.625668,0.002957,0.045811
613,1790556004.403451204,2.568543,0,0,0.006630,0.000767,0.053817,2.391577,0.007682,0.013355,2.378222,0.002648,0.046375
614,1790556004.503663540,3.122667,0,0,0.007240,0.000586,0.084273,2.883866,0.007284,0.013012,2.870854,0.002612,0.064502
615,1790556004.603858232,2.811618,0,0,0.045775,0.000785,0.131795,2.486188,0.007143,0.015808,2.470380,0.002984,0.049202
616,1790556004.704017162,2.538004,0,0,0.007461,0.000360,0.063710,2.232587,0.011381,0.020226,2.212361,0.004021,0.087785
617,1790556004.804201365,2.702404,0,0,0.007566,0.000409,0.053009,2.492590,0.008224,0.016083,2.476507,0.003324,0.050676
618,1790556004.904400826,2.756067,0,0,0.010028,0.000482,0.064666,2.566472,0.006418,0.013984,2.552488,0.002632,0.047240
619,1790556005.004581928,2.674067,0,0,0.007386,0.000440,0.050151,2.506015,0.006375,0.011755,2.494260,0.002417,0.046685
620,1790556005.104808807,2.416213,0,0,0.010854,0.000408,0.054701,2.239295,0.006384,0.012362,2.226933,0.002401,0.047082
621,1790556005.204990387,2.452387,0,0,0.006195,0.000344,0.075566,2.271059,0.005864,0.010950,2.260109,0.002130,0.044300
622,1790556005.305157900,2.927708,0,0,0.007509,0.000904,0.057046,2.673945,0.008155,0.016950,2.656995,0.002989,0.091378
623,1790556005.405388832,2.604220,0,0,0.007450,0.000377,0.055290,2.419801,0.007221,0.012621,2.407180,0.002270,0.048670
624,1790556005.505567074,3.139922,0,0,0.013752,0.000488,0.067692,2.908917,0.008488,0.016532,2.892385,0.004122,0.050880
625,1790556005.605768442,2.742616,0,0,0.008972,0.000460,0.070357,2.527387,0.006881,0.013208,2.514179,0.002227,0.064354
626,1790556005.705965757,2.415439,0,0,0.007081,0.000444,0.048850,2.202061,0.008051,0.014338,2.187723,0.002650,0.050662
627,1790556005.806196451,2.515468,0,0,0.008834,0.000763,0.076095,2.302591,0.006845,0.013504,2.289087,0.002855,0.051472
628,1790556005.906367779,2.639876,0,0,0.008993,0.000407,0.056123,2.440464,0.006306,0.011828,2.428636,0.002627,0.062065
629,1790556006.006594658,2.447828,0,0,0.007261,0.000414,0.050294,2.251940,0.006839,0.013145,2.238795,0.002361,0.062956
630,1790556006.106757402,2.396978,0,0,0.006620,0.000277,0.052688,2.221233,0.006426,0.012994,2.208239,0.002401,0.048330
631,1790556006.206954956,2.480765,0,0,0.007231,0.000474,0.061144,2.310010,0.006302,0.011429,2.298581,0.002464,0.044622
632,1790556006.307144880,2.222312,0,0,0.006982,0.000433,0.049366,2.059417,0.005559,0.011778,2.047639,0.002499,0.045432
633,1790556006.407380581,2.746434,0,0,0.008011,0.000389,0.055231,2.526239,0.008688,0.017371,2.508868,0.003385,0.053189
634,1790556006.507564545,2.859994,0,0,0.008409,0.000378,0.047151,2.685195,0.006466,0.014634,2.670561,0.002833,0.046963
635,1790556006.607770920,2.355336,0,0,0.006013,0.000373,0.048913,2.085164,0.011215,0.017993,2.067171,0.003837,0.075004
636,1790556006.707956314,2.420397,0,0,0.008206,0.000264,0.047734,2.241284,0.007321,0.012750,2.228534,0.002836,0.048404
637,1790556006.808135271,2.604260,0,0,0.006674,0.000310,0.063454,2.388489,0.007346,0.013602,2.374887,0.002283,0.060912
638,1790556006.908325434,2.495275,0,0,0.005800,0.000330,0.049671,2.328235,0.006259,0.012758,2.315477,0.002452,0.048069
639,1790556007.108713627,2.690834,0,0,0.008215,0.000421,0.056317,2.474932,0.008275,0.015953,2.458979,0.003162,0.054029
640,1790556007.208916664,2.372188,0,0,0.006356,0.000385,0.083285,2.173083,0.007067,0.011505,2.161578,0.002487,0.044450
641,1790556007.309110641,2.623032,0,0,0.006630,0.000425,0.108330,2.388307,0.006475,0.013890,2.374417,0.002733,0.045570
642,1790556007.509479284,2.435501,0,0,0.007898,0.000371,0.058815,1.975323,0.006978,0.013879,1.961444,0.002341,0.048782
643,1790556007.609737158,3.270913,0,0,0.010121,0.000353,0.071480,3.054948,0.006563,0.044550,3.010398,0.002369,0.049044
644,1790556007.709893942,2.625056,0,0,0.008934,0.000438,0.055554,2.398307,0.007302,0.013055,2.385252,0.002903,0.089708
645,1790556007.810138464,2.353400,0,0,0.008574,0.000489,0.081023,2.136464,0.007902,0.012134,2.124330,0.002780,0.053781
646,1790556008.010486603,2.285800,0,0,0.006367,0.000313,0.053663,2.035006,0.025061,0.016234,2.018772,0.004296,0.063221
647,1790556008.110708475,2.405762,0,0,0.006991,0.000372,0.050567,2.157587,0.007953,0.017550,2.140037,0.003488,0.079307
648,1790556008.311101198,2.412341,0,0,0.012474,0.000446,0.053655,2.179615,0.007816,0.017133,2.162482,0.002779,0.060224
649,1790556008.411309481,2.678323,0,0,0.008517,0.000388,0.055644,2.455212,0.008295,0.017938,2.437274,0.003249,0.057312
650,1790556008.711882353,2.241148,0,0,0.015280,0.000737,0.087345,2.030261,0.006168,0.014049,2.016212,0.002869,0.046952
651,1790556008.912286520,2.684469,0,0,0.009203,0.000463,0.053837,2.487350,0.007286,0.028585,2.458765,0.003241,0.050265
652,1790556009.012452602,2.713008,0,0,0.009851,0.000483,0.053644,2.485979,0.007384,0.017814,2.468165,0.002704,0.052913
653,1790556009.212843895,2.911189,0,0,0.010796,0.000397,0.057240,2.704475,0.007698,0.015447,2.689028,0.002812,0.051338
654,1790556009.313066244,2.598670,0,0,0.009705,0.000650,0.067678,2.402638,0.006843,0.013328,2.389310,0.002580,0.047425
655,1790556009.413264990,2.618696,0,0,0.005558,0.000388,0.047756,2.392361,0.008840,0.023087,2.369274,0.003588,0.054120
656,1790556009.513425827,2.985902,0,0,0.008757,0.000393,0.099335,2.733633,0.007895,0.017285,2.716348,0.002980,0.052531
657,1790556009.613635063,2.522906,0,0,0.005931,0.000400,0.048223,2.335868,0.006412,0.011692,2.324176,0.002563,0.073196
658,1790556009.713853836,2.766924,0,0,0.006201,0.000450,0.048166,2.537709,0.011135,0.016155,2.521554,0.004439,0.061680
659,1790556009.813996553,2.396834,0,0,0.006528,0.000735,0.051367,2.207068,0.006406,0.010780,2.196288,0.002337,0.074819
660,1790556009.914252281,2.637400,0,0,0.008996,0.000441,0.072457,2.394089,0.007247,0.014535,2.379554,0.002457,0.047547
661,1790556010.014430285,2.480215,0,0,0.008164,0.000388,0.067423,2.257898,0.007980,0.015373,2.242525,0.003421,0.053711
662,1790556010.114653111,2.241605,0,0,0.007326,0.000377,0.050338,2.067335,0.006585,0.012576,2.054759,0.002763,0.049511
663,1790556010.315010548,2.999383,0,0,0.007808,0.000335,0.051619,2.762814,0.008993,0.019981,2.742833,0.003801,0.059208
664,1790556010.415209293,2.195057,0,0,0.006209,0.000737,0.052113,1.992120,0.005960,0.012610,1.979510,0.002758,0.071856
665,1790556010.515366554,3.050298,0,0,0.008432,0.000612,0.063131,2.839395,0.007533,0.014573,2.824822,0.002588,0.049432
666,1790556010.615624666,2.354820,0,0,0.007156,0.000423,0.051493,2.184987,0.006475,0.012858,2.172129,0.002544,0.046980
667,1790556010.816011429,2.331101,0,0,0.005764,0.000412,0.048799,2.158199,0.006032,0.011114,2.147085,0.002599,0.043532
668,1790556010.916210175,2.575822,0,0,0.009033,0.000473,0.058228,2.377100,0.006566,0.012593,2.364507,0.002399,0.046652
669,1790556011.016391993,2.558279,0,0,0.009561,0.000451,0.053387,2.330642,0.023635,0.014629,2.316013,0.002714,0.063691
670,1790556011.116601944,2.564979,0,0,0.005786,0.000624,0.059091,2.391766,0.006297,0.011340,2.380426,0.002482,0.044179
671,1790556011.216778278,2.565215,0,0,0.005597,0.000599,0.047718,2.402001,0.006855,0.012360,2.389641,0.002389,0.045897
672,1790556011.316979647,2.572744,0,0,0.007279,0.000444,0.051495,2.359645,0.008343,0.015041,2.344604,0.003024,0.056120
673,1790556011.417163372,2.542874,0,0,0.011762,0.000407,0.071472,2.349130,0.006969,0.011413,2.337717,0.002554,0.045976
674,1790556011.517378330,2.546715,0,0,0.007123,0.000429,0.051551,2.298164,0.007069,0.013064,2.285100,0.002220,0.061285
675,1790556011.617560387,2.440308,0,0,0.007871,0.000349,0.069689,2.246937,0.006441,0.013160,2.233777,0.003041,0.047213
676,1790556011.717751503,2.923325,0,0,0.009531,0.000560,0.051968,2.643087,0.012624,0.029913,2.613174,0.004309,0.082597
677,1790556011.817965746,2.588441,0,0,0.008461,0.000428,0.060263,2.387899,0.007190,0.013635,2.374264,0.002635,0.055965
678,1790556011.918119192,2.667237,0,0,0.006607,0.000295,0.049008,2.441969,0.010059,0.014967,2.427002,0.003202,0.061780
679,1790556012.018340826,2.515181,0,0,0.008845,0.000365,0.063220,2.320202,0.006741,0.012618,2.307584,0.002663,0.047431
680,1790556012.118522406,2.510250,0,0,0.007850,0.000351,0.055826,2.316117,0.022158,0.011480,2.304637,0.002414,0.049758
681,1790556012.218715668,2.424666,0,0,0.006117,0.000599,0.050300,2.265893,0.006068,0.011022,2.254871,0.002108,0.044632
682,1790556012.318923473,2.597775,0,0,0.006713,0.000523,0.049592,2.425651,0.006671,0.011421,2.414230,0.002486,0.043519
683,1790556012.419149399,2.450934,0,0,0.006200,0.000367,0.052361,2.260784,0.006836,0.013264,2.247520,0.002700,0.050921
684,1790556012.519313335,2.986535,0,0,0.015009,0.000590,0.073548,2.717090,0.008222,0.015146,2.701944,0.003315,0.079978
685,1790556012.619529486,2.644115,0,0,0.009179,0.000386,0.053174,2.415434,0.008028,0.017266,2.398168,0.003363,0.053965
686,1790556012.719752073,3.562699,1,0,0.086667,0.000355,0.060011,3.016521,0.009607,0.826488,2.190033,0.003384,0.303870
687,1790556012.819887877,4.120761,0,0,0.006017,0.000644,0.080000,3.740388,0.006958,0.689406,3.050982,0.003311,0.204984
688,1790556012.920115232,3.702337,0,0,0.008432,0.000326,0.055805,3.496951,0.006383,0.716498,2.780453,0.002978,0.049023
689,1790556013.020344734,3.076538,0,0,0.008447,0.000467,0.050941,2.898347,0.005760,0.647709,2.250638,0.002726,0.046037
690,1790556013.220729351,3.302833,0,0,0.009668,0.000402,0.057004,2.957637,0.008904,0.818238,2.139399,0.003806,0.089007
691,1790556013.320872545,3.295839,0,0,0.006488,0.000358,0.050020,3.104699,0.005463,0.716086,2.388613,0.002288,0.058797
692,1790556013.421124458,3.388584,0,0,0.009294,0.000373,0.081591,3.095177,0.006812,0.706940,2.388237,0.003782,0.070139
693,1790556013.521296978,3.450886,0,0,0.009498,0.000440,0.053267,3.241981,0.011182,0.690984,2.550997,0.002663,0.051257
694,1790556013.621488333,3.260519,0,0,0.007983,0.000431,0.049210,3.042421,0.007878,0.659210,2.383211,0.003367,0.052721
695,1790556013.821918488,2.881111,0,0,0.015822,0.000614,0.096347,2.581492,0.010583,0.021833,2.559659,0.003862,0.068428
696,1790556013.922119379,2.581981,0,0,0.007832,0.000388,0.048447,2.328360,0.005748,0.011206,2.317154,0.002525,0.076117
697,1790556014.022249222,3.104432,0,0,0.016869,0.000476,0.078232,2.870009,0.007723,0.016127,2.853882,0.003009,0.050846
698,1790556014.122510433,2.666172,0,0,0.015781,0.000648,0.069101,2.441081,0.009570,0.022019,2.419062,0.003146,0.049048
699,1790556014.222684860,2.429271,0,0,0.009893,0.000453,0.057232,2.209590,0.007545,0.014218,2.195372,0.016361,0.054548
700,1790556014.322886229,2.484004,0,0,0.010780,0.000530,0.066485,2.282921,0.007107,0.013567,2.269354,0.002521,0.048705
701,1790556014.423044443,2.756195,0,0,0.007407,0.000335,0.051432,2.568883,0.006680,0.013751,2.555132,0.002444,0.048090
702,1790556014.523312807,2.717004,0,0,0.005856,0.000422,0.054404,2.446413,0.009724,0.015950,2.430463,0.004078,0.083003
703,1790556014.623457193,3.037914,0,0,0.009227,0.000557,0.052704,2.832327,0.020198,0.013445,2.818882,0.002393,0.047382
704,1790556014.723676443,2.607657,0,0,0.008032,0.000407,0.055420,2.411300,0.007486,0.013718,2.397582,0.002628,0.052296
705,1790556014.823903561,2.526170,0,0,0.009332,0.000423,0.063587,2.339819,0.007142,0.013206,2.326613,0.002201,0.045557
706,1790556014.924068451,2.599361,0,0,0.009305,0.000449,0.083214,2.386156,0.006766,0.015540,2.370616,0.002595,0.050521
707,1790556015.024267197,2.766086,0,0,0.008779,0.000517,0.052133,2.593950,0.006598,0.012008,2.581942,0.002395,0.046749
708,1790556015.124468327,2.277108,0,0,0.007929,0.000678,0.051028,2.102494,0.006245,0.012118,2.090376,0.002505,0.047409
709,1790556015.324823856,2.494388,0,0,0.008840,0.000441,0.052469,2.316306,0.006396,0.012526,2.303780,0.002340,0.050820
710,1790556015.425060034,2.752615,0,0,0.010583,0.000470,0.071043,2.471711,0.006895,0.013507,2.458204,0.002721,0.113671
711,1790556015.525249004,3.034665,0,0,0.011225,0.000547,0.069174,2.802746,0.007358,0.012983,2.789763,0.002648,0.048958
712,1790556015.625453472,2.961957,0,0,0.018976,0.000920,0.089697,2.709201,0.007527,0.013699,2.695502,0.002446,0.050610
713,1790556015.725652456,2.846854,0,0,0.009733,0.000450,0.060186,2.611723,0.009090,0.019096,2.592627,0.003539,0.067683
714,1790556015.825837374,3.338111,0,0,0.009207,0.000411,0.079518,3.005106,0.013741,0.026565,2.978541,0.004779,0.076076
715,1790556016.026204824,2.821740,0,0,0.005963,0.000396,0.049895,2.634224,0.006983,0.028370,2.605854,0.003042,0.048818
716,1790556016.126396656,3.058048,0,0,0.009561,0.000556,0.071477,2.840691,0.008192,0.016431,2.824260,0.003502,0.049144
717,1790556016.226623058,2.346158,0,0,0.013179,0.000773,0.073434,2.146949,0.006247,0.013508,2.133441,0.002380,0.045240
718,1790556016.326826334,2.702126,0,0,0.006082,0.000372,0.053842,2.496277,0.007362,0.016511,2.479766,0.002714,0.050489
719,1790556016.427022219,2.856712,0,0,0.006387,0.000274,0.051315,2.606577,0.018807,0.016981,2.589596,0.002972,0.056119
720,1790556016.627400398,2.327564,0,0,0.006532,0.000389,0.073901,2.114667,0.006867,0.013627,2.101040,0.002820,0.059005
721,1790556016.827776432,2.370847,0,0,0.007582,0.000772,0.069979,2.136172,0.007759,0.019241,2.116931,0.003189,0.060706
722,1790556017.028210640,2.567350,0,0,0.006970,0.000401,0.051751,2.360927,0.007954,0.017715,2.343212,0.002758,0.057578
723,1790556017.128375769,2.767121,0,0,0.008743,0.000416,0.087450,2.520892,0.007166,0.019047,2.501845,0.002640,0.062864
724,1790556017.228583336,2.343478,0,0,0.015578,0.000290,0.061518,2.151483,0.006553,0.012072,2.139411,0.002206,0.047797
725,1790556017.328763247,2.506497,0,0,0.007226,0.000428,0.095184,2.287042,0.006183,0.010864,2.276178,0.002540,0.059752
726,1790556017.428955317,2.829820,0,0,0.012387,0.020366,0.081592,2.573287,0.007039,0.012856,2.560431,0.002493,0.063273
727,1790556017.529195786,2.788982,0,0,0.006892,0.000382,0.052288,2.578706,0.007576,0.014028,2.564678,0.002650,0.050607
728,1790556017.629340410,2.610551,0,0,0.006462,0.000427,0.052025,2.411463,0.006815,0.013090,2.398373,0.002629,0.065187
729,1790556017.729560614,2.309721,0,0,0.008867,0.000365,0.053337,2.123023,0.007658,0.013346,2.109677,0.002559,0.052200
730,1790556017.929973364,2.441949,0,0,0.008909,0.000589,0.055222,2.222661,0.008161,0.017551,2.205110,0.003703,0.052697
731,1790556018.130360842,2.556107,0,0,0.014869,0.000469,0.082143,2.319012,0.007594,0.015263,2.303749,0.002764,0.054599
732,1790556018.230497122,2.326550,0,0,0.018830,0.000596,0.133748,2.055538,0.006993,0.013599,2.041939,0.002508,0.050313
733,1790556018.430939198,2.706101,0,0,0.008702,0.000430,0.053284,2.456620,0.011077,0.023250,2.433370,0.003549,0.057558
734,1790556018.531111956,2.538222,0,0,0.013620,0.000532,0.076472,2.341264,0.006092,0.012071,2.329193,0.002363,0.045246
735,1790556018.631316662,3.015173,0,0,0.011824,0.001307,0.083863,2.762884,0.007373,0.016404,2.746480,0.002540,0.059904
736,1790556018.731510878,2.498208,0,0,0.009468,0.000736,0.074417,2.290300,0.007517,0.014154,2.276146,0.002197,0.052345
737,1790556018.831709385,2.761746,0,0,0.008632,0.000443,0.054182,2.461351,0.006430,0.012510,2.448841,0.002698,0.115820
738,1790556018.931897640,2.680776,0,0,0.006303,0.000380,0.048925,2.519517,0.005825,0.011095,2.508422,0.002189,0.043560
739,1790556019.032100439,2.331629,0,0,0.008791,0.000458,0.048949,2.118129,0.007324,0.014109,2.104020,0.003353,0.068525
740,1790556019.232465744,2.590475,0,0,0.009271,0.000340,0.065869,2.374491,0.006844,0.012542,2.361949,0.002537,0.047330
741,1790556019.332701206,2.712471,0,0,0.008797,0.000455,0.081163,2.499120,0.009242,0.012985,2.486135,0.002396,0.050123
742,1790556019.432898521,2.295341,0,0,0.009276,0.000378,0.051846,2.095292,0.007410,0.014324,2.080968,0.002614,0.048311
743,1790556019.633306265,2.701829,0,0,0.008763,0.000432,0.056129,2.451173,0.007824,0.014504,2.436669,0.024371,0.067165
744,1790556019.733494759,2.956365,0,0,0.009739,0.000419,0.081573,2.694851,0.006603,0.014408,2.680443,0.002414,0.062832
745,1790556019.833666801,2.610025,0,0,0.010124,0.000472,0.066744,2.380944,0.006375,0.032025,2.348919,0.002481,0.075712
746,1790556019.933905363,2.262291,0,0,0.008945,0.000355,0.066014,2.081066,0.006375,0.011167,2.069899,0.002221,0.044673
747,1790556020.134287834,2.419917,0,0,0.011292,0.000516,0.071721,2.209967,0.006566,0.014727,2.195240,0.002475,0.048916
748,1790556020.234484911,2.716039,0,0,0.009121,0.000776,0.052217,2.503781,0.006659,0.012470,2.491311,0.002942,0.070444
749,1790556020.334683418,2.660183,0,0,0.009318,0.000344,0.069157,2.444174,0.007196,0.016247,2.427927,0.002587,0.052155
750,1790556020.434846401,2.629465,0,0,0.009476,0.000357,0.054838,2.405482,0.006908,0.014193,2.391289,0.002971,0.047931
751,1790556020.535092115,2.269994,0,0,0.010147,0.000567,0.054586,2.023934,0.007874,0.015842,2.008092,0.003301,0.089134
752,1790556020.635255337,2.482810,0,0,0.008871,0.000515,0.050485,2.291810,0.008318,0.013972,2.277838,0.002998,0.050003
753,1790556020.735469341,2.675657,0,0,0.008968,0.000465,0.052529,2.461385,0.007642,0.015549,2.445836,0.003123,0.052521
754,1790556020.835632563,2.420685,0,0,0.006868,0.000397,0.053138,2.218320,0.008125,0.016194,2.202126,0.002958,0.050655
755,1790556021.036035061,2.620588,0,0,0.008575,0.000287,0.051381,2.425962,0.007038,0.012857,2.413105,0.002445,0.053995
756,1790556021.136265993,2.635275,0,0,0.011860,0.000514,0.064323,2.429705,0.006709,0.013655,2.416050,0.002661,0.048778
757,1790556021.236439228,2.834173,0,0,0.026600,0.000591,0.057817,2.616733,0.007206,0.012706,2.604027,0.002672,0.049989
758,1790556021.336659193,3.461055,0,0,0.009698,0.000338,0.076335,3.204128,0.007461,0.020601,3.183527,0.002812,0.060971
759,1790556021.436803579,2.801968,0,0,0.009183,0.000305,0.054184,2.603588,0.008631,0.012704,2.590884,0.002617,0.054839
760,1790556021.537044287,2.534370,0,0,0.009063,0.000671,0.081161,2.321075,0.007187,0.013185,2.307890,0.002892,0.050265
761,1790556021.637220144,3.419832,0,0,0.012673,0.000455,0.072177,3.181330,0.007562,0.027506,3.153824,0.002676,0.062199
762,1790556021.737432718,2.699538,0,0,0.026426,0.000590,0.069246,2.455976,0.007908,0.013849,2.442127,0.002960,0.068676
763,1790556021.837630272,2.427598,0,0,0.011051,0.000449,0.069162,2.150497,0.012525,0.021678,2.128819,0.004538,0.066866
764,1790556021.937799692,2.615193,0,0,0.007889,0.000278,0.051028,2.411800,0.006825,0.013170,2.398630,0.002766,0.066970
765,1790556022.038030863,2.858661,0,0,0.009157,0.000456,0.056854,2.576278,0.012757,0.021276,2.555002,0.004677,0.071936
766,1790556022.138218164,2.637076,0,0,0.005481,0.000333,0.046354,2.411717,0.007688,0.020369,2.391348,0.003209,0.077566
767,1790556022.238395214,3.207469,0,0,0.010320,0.000664,0.097226,2.580749,0.007478,0.014947,2.565802,0.003260,0.060554
768,1790556022.338579416,2.881649,0,0,0.013683,0.000687,0.086629,2.653968,0.007039,0.015277,2.638691,0.002464,0.050009
769,1790556022.438757896,2.658817,0,0,0.008670,0.000357,0.047203,2.367593,0.009313,0.037224,2.330369,0.004253,0.083564
770,1790556022.538969517,2.341378,0,0,0.008763,0.000440,0.062425,2.149066,0.006978,0.013457,2.135609,0.002834,0.047798
771,1790556022.639158487,2.939321,0,0,0.010599,0.000731,0.080413,2.671070,0.007055,0.014105,2.656965,0.002459,0.069007
772,1790556022.739364386,2.673044,0,0,0.006583,0.000430,0.050610,2.498985,0.006971,0.012715,2.486270,0.002512,0.046431
773,1790556022.839587212,2.739699,0,0,0.005511,0.000431,0.048682,2.568236,0.006977,0.012309,2.555927,0.002595,0.046052
774,1790556022.939795971,2.608842,0,0,0.006093,0.000288,0.047281,2.432503,0.005990,0.011325,2.421178,0.002255,0.066885
775,1790556023.039959192,3.082502,0,0,0.006967,0.000368,0.082965,2.841227,0.007818,0.014260,2.826967,0.002462,0.049217
776,1790556023.140159607,2.887441,0,0,0.006312,0.000384,0.068795,2.674130,0.006658,0.026989,2.647141,0.002608,0.049171
777,1790556023.240343094,2.719840,0,0,0.008126,0.000353,0.049720,2.471268,0.012117,0.019411,2.451857,0.004593,0.070856
778,1790556023.340576172,2.719850,0,0,0.005903,0.000389,0.079644,2.499348,0.006191,0.012547,2.486801,0.002421,0.062086
779,1790556023.440768957,2.619525,0,0,0.007307,0.000420,0.065461,2.347867,0.008399,0.014699,2.333168,0.003658,0.055302
780,1790556023.641162157,2.282415,0,0,0.009799,0.000337,0.056399,2.104994,0.005704,0.011627,2.093367,0.002143,0.044395
781,1790556023.741373539,2.317610,0,0,0.011960,0.000537,0.046652,2.136865,0.007335,0.012652,2.124213,0.002652,0.052398
782,1790556023.841597795,2.761222,0,0,0.014729,0.000490,0.087941,2.519415,0.007497,0.015420,2.503995,0.002795,0.049053
783,1790556024.041970491,2.844211,0,0,0.015551,0.000424,0.071752,2.626758,0.007388,0.014242,2.612516,0.002750,0.048468
784,1790556024.142118931,2.603588,0,0,0.009361,0.000373,0.050829,2.309690,0.007409,0.041050,2.268640,0.002633,0.055680
785,1790556024.342512846,2.375208,0,0,0.012348,0.000398,0.062514,2.114674,0.007241,0.013372,2.101302,0.002513,0.108001
786,1790556024.442706108,2.787306,0,0,0.014432,0.000506,0.055393,2.576609,0.008187,0.016397,2.560212,0.002909,0.055490
787,1790556024.542875767,2.204345,0,0,0.014641,0.000331,0.063951,2.014464,0.006347,0.012920,2.001544,0.002474,0.048906
788,1790556024.643135071,2.792440,0,0,0.011660,0.001063,0.069928,2.566449,0.007983,0.014640,2.551809,0.002929,0.051548
789,1790556024.843491554,2.972426,0,0,0.011913,0.000373,0.055645,2.750155,0.011589,0.022116,2.728039,0.004477,0.052954
790,1790556024.943727255,2.470624,0,0,0.009746,0.000390,0.058385,2.218466,0.009557,0.014156,2.204310,0.003030,0.050442
791,1790556025.144088984,3.219203,0,0,0.009160,0.000454,0.076589,2.945362,0.008712,0.014888,2.930474,0.002693,0.081200
792,1790556025.244280338,2.264155,0,0,0.009789,0.000447,0.066978,2.046161,0.006509,0.013638,2.032523,0.002634,0.066087
793,1790556025.444686413,2.491784,0,0,0.013331,0.000476,0.069815,2.286854,0.006834,0.014575,2.272279,0.002706,0.048939
794,1790556025.645100355,2.244269,0,0,0.009410,0.000539,0.067131,2.003443,0.023236,0.022419,1.981024,0.007301,0.050066
795,1790556025.745262861,2.219829,0,0,0.020245,0.000294,0.095518,2.000952,0.006197,0.011007,1.989945,0.002461,0.044310
796,1790556025.945661545,2.915159,0,0,0.008095,0.000335,0.048682,2.620725,0.012535,0.024566,2.596159,0.004087,0.084636
797,1790556026.045886993,2.780177,0,0,0.009857,0.000489,0.056760,2.497443,0.008530,0.017630,2.479813,0.004891,0.087251
798,1790556026.146080732,3.267818,0,0,0.008056,0.000378,0.060683,3.056856,0.007780,0.015032,3.041824,0.002656,0.049422
799,1790556026.246286392,2.584226,0,0,0.010520,0.000465,0.056191,2.354761,0.020989,0.025997,2.328764,0.002548,0.047807
800,1790556026.346435785,2.541738,0,0,0.008727,0.000411,0.067169,2.350576,0.006220,0.011299,2.339277,0.002842,0.047806
801,1790556026.446655512,2.561745,0,0,0.006446,0.000412,0.050315,2.374352,0.006444,0.012088,2.362264,0.002530,0.047680
802,1790556026.546874285,2.305873,0,0,0.006117,0.000351,0.070162,2.115431,0.006906,0.011886,2.103545,0.003204,0.047782
803,1790556026.747249603,2.426777,0,0,0.007767,0.000488,0.056546,2.206178,0.007050,0.013715,2.192463,0.003237,0.067522
804,1790556026.847418070,2.760271,0,0,0.010165,0.000906,0.074059,2.477702,0.009134,0.016121,2.461581,0.003171,0.083055
805,1790556027.047820091,2.317538,0,0,0.009590,0.000352,0.052064,2.048165,0.012808,0.016629,2.031536,0.004278,0.086082
806,1790556027.148007393,2.165790,0,0,0.009091,0.000367,0.060076,1.955498,0.006610,0.012889,1.942609,0.002416,0.064195
807,1790556027.248207331,2.823523,0,0,0.011802,0.000667,0.075750,2.456161,0.012453,0.023116,2.433045,0.004339,0.117686
808,1790556027.348403931,2.977360,0,0,0.016180,0.000699,0.170391,2.606587,0.006981,0.015189,2.591398,0.002740,0.098463
809,1790556027.448625803,2.578959,0,0,0.005472,0.000434,0.048297,2.376889,0.005605,0.011387,2.365502,0.002563,0.065796
810,1790556027.548846960,2.746076,0,0,0.011525,0.000846,0.087739,2.511537,0.006325,0.012115,2.499422,0.002762,0.065961
811,1790556027.649020910,2.923480,0,0,0.007726,0.000431,0.049582,2.645534,0.011054,0.018966,2.626568,0.003667,0.099585
812,1790556027.749186754,2.451979,0,0,0.006511,0.000292,0.046973,2.237704,0.006186,0.011488,2.226216,0.002199,0.065435
813,1790556027.849408150,2.662804,0,0,0.009087,0.000439,0.059265,2.451366,0.006620,0.013292,2.438074,0.002910,0.068444
814,1790556027.949600935,2.576194,0,0,0.006929,0.000366,0.050835,2.368465,0.006481,0.013936,2.354529,0.002460,0.071622
815,1790556028.049796343,2.960221,0,0,0.010334,0.000433,0.054972,2.757674,0.006290,0.013220,2.744454,0.002554,0.069082
816,1790556028.150013685,2.927728,0,0,0.007388,0.000405,0.053861,2.693666,0.007428,0.015361,2.678305,0.002684,0.084390
817,1790556028.250215769,2.869000,0,0,0.006733,0.000298,0.064690,2.665798,0.007470,0.012106,2.653692,0.002354,0.066806
818,1790556028.350343704,2.410147,0,0,0.008658,0.000750,0.071119,2.190908,0.005897,0.012964,2.177944,0.002256,0.073799
819,1790556028.450574398,2.787263,0,0,0.009045,0.000357,0.052063,2.542387,0.009040,0.017371,2.525016,0.003105,0.081801
820,1790556028.550768137,2.570182,0,0,0.009050,0.000563,0.058414,2.360184,0.006781,0.012535,2.347649,0.002631,0.079415
821,1790556028.650981188,2.306046,0,0,0.008928,0.000704,0.073971,2.079697,0.006204,0.013377,2.066320,0.002610,0.068040
822,1790556028.751177549,2.805933,0,0,0.006682,0.000367,0.050796,2.533070,0.007449,0.018367,2.514703,0.002744,0.119629
823,1790556028.851342440,2.419684,0,0,0.006470,0.000773,0.051428,2.232306,0.006227,0.012625,2.219681,0.003092,0.064066
824,1790556028.951613426,2.664808,0,0,0.007676,0.000317,0.054308,2.459877,0.006690,0.012393,2.447484,0.002380,0.073943
825,1790556029.051785469,2.596015,0,0,0.015663,0.000613,0.090311,2.298831,0.008842,0.019113,2.279718,0.004415,0.084336
826,1790556029.151947975,2.554398,0,0,0.008385,0.000476,0.085666,2.279036,0.006969,0.015426,2.263610,0.002292,0.092859
827,1790556029.252136469,3.002285,0,0,0.026084,0.000709,0.112322,2.696741,0.007413,0.014317,2.682424,0.003200,0.086558
828,1790556029.352356434,2.476010,0,0,0.007170,0.000346,0.052904,2.263770,0.006558,0.013228,2.250542,0.003114,0.081562
829,1790556029.452515602,2.811369,0,0,0.012109,0.000350,0.064974,2.564508,0.006933,0.014125,2.550383,0.003125,0.093769
830,1790556029.552795887,2.558286,0,0,0.009427,0.000481,0.071854,2.285582,0.009103,0.019147,2.266435,0.003268,0.078073
831,1790556029.652938604,2.621265,0,0,0.009319,0.000395,0.066078,2.373874,0.006835,0.016985,2.356889,0.002785,0.079410
832,1790556029.753123999,2.202951,0,0,0.006493,0.000488,0.048813,2.028504,0.006510,0.011476,2.017028,0.002036,0.060865
833,1790556029.853318453,2.715849,0,0,0.007055,0.000370,0.050929,2.450755,0.006459,0.012007,2.438748,0.002461,0.137988
834,1790556029.953518152,2.672271,0,0,0.009737,0.000515,0.061015,2.368152,0.009139,0.020769,2.347383,0.003515,0.081933
835,1790556030.053739786,2.502162,0,0,0.006377,0.000566,0.049664,2.317935,0.005706,0.011538,2.306397,0.002267,0.072684
836,1790556030.153908491,2.635276,0,0,0.006612,0.000539,0.048963,2.428246,0.007435,0.014527,2.413719,0.003345,0.068176
837,1790556030.254074812,2.606877,0,0,0.008201,0.000426,0.052030,2.370853,0.007680,0.013107,2.357746,0.003706,0.085921
838,1790556030.354335785,2.820024,0,0,0.007003,0.000334,0.054225,2.570345,0.009897,0.018017,2.552328,0.003893,0.096477
839,1790556030.454490423,2.410053,0,0,0.007528,0.000491,0.051908,2.216466,0.006773,0.012732,2.203734,0.002735,0.067290
840,1790556030.554714680,2.777229,0,0,0.006826,0.000426,0.048964,2.530230,0.007562,0.012425,2.517805,0.002448,0.086725
841,1790556030.654886484,2.558143,0,0,0.006840,0.000389,0.054491,2.334725,0.007740,0.015360,2.319365,0.003080,0.072016
842,1790556030.755111217,2.965144,0,0,0.023301,0.000650,0.052109,2.730310,0.006844,0.015386,2.714924,0.002934,0.071642
843,1790556030.855324268,2.945872,0,0,0.013814,0.000461,0.063351,2.684573,0.007057,0.013038,2.671535,0.002257,0.061690
844,1790556030.955467224,2.531127,0,0,0.005658,0.000352,0.046781,2.349551,0.005703,0.014473,2.335078,0.002304,0.059545
845,1790556031.055710316,2.560012,0,0,0.007587,0.000373,0.049997,2.283864,0.012744,0.017597,2.266267,0.004419,0.099059
846,1790556031.155902863,2.506519,0,0,0.006396,0.000561,0.049803,2.301220,0.006838,0.013600,2.287620,0.003243,0.067191
847,1790556031.256103992,2.815652,0,0,0.008740,0.000436,0.052921,2.547779,0.011092,0.028228,2.519551,0.003934,0.078033
848,1790556031.356264114,2.839141,0,0,0.012127,0.000738,0.080057,2.566550,0.010330,0.017822,2.548728,0.002931,0.077444
849,1790556031.456480026,2.537661,0,0,0.005802,0.000361,0.046557,2.319982,0.006850,0.013268,2.306714,0.002730,0.082443
850,1790556031.556689501,2.484973,0,0,0.008885,0.000739,0.063224,2.223056,0.007263,0.013741,2.209315,0.002563,0.097214
851,1790556031.656882286,2.705360,0,0,0.010316,0.000390,0.058926,2.481407,0.008248,0.016721,2.464686,0.002895,0.067463
852,1790556031.757079601,2.225552,0,0,0.006482,0.000357,0.066426,2.002444,0.005803,0.012630,1.989814,0.002464,0.066077
853,1790556031.857301235,2.185084,0,0,0.007490,0.000533,0.050180,1.993400,0.006699,0.012172,1.981228,0.002352,0.065228
854,1790556032.057633162,2.606192,0,0,0.008166,0.000378,0.072360,2.405357,0.005992,0.011571,2.393786,0.002120,0.062066
855,1790556032.157838345,2.751125,0,0,0.009404,0.000433,0.058059,2.540076,0.007147,0.012441,2.527635,0.002683,0.066314
856,1790556032.258034945,2.759750,0,0,0.024658,0.000373,0.068336,2.513633,0.006556,0.012243,2.501390,0.002605,0.064980
857,1790556032.358244419,2.874878,0,0,0.022902,0.000471,0.070958,2.604985,0.006221,0.012228,2.592757,0.002330,0.081535
858,1790556032.458458424,2.598606,0,0,0.007030,0.000400,0.061544,2.317098,0.010465,0.018883,2.298215,0.003739,0.095694
859,1790556032.558634758,2.593841,0,0,0.006450,0.000648,0.049288,2.402380,0.006125,0.012962,2.389418,0.002382,0.071038
860,1790556032.658821583,3.077061,0,0,0.010076,0.000378,0.079497,2.811568,0.007558,0.014002,2.797566,0.002579,0.064706
861,1790556032.759022236,2.811017,0,0,0.006383,0.000301,0.049620,2.606922,0.006584,0.013923,2.592999,0.003178,0.070000
862,1790556032.859254122,2.554593,0,0,0.009039,0.000452,0.053216,2.340357,0.006516,0.012553,2.327804,0.002426,0.079267
863,1790556032.959399939,2.852701,0,0,0.008379,0.000438,0.052771,2.578377,0.009019,0.014690,2.563687,0.004097,0.085064
864,1790556033.059599876,2.587454,0,0,0.008064,0.000342,0.053186,2.408892,0.006808,0.024703,2.384189,0.002318,0.059187
865,1790556033.159797668,2.861362,0,0,0.008871,0.000388,0.067971,2.634149,0.007115,0.013952,2.620197,0.003000,0.067420
866,1790556033.260030031,2.775035,0,0,0.009241,0.000474,0.053634,2.569184,0.006733,0.013848,2.555336,0.002647,0.066930
867,1790556033.360181570,2.715356,0,0,0.008838,0.000354,0.052083,2.370622,0.009450,0.018817,2.351805,0.004275,0.102477
868,1790556033.460421085,3.077700,0,0,0.010929,0.000635,0.086387,2.720204,0.015519,0.046493,2.673711,0.008398,0.095146
869,1790556033.560616970,2.692555,0,0,0.021187,0.000476,0.048995,2.432390,0.007100,0.027099,2.405291,0.002739,0.070070
870,1790556033.660805464,2.953314,0,0,0.009293,0.000383,0.076567,2.527785,0.005888,0.012553,2.515232,0.002310,0.261492
871,1790556033.760978460,2.924645,0,0,0.008575,0.000406,0.052042,2.732426,0.006788,0.012503,2.719923,0.002591,0.064456
872,1790556033.861205101,2.640206,0,0,0.009297,0.000440,0.065045,2.426531,0.020187,0.011749,2.414782,0.003085,0.062404
873,1790556033.961367130,2.363637,0,0,0.015983,0.000486,0.053350,2.092223,0.021641,0.011506,2.080717,0.002273,0.063334
874,1790556034.061555386,2.660085,0,0,0.010216,0.000439,0.066287,2.432797,0.006909,0.012513,2.420284,0.002155,0.066929
875,1790556034.161784172,2.653917,0,0,0.008986,0.000369,0.082931,2.384138,0.006712,0.012653,2.371485,0.002521,0.108642
876,1790556034.261960983,3.156854,0,0,0.010890,0.000371,0.072547,2.854723,0.010602,0.019728,2.834995,0.003857,0.102587
877,1790556034.362192869,2.559282,0,0,0.009163,0.000475,0.052669,2.342970,0.006494,0.012955,2.330015,0.002569,0.090472
878,1790556034.462377310,2.830848,0,0,0.013011,0.000514,0.071529,2.542564,0.006570,0.012847,2.529717,0.002396,0.126510
879,1790556034.562528372,2.658879,0,0,0.009560,0.000412,0.052704,2.454237,0.007247,0.014011,2.440226,0.002696,0.067080
880,1790556034.662755489,2.618858,0,0,0.009068,0.000381,0.050457,2.346000,0.005886,0.011735,2.334265,0.002186,0.111575
881,1790556034.762938738,2.547465,0,0,0.008424,0.000349,0.095793,2.315854,0.006852,0.011965,2.303889,0.002480,0.063833
882,1790556034.863163948,2.477199,0,0,0.008422,0.000411,0.056542,2.269255,0.006552,0.012969,2.256286,0.002425,0.069686
883,1790556034.963347912,2.304647,0,0,0.006977,0.000426,0.065090,2.092042,0.006436,0.013659,2.078383,0.002288,0.068724
884,1790556035.063553333,2.346799,0,0,0.005341,0.000410,0.046454,2.137480,0.006863,0.012444,2.125036,0.002397,0.071832
885,1790556035.263966799,2.496917,0,0,0.007071,0.000433,0.054381,2.256789,0.013557,0.012086,2.244703,0.003223,0.103248
886,1790556035.364192009,2.777596,0,0,0.010321,0.000789,0.069947,2.520237,0.007759,0.013381,2.506856,0.002427,0.067464
887,1790556035.464315176,2.673693,0,0,0.009883,0.000473,0.054283,2.484238,0.006275,0.011600,2.472638,0.002389,0.061176
888,1790556035.564512968,3.037173,0,0,0.014952,0.000797,0.085001,2.761813,0.008414,0.015873,2.745940,0.003000,0.076201
889,1790556035.664716005,2.861736,0,0,0.009571,0.000754,0.057567,2.600082,0.007311,0.015582,2.584500,0.002690,0.094838
890,1790556035.764932156,2.680457,0,0,0.008300,0.000459,0.064981,2.455597,0.006297,0.013438,2.442159,0.002617,0.082263
891,1790556035.865073681,2.742363,0,0,0.005826,0.000491,0.049487,2.505322,0.008021,0.015665,2.489657,0.003160,0.081464
892,1790556035.965293407,2.424027,0,0,0.005611,0.000435,0.050609,2.239235,0.006159,0.011359,2.227876,0.002704,0.063846
893,1790556036.065531492,2.789193,0,0,0.008226,0.000499,0.072952,2.553701,0.008657,0.014976,2.538725,0.003113,0.070123
894,1790556036.165718079,3.327066,0,0,0.020745,0.000764,0.133798,3.000192,0.008405,0.016962,2.983230,0.003305,0.072366
895,1790556036.265924931,2.550950,0,0,0.009331,0.000359,0.060365,2.301740,0.007419,0.014997,2.286743,0.017321,0.092029
896,1790556036.366089821,2.622202,0,0,0.007879,0.000430,0.058346,2.414954,0.007358,0.013144,2.401810,0.002734,0.068654
897,1790556036.466309547,2.966867,0,0,0.010039,0.000439,0.091095,2.648431,0.008382,0.017780,2.630651,0.004486,0.104569
898,1790556036.566509724,2.930422,0,0,0.009169,0.000363,0.053984,2.697446,0.006661,0.014364,2.683082,0.002739,0.087090
899,1790556036.666718006,2.525845,0,0,0.008507,0.000446,0.054572,2.300986,0.007409,0.014123,2.286863,0.003466,0.082396
900,1790556036.766874313,2.560569,0,0,0.008179,0.000352,0.051829,2.303581,0.009856,0.014026,2.289555,0.003497,0.087157
901,1790556036.867036819,2.760602,0,0,0.008563,0.000336,0.100132,2.499624,0.007079,0.012947,2.486677,0.002577,0.078945
902,1790556036.967283726,2.925124,0,0,0.007968,0.000594,0.054493,2.705961,0.008181,0.016732,2.689229,0.003465,0.068455
903,1790556037.067458391,2.625566,0,0,0.009726,0.000418,0.054284,2.371923,0.010174,0.018885,2.353038,0.002919,0.080920
904,1790556037.167690277,2.278807,0,0,0.008125,0.000419,0.053156,2.026707,0.009764,0.017292,2.009415,0.003216,0.093369
905,1790556037.267903328,2.696502,0,0,0.007914,0.000427,0.054931,2.494407,0.007313,0.012252,2.482155,0.002282,0.066881
906,1790556037.368069410,2.875723,0,0,0.010147,0.000645,0.085518,2.522473,0.010781,0.034073,2.488400,0.004149,0.119750
907,1790556037.468240738,2.877436,0,0,0.006235,0.000410,0.096664,2.632773,0.007480,0.013482,2.619291,0.002377,0.068548
908,1790556037.568467140,2.919621,0,0,0.008890,0.000625,0.064276,2.675327,0.007491,0.013941,2.661386,0.002380,0.089128
909,1790556037.668664217,2.843168,0,0,0.009248,0.000419,0.052734,2.481648,0.014598,0.024652,2.456996,0.005314,0.108536
910,1790556037.768835068,2.788464,0,0,0.009545,0.000467,0.055553,2.505292,0.008120,0.018731,2.486561,0.003049,0.102449
911,1790556037.869046450,2.636904,0,0,0.008860,0.000772,0.060613,2.397923,0.006860,0.012809,2.385114,0.002266,0.085268
912,1790556037.969220877,2.767045,0,0,0.007307,0.000463,0.056471,2.548829,0.007706,0.016028,2.532801,0.002557,0.066831
913,1790556038.069527626,2.817262,0,0,0.008524,0.000428,0.064988,2.508007,0.011808,0.026355,2.481652,0.004760,0.096272
914,1790556038.169655323,2.635490,0,0,0.006616,0.000377,0.046053,2.367129,0.009528,0.020289,2.346840,0.004086,0.088732
915,1790556038.370043993,2.613838,0,0,0.009085,0.000338,0.054394,2.352680,0.007375,0.028602,2.324078,0.003028,0.101404
916,1790556038.470180750,2.722516,0,0,0.009461,0.000796,0.055012,2.478027,0.007074,0.013841,2.464186,0.002854,0.074165
917,1790556038.570431232,2.786866,0,0,0.006759,0.000275,0.051077,2.564669,0.007325,0.014148,2.550521,0.002384,0.081895
918,1790556038.670641661,2.317572,0,0,0.011427,0.000573,0.068269,2.093971,0.007322,0.015188,2.078783,0.002676,0.064675
919,1790556038.770800829,2.300372,0,0,0.008824,0.000327,0.055143,2.068814,0.008536,0.012007,2.056807,0.002369,0.073156
920,1790556038.871031523,2.706221,0,0,0.011928,0.000443,0.077491,2.453095,0.007826,0.016304,2.436791,0.003335,0.069601
921,1790556038.971160889,2.837249,0,0,0.008798,0.001092,0.055970,2.510968,0.007706,0.016106,2.494862,0.002654,0.138436
922,1790556039.071387291,2.708040,0,0,0.006875,0.000249,0.052949,2.453981,0.010971,0.019085,2.434896,0.003335,0.103030
923,1790556039.171597004,2.500242,0,0,0.009128,0.000360,0.075276,2.293897,0.006765,0.011941,2.281956,0.002481,0.063961
924,1790556039.271814585,4.205916,1,0,0.080976,0.000482,0.059312,3.641047,0.012919,1.489265,2.151782,0.004656,0.266142
925,1790556039.371976137,3.865767,0,0,0.010480,0.000648,0.092632,3.402369,0.006809,0.821037,2.581332,0.002860,0.247749
926,1790556039.472145081,3.645067,0,0,0.010967,0.000621,0.077709,3.368439,0.006537,0.700881,2.667558,0.002628,0.071151
927,1790556039.572388649,4.447830,0,0,0.011777,0.000553,0.067497,4.140704,0.007960,0.845808,3.294896,0.003521,0.105198
928,1790556039.672535896,3.373686,0,0,0.009890,0.000466,0.053070,3.155331,0.006093,0.727587,2.427744,0.002432,0.082276
929,1790556039.772796631,3.356492,0,0,0.012784,0.000720,0.102194,2.997645,0.008357,0.745421,2.252224,0.005392,0.090640
930,1790556039.973160028,3.418333,0,0,0.010647,0.000410,0.073204,3.140890,0.008860,0.710393,2.430497,0.004114,0.070655
931,1790556040.073366642,3.711401,0,0,0.009081,0.000308,0.052470,3.428206,0.007387,0.918299,2.509907,0.003587,0.101106
932,1790556040.173593283,4.069843,0,0,0.021010,0.000523,0.087260,3.727938,0.006256,0.712291,3.015647,0.003069,0.138972
933,1790556040.273768902,2.392993,0,0,0.009400,0.000376,0.050771,2.132313,0.007802,0.017436,2.114877,0.003789,0.102650
934,1790556040.373955011,2.736793,0,0,0.009044,0.000360,0.049771,2.427979,0.012368,0.025026,2.402953,0.004225,0.112139
935,1790556040.474137306,2.549065,0,0,0.009528,0.000733,0.051335,2.343534,0.007515,0.015209,2.328325,0.002842,0.064343
936,1790556040.574360609,3.216966,0,0,0.007253,0.000418,0.072648,2.932409,0.007704,0.013776,2.918633,0.017067,0.073190
937,1790556040.674504280,2.507826,0,0,0.005982,0.000444,0.053685,2.308385,0.006756,0.012833,2.295552,0.002517,0.067865
938,1790556040.774756670,2.886551,0,0,0.009866,0.000658,0.089577,2.621921,0.007928,0.015967,2.605954,0.002921,0.068208
939,1790556040.874921799,2.794261,0,0,0.009977,0.000382,0.055233,2.522920,0.008911,0.016104,2.506816,0.004191,0.108942
940,1790556040.975152731,3.036008,0,0,0.010051,0.000477,0.069499,2.756512,0.007165,0.013943,2.742569,0.003012,0.083749
941,1790556041.075304508,2.753942,0,0,0.009826,0.000506,0.069402,2.536004,0.006058,0.026484,2.509520,0.002357,0.067151
942,1790556041.175515652,2.692732,0,0,0.006570,0.000429,0.051710,2.433637,0.020804,0.028810,2.404827,0.002726,0.077321
943,1790556041.275701046,2.454149,0,0,0.009183,0.000405,0.061369,2.217537,0.006795,0.014707,2.202830,0.003083,0.080263
944,1790556041.375921965,2.560839,0,0,0.005836,0.000383,0.050699,2.367882,0.006506,0.011937,2.355945,0.002149,0.076267
945,1790556041.476103306,2.626678,0,0,0.008203,0.000363,0.074862,2.414065,0.005970,0.012563,2.401502,0.002615,0.065831
946,1790556041.576317072,2.579838,0,0,0.007039,0.000399,0.051071,2.301412,0.011176,0.017594,2.283818,0.004573,0.096251
947,1790556041.676494837,2.368134,0,0,0.005841,0.000401,0.049439,2.201596,0.005618,0.011205,2.190391,0.002193,0.057003
948,1790556041.776715994,2.930108,0,0,0.009510,0.000368,0.076585,2.652384,0.007644,0.013204,2.639180,0.002792,0.096424
949,1790556041.876905918,2.687363,0,0,0.008801,0.000652,0.100318,2.419213,0.007558,0.028109,2.391104,0.002783,0.078138
950,1790556041.977123022,2.662159,0,0,0.008497,0.000455,0.054888,2.432032,0.016429,0.017281,2.414751,0.002724,0.075465
951,1790556042.077298164,2.559234,0,0,0.007909,0.000594,0.052075,2.335880,0.006172,0.011430,2.324450,0.002217,0.089577
952,1790556042.177476168,2.487456,0,0,0.006272,0.000304,0.047399,2.285479,0.006407,0.012902,2.272577,0.002565,0.071064
953,1790556042.277675152,2.686743,0,0,0.009152,0.000371,0.064712,2.443219,0.008019,0.014736,2.428483,0.002978,0.074642
954,1790556042.377907276,2.942842,0,0,0.012015,0.000491,0.073309,2.699347,0.008333,0.030672,2.668675,0.002647,0.072914
955,1790556042.478288412,2.539922,0,0,0.006984,0.000445,0.055755,2.272482,0.006479,0.011705,2.260777,0.002754,0.087694
956,1790556042.578283548,3.571346,0,0,0.007360,0.000422,0.053793,2.765714,0.009828,0.020345,2.745369,0.005347,0.077768
957,1790556042.678477526,2.808413,0,0,0.009726,0.000385,0.088716,2.470046,0.010135,0.017599,2.452447,0.003896,0.116029
958,1790556042.778684616,2.719472,0,0,0.008093,0.000364,0.049267,2.496774,0.006960,0.014473,2.482301,0.002371,0.085238
959,1790556042.878884792,2.233367,0,0,0.009124,0.000520,0.062102,2.024927,0.006931,0.012207,2.012720,0.003087,0.063724
960,1790556043.079278708,2.657226,0,0,0.011024,0.000887,0.065216,2.375591,0.010478,0.020299,2.355292,0.004342,0.087014
961,1790556043.279663086,2.367296,0,0,0.009971,0.000445,0.054970,2.165548,0.006865,0.013127,2.152421,0.002346,0.066012
962,1790556043.379831553,2.259753,0,0,0.006154,0.000476,0.050920,2.031674,0.005799,0.012010,2.019664,0.002598,0.091682
963,1790556043.480054379,3.128904,0,0,0.008378,0.000382,0.068639,2.905813,0.006632,0.012759,2.893054,0.002720,0.064934
964,1790556043.580252171,2.668713,0,0,0.009180,0.000399,0.059601,2.406272,0.006112,0.011793,2.394479,0.019967,0.062278
965,1790556043.680414677,2.565908,0,0,0.007756,0.000438,0.051688,2.344341,0.006033,0.011978,2.332363,0.002510,0.097795
966,1790556043.780610561,2.576008,0,0,0.006036,0.000436,0.051544,2.364221,0.005817,0.011673,2.352548,0.002598,0.095545
967,1790556043.881046772,2.889010,0,0,0.009614,0.000293,0.062979,2.588572,0.011255,0.015302,2.573270,0.004062,0.122692
968,1790556043.981045961,2.921472,0,0,0.007115,0.000356,0.075474,2.651178,0.006592,0.026540,2.624638,0.002368,0.084813
969,1790556044.081237316,2.647073,0,0,0.006977,0.000343,0.048385,2.409408,0.020502,0.013409,2.395999,0.002443,0.082510
970,1790556044.181445122,2.856519,0,0,0.011410,0.000686,0.071632,2.574617,0.008284,0.061430,2.513187,0.002864,0.076594
971,1790556044.281600475,2.691216,0,0,0.006814,0.000453,0.050351,2.455424,0.007937,0.014807,2.440617,0.003423,0.077219
972,1790556044.381807804,2.201467,0,0,0.007353,0.000382,0.052286,2.006230,0.006535,0.012047,1.994183,0.002531,0.067505
973,1790556044.682417393,2.168962,0,0,0.008625,0.000343,0.052461,1.954364,0.006322,0.012514,1.941850,0.002947,0.085573
974,1790556044.782573938,2.858019,0,0,0.010754,0.000435,0.065337,2.607053,0.008018,0.015679,2.591374,0.003141,0.081458
975,1790556044.882772446,2.807557,0,0,0.007240,0.000426,0.052960,2.591225,0.007514,0.014060,2.577165,0.002949,0.080704
976,1790556044.982978821,2.331638,0,0,0.009362,0.000401,0.061978,2.059721,0.012088,0.013688,2.046033,0.003150,0.080490
977,1790556045.183372974,2.437526,0,0,0.005888,0.000496,0.057897,2.252969,0.006232,0.012159,2.240810,0.002784,0.059792
978,1790556045.383795023,2.427980,0,0,0.011916,0.000470,0.058836,2.179266,0.007504,0.013699,2.165567,0.003359,0.075415
979,1790556045.483958721,2.405957,0,0,0.007811,0.000604,0.049510,2.201799,0.006294,0.011318,2.190481,0.002367,0.086778
980,1790556045.884770155,2.565206,0,0,0.008967,0.000337,0.058448,2.237136,0.009937,0.019403,2.217733,0.004460,0.133604
981,1790556045.984956741,3.099780,0,0,0.008834,0.000706,0.069254,2.862004,0.007058,0.013348,2.848656,0.002862,0.071166
982,1790556046.085139513,2.735090,0,0,0.009031,0.000439,0.076584,2.519304,0.006587,0.012387,2.506917,0.002773,0.061954
983,1790556046.185326099,2.745009,0,0,0.008615,0.000366,0.051076,2.477810,0.007059,0.015217,2.462593,0.002671,0.085598
984,1790556046.285530329,2.557136,0,0,0.009218,0.000564,0.054382,2.366706,0.006935,0.012423,2.354283,0.002752,0.062233
985,1790556046.385755539,2.428099,0,0,0.008779,0.000435,0.049556,2.245352,0.006169,0.011898,2.233454,0.002733,0.063626
986,1790556046.485920668,2.990593,0,0,0.008233,0.000357,0.052695,2.745238,0.009704,0.019740,2.725498,0.003833,0.071097
987,1790556046.586105108,2.696615,0,0,0.009716,0.000440,0.056228,2.474249,0.006225,0.012947,2.461302,0.002681,0.083982
988,1790556046.686313152,2.705833,0,0,0.007457,0.000412,0.051749,2.436792,0.010007,0.029822,2.406970,0.004238,0.108051
989,1790556046.786568642,2.631270,0,0,0.006440,0.000733,0.050510,2.438605,0.006485,0.021432,2.417173,0.002555,0.066219
990,1790556046.886733055,2.897359,0,0,0.006641,0.000695,0.063970,2.591568,0.009202,0.016865,2.574703,0.004088,0.118177
991,1790556046.986909866,2.714536,0,0,0.006200,0.000284,0.048717,2.462747,0.006529,0.027893,2.434854,0.003058,0.094817
992,1790556047.087097406,2.668393,0,0,0.008779,0.000341,0.051484,2.431523,0.008798,0.016305,2.415218,0.003655,0.082193
993,1790556047.187325478,2.657963,0,0,0.009156,0.000517,0.068092,2.403789,0.006480,0.011287,2.392502,0.002353,0.112723
994,1790556047.287465572,2.501851,0,0,0.009035,0.000830,0.053619,2.223572,0.006912,0.014046,2.209526,0.002547,0.116852
995,1790556047.387886763,2.653785,0,0,0.007973,0.000285,0.052801,2.441079,0.006266,0.012350,2.428729,0.002608,0.086864
996,1790556047.487918377,2.414519,0,0,0.006259,0.000593,0.047212,2.178340,0.009217,0.016656,2.161684,0.003410,0.093138
997,1790556047.688309193,2.440921,0,0,0.006656,0.000587,0.050580,2.223085,0.010355,0.014968,2.208117,0.004113,0.072032
998,1790556047.888695002,3.132303,0,0,0.012754,0.000683,0.080867,2.844617,0.006944,0.015133,2.829484,0.002702,0.104833
999,1790556047.988860369,2.650819,0,0,0.007076,0.000362,0.055146,2.455512,0.007532,0.036201,2.419311,0.002651,0.066855
1000,1790556048.089078903,2.451064,0,0,0.007859,0.000511,0.050797,2.210211,0.006230,0.024920,2.185291,0.002524,0.071604
1001,1790556048.189234018,2.497930,0,0,0.006709,0.000368,0.047655,2.271141,0.008991,0.012804,2.258337,0.003502,0.090841
1002,1790556048.289458036,2.918500,0,0,0.008030,0.000590,0.062150,2.670805,0.007624,0.013331,2.657474,0.002419,0.088991
1003,1790556048.389622211,2.728963,0,0,0.010184,0.000529,0.069165,2.481381,0.006791,0.014052,2.467329,0.002541,0.065860
1004,1790556048.489891768,2.337806,0,0,0.010201,0.000498,0.057677,2.098659,0.006755,0.012638,2.086021,0.002577,0.099364
1005,1790556048.690263987,2.460407,0,0,0.007290,0.000482,0.066940,2.193514,0.006523,0.012918,2.180596,0.002870,0.082147
1006,1790556048.890677929,2.455085,0,0,0.008789,0.000471,0.065053,2.234958,0.006943,0.013124,2.221834,0.002520,0.069809
1007,1790556048.990824699,2.656209,0,0,0.009475,0.000474,0.056403,2.454242,0.006945,0.012162,2.442080,0.002755,0.064956
1008,1790556049.091051817,2.395071,0,0,0.006664,0.000388,0.063720,2.193950,0.006245,0.010759,2.183191,0.002234,0.075877
1009,1790556049.191257715,2.667310,0,0,0.008024,0.000302,0.052122,2.463149,0.007301,0.012979,2.450170,0.002449,0.068560
1010,1790556049.291464806,2.633981,0,0,0.009480,0.000485,0.054919,2.436305,0.007008,0.012689,2.423616,0.002667,0.065128
1011,1790556049.391642332,2.679040,0,0,0.008603,0.000411,0.066511,2.391915,0.010673,0.020289,2.371626,0.003940,0.101878
1012,1790556049.491837263,2.673483,0,0,0.008102,0.000302,0.064162,2.452658,0.007788,0.012859,2.439799,0.002550,0.078557
1013,1790556049.592049837,2.751321,0,0,0.009350,0.000386,0.071931,2.530821,0.006993,0.014043,2.516778,0.003249,0.063313
1014,1790556049.692217588,2.510255,0,0,0.008561,0.000415,0.067688,2.250929,0.006530,0.012598,2.238331,0.002942,0.080332
1015,1790556049.892636299,2.366076,0,0,0.010251,0.000482,0.068620,2.144368,0.007539,0.013156,2.131212,0.002267,0.063837
1016,1790556049.992820978,2.707759,0,0,0.008691,0.000353,0.050999,2.449152,0.011037,0.017441,2.431711,0.004414,0.095296
1017,1790556050.093034506,2.374028,0,0,0.011243,0.000769,0.055919,2.177571,0.006195,0.017526,2.160045,0.002902,0.063872
1018,1790556050.293419123,2.350850,0,0,0.008003,0.000383,0.052455,2.101915,0.008460,0.021869,2.080046,0.003309,0.079149
1019,1790556050.393637896,2.298835,0,0,0.014034,0.000450,0.052333,2.088340,0.006520,0.012186,2.076154,0.002594,0.078695
1020,1790556050.593971014,2.514190,0,0,0.008999,0.000441,0.073248,2.270288,0.008158,0.015584,2.254704,0.002493,0.074577
1021,1790556050.694202662,2.643523,0,0,0.008283,0.000501,0.051373,2.448004,0.006381,0.013418,2.434586,0.002584,0.067587
1022,1790556050.794359922,3.075618,0,0,0.006938,0.000406,0.048100,2.808423,0.008809,0.016591,2.791832,0.003089,0.091457
1023,1790556050.894579649,2.625096,0,0,0.005932,0.000306,0.061625,2.431631,0.006793,0.011183,2.420448,0.002470,0.062245
1024,1790556050.994791985,2.867475,0,0,0.010177,0.000334,0.053957,2.646132,0.023144,0.014220,2.631912,0.003233,0.066557
1025,1790556051.094957113,2.729427,0,0,0.009132,0.000238,0.052972,2.513291,0.005171,0.012153,2.501138,0.002432,0.060972
1026,1790556051.195148230,2.771083,0,0,0.007622,0.000261,0.049457,2.514307,0.007518,0.017863,2.496444,0.003387,0.092529
1027,1790556051.295390129,2.617688,0,0,0.009191,0.000336,0.069339,2.370858,0.006687,0.014463,2.356395,0.002373,0.087166
1028,1790556051.395589590,2.495285,0,0,0.007018,0.000214,0.078582,2.264289,0.006301,0.013012,2.251277,0.002526,0.075896
1029,1790556051.495738029,2.729574,0,0,0.006705,0.000270,0.068672,2.513864,0.006392,0.013132,2.500732,0.006774,0.068445
1030,1790556051.595962048,2.736706,0,0,0.008182,0.000393,0.051927,2.500545,0.006794,0.013680,2.486865,0.003740,0.092572
1031,1790556051.696152210,2.566133,0,0,0.009412,0.000326,0.054017,2.322543,0.006752,0.015860,2.306683,0.002822,0.082432
1032,1790556051.796344042,2.487319,0,0,0.009018,0.000360,0.060822,2.236330,0.006430,0.013548,2.222782,0.002453,0.069501
1033,1790556051.896518469,2.503205,0,0,0.025577,0.000387,0.077127,2.186888,0.009338,0.013644,2.173244,0.002349,0.099363
1034,1790556051.996726513,2.998406,0,0,0.010871,0.000574,0.086153,2.693119,0.009194,0.022194,2.670925,0.003975,0.086071
1035,1790556052.096920729,2.546924,0,0,0.007852,0.000185,0.053359,2.304617,0.005934,0.015009,2.289608,0.002507,0.100281
1036,1790556052.197179556,2.633444,0,0,0.014916,0.000585,0.057461,2.406010,0.006361,0.015433,2.390577,0.002554,0.070100
1037,1790556052.297306538,2.407897,0,0,0.005771,0.000237,0.049322,2.160764,0.006666,0.015476,2.145288,0.003425,0.073936
1038,1790556052.497671843,2.522773,0,0,0.009527,0.000237,0.055034,2.306093,0.007481,0.015637,2.290456,0.002784,0.066295
1039,1790556052.597916365,2.441694,0,0,0.010569,0.000295,0.053972,2.224904,0.006139,0.012654,2.212250,0.002534,0.079455
1040,1790556052.698088408,2.687784,0,0,0.011561,0.000294,0.057170,2.434739,0.006419,0.015846,2.418893,0.002411,0.088850
1041,1790556052.798291206,2.912088,0,0,0.011190,0.000334,0.076989,2.678588,0.005937,0.013558,2.665030,0.002996,0.069569
1042,1790556052.898483753,2.168885,0,0,0.008922,0.000239,0.053412,1.967143,0.005026,0.024860,1.942283,0.002099,0.076060
1043,1790556052.998705626,2.476129,0,0,0.006693,0.000225,0.051585,2.279188,0.005565,0.013292,2.265896,0.002243,0.066290
1044,1790556053.098875284,2.672980,0,0,0.008467,0.000207,0.082421,2.420019,0.006452,0.013865,2.406154,0.002407,0.080724
1045,1790556053.199070692,2.612019,0,0,0.009183,0.000201,0.052550,2.417467,0.005085,0.012196,2.405271,0.002210,0.071356
1046,1790556053.299242020,2.426828,0,0,0.006435,0.000184,0.049058,2.256179,0.005669,0.012167,2.244012,0.002425,0.056544
1047,1790556053.399479628,2.609133,0,0,0.009308,0.000291,0.068320,2.387304,0.007200,0.013525,2.373779,0.002917,0.066679
1048,1790556053.499660015,2.443497,0,0,0.006690,0.000216,0.047514,2.255362,0.005400,0.012518,2.242844,0.002592,0.061751
1049,1790556053.599853039,2.433427,0,0,0.006339,0.000304,0.062994,2.231364,0.005354,0.011785,2.219579,0.002478,0.060151
1050,1790556053.700083733,3.223401,0,0,0.011099,0.000449,0.119382,2.872434,0.005757,0.013980,2.858454,0.002672,0.129828
1051,1790556053.800269127,2.716725,0,0,0.009226,0.000532,0.051431,2.467655,0.006292,0.018968,2.448687,0.002831,0.085965
1052,1790556053.900444984,2.395334,0,0,0.007549,0.000284,0.088261,2.124201,0.006259,0.013581,2.110620,0.002307,0.083663
1053,1790556054.000641823,2.606988,0,0,0.005872,0.000406,0.051413,2.416278,0.006366,0.014076,2.402202,0.002575,0.063622
1054,1790556054.100851297,3.330900,0,0,0.013942,0.000716,0.087396,3.071165,0.006271,0.013673,3.057492,0.002551,0.068053
1055,1790556054.201050282,2.899578,0,0,0.020574,0.001061,0.145832,2.560054,0.009990,0.022045,2.538009,0.004435,0.071691
1056,1790556054.301229715,2.593029,0,0,0.008289,0.000237,0.060632,2.363521,0.006039,0.013210,2.350311,0.002261,0.085960
1057,1790556054.401427507,2.524975,0,0,0.006429,0.000299,0.058260,2.263836,0.005276,0.011790,2.252046,0.002545,0.130933
1058,1790556054.501598358,3.029870,0,0,0.008936,0.000400,0.092482,2.763735,0.005768,0.015177,2.748558,0.002639,0.081407
1059,1790556054.601794481,2.403372,0,0,0.008385,0.000257,0.056121,2.205505,0.005989,0.013157,2.192348,0.002704,0.064132
1060,1790556054.802249670,2.628514,0,0,0.009268,0.000256,0.058135,2.341359,0.009230,0.029426,2.311933,0.003303,0.103280
1061,1790556054.902389050,2.517587,0,0,0.009788,0.000221,0.053791,2.269567,0.006390,0.014585,2.254982,0.002861,0.082688
1062,1790556055.102804422,2.410560,0,0,0.007041,0.000194,0.050026,2.230029,0.004946,0.011849,2.218180,0.002388,0.060722
1063,1790556055.203028917,2.521492,0,0,0.021684,0.000232,0.063027,2.319021,0.005425,0.011981,2.307040,0.002140,0.058828
1064,1790556055.303521395,2.311220,0,0,0.009160,0.000214,0.057089,2.061142,0.006214,0.015225,2.045917,0.002995,0.104041
1065,1790556055.503638029,2.766744,0,0,0.008912,0.000198,0.059783,2.538703,0.005373,0.014445,2.524258,0.002728,0.085996
1066,1790556055.603795290,2.602301,0,0,0.009657,0.000248,0.052494,2.308093,0.007769,0.017611,2.290482,0.003486,0.104962
1067,1790556055.703989744,2.524897,0,0,0.010885,0.000234,0.071157,2.270878,0.007206,0.014597,2.256281,0.002722,0.083789
1068,1790556055.804183245,2.382377,0,0,0.008958,0.000340,0.078658,2.141269,0.006680,0.014314,2.126955,0.002494,0.071812
1069,1790556055.904382467,2.440643,0,0,0.026794,0.000564,0.120822,2.162423,0.005404,0.012141,2.150282,0.002158,0.066947
1070,1790556056.004551411,2.638357,0,0,0.011654,0.000358,0.064698,2.316053,0.008796,0.018079,2.297974,0.004476,0.134294
1071,1790556056.104781866,2.915781,0,0,0.008463,0.000333,0.067821,2.584292,0.013221,0.023582,2.560710,0.004724,0.099676
1072,1790556056.204980373,2.929537,0,0,0.010694,0.000291,0.066878,2.684228,0.005814,0.014626,2.669602,0.003062,0.086099
1073,1790556056.305138111,2.860388,0,0,0.010385,0.000308,0.067873,2.605448,0.005801,0.013379,2.592069,0.003095,0.088606
1074,1790556056.405334234,2.457090,0,0,0.006905,0.000258,0.072172,2.226058,0.006710,0.014557,2.211501,0.002521,0.068179
1075,1790556056.605801582,2.372991,0,0,0.006051,0.000221,0.050185,2.138893,0.008203,0.016314,2.122579,0.002920,0.074479
1076,1790556056.705945492,2.680200,0,0,0.006189,0.000267,0.055096,2.400517,0.009472,0.022616,2.377901,0.003362,0.094076
1077,1790556056.806149483,2.821692,0,0,0.009677,0.000231,0.078188,2.550598,0.007626,0.017737,2.532861,0.002844,0.070028
1078,1790556056.906336784,2.855362,0,0,0.009994,0.000208,0.071941,2.603140,0.019458,0.015014,2.588126,0.002846,0.078545
1079,1790556057.006536245,3.195735,0,0,0.012225,0.000266,0.067162,2.894305,0.010661,0.021057,2.873248,0.005372,0.108618
1080,1790556057.106738091,2.535934,0,0,0.006963,0.000207,0.051712,2.322529,0.005649,0.014372,2.308157,0.002838,0.072863
1081,1790556057.206909895,2.669472,0,0,0.006792,0.000280,0.068666,2.466378,0.005668,0.012184,2.454194,0.002516,0.062979
1082,1790556057.307160616,2.526957,0,0,0.006844,0.000197,0.047665,2.267778,0.009215,0.017445,2.250333,0.004375,0.113111
1083,1790556057.507495403,2.184348,0,0,0.008771,0.000309,0.051955,1.983313,0.005385,0.011831,1.971482,0.002623,0.077266
1084,1790556057.607752562,2.572474,0,0,0.006633,0.000236,0.048268,2.271704,0.007345,0.020755,2.250949,0.002487,0.118783
1085,1790556057.707918644,2.730855,0,0,0.010456,0.000518,0.057950,2.517793,0.006577,0.016848,2.500945,0.002314,0.064609
1086,1790556057.808110952,2.744475,0,0,0.007284,0.000231,0.049308,2.513575,0.006981,0.018876,2.494699,0.003653,0.071412
1087,1790556057.908352852,2.787056,0,0,0.007068,0.000264,0.064357,2.536935,0.007345,0.014867,2.522068,0.003164,0.074884
1088,1790556058.008514404,2.965055,0,0,0.007725,0.000224,0.055058,2.639916,0.008587,0.017894,2.622022,0.002779,0.126586
1089,1790556058.108733654,2.704612,0,0,0.007406,0.000320,0.050623,2.504943,0.005742,0.016835,2.488108,0.002184,0.061562
1090,1790556058.208895206,2.648874,0,0,0.017550,0.000656,0.084589,2.370311,0.006685,0.016947,2.353364,0.003693,0.089834
1091,1790556058.309126377,2.820417,0,0,0.009430,0.000684,0.066355,2.555301,0.005568,0.012155,2.543146,0.002254,0.109240
1092,1790556058.409260988,2.971563,0,0,0.006298,0.000248,0.072796,2.683449,0.006737,0.018757,2.664692,0.002503,0.102273
1093,1790556058.509514332,2.661698,0,0,0.008085,0.000182,0.069747,2.428585,0.006196,0.015261,2.413324,0.003040,0.070472
1094,1790556058.609677553,2.827088,0,0,0.006685,0.000183,0.047937,2.559977,0.008948,0.019708,2.540269,0.004250,0.104593
1095,1790556058.709910870,2.925686,0,0,0.007951,0.000253,0.051489,2.674838,0.030003,0.011856,2.662982,0.002339,0.081249
1096,1790556058.810068130,2.802331,0,0,0.011537,0.000356,0.079329,2.511404,0.005478,0.012652,2.498752,0.002270,0.129266
1097,1790556058.910300255,2.674349,0,0,0.021216,0.000216,0.060305,2.455357,0.006139,0.013810,2.441547,0.002500,0.065419
1098,1790556059.010443449,2.860141,0,0,0.009755,0.000322,0.059994,2.575414,0.008215,0.017051,2.558363,0.003018,0.114897
1099,1790556059.110691547,2.606641,0,0,0.009610,0.000298,0.064773,2.385216,0.006356,0.014685,2.370531,0.002343,0.069603
1100,1790556059.210864067,2.769155,0,0,0.007618,0.000246,0.062824,2.516176,0.007969,0.013746,2.502430,0.003209,0.085519
1101,1790556059.311060429,2.672400,0,0,0.014164,0.000272,0.082705,2.432974,0.005865,0.015601,2.417373,0.002343,0.067766
1102,1790556059.411249638,2.679518,0,0,0.020621,0.000179,0.080008,2.420649,0.005041,0.013145,2.407504,0.002502,0.088072
1103,1790556059.511470079,2.563911,0,0,0.007104,0.000236,0.049487,2.372568,0.005253,0.011408,2.361160,0.002168,0.076326
1104,1790556059.611646891,2.740565,0,0,0.007295,0.000216,0.048922,2.471327,0.006674,0.017559,2.453768,0.002367,0.090417
1105,1790556059.711854219,2.542454,0,0,0.008843,0.000304,0.053513,2.298093,0.006425,0.014673,2.283420,0.006093,0.086636
1106,1790556059.812073708,2.600152,0,0,0.009301,0.000227,0.080459,2.313781,0.011162,0.017412,2.296369,0.004025,0.084575
1107,1790556059.912421703,3.233502,0,0,0.006291,0.000187,0.050234,2.997733,0.008145,0.023793,2.973940,0.003429,0.081112
1108,1790556060.012433767,2.400282,0,0,0.010315,0.000252,0.063464,2.162552,0.005384,0.012923,2.149629,0.002303,0.082135
1109,1790556060.112672806,2.823421,0,0,0.006006,0.000274,0.104382,2.534246,0.006675,0.013978,2.520268,0.002569,0.071980
1110,1790556060.212866545,2.729751,0,0,0.006737,0.000237,0.062022,2.522049,0.005615,0.013669,2.508380,0.002477,0.066404
1111,1790556060.313019276,2.328958,0,0,0.006331,0.000258,0.048735,2.154914,0.005632,0.011488,2.143426,0.002461,0.060197
1112,1790556060.513411045,2.732451,0,0,0.009260,0.000495,0.076942,2.488548,0.006523,0.026671,2.461877,0.002339,0.062049
1113,1790556060.613612890,2.559647,0,0,0.006826,0.000371,0.058547,2.357793,0.006155,0.012735,2.345058,0.002270,0.064310
1114,1790556060.713802576,2.374266,0,0,0.007080,0.000264,0.051088,2.134055,0.005390,0.012202,2.121853,0.002105,0.086783
1115,1790556060.914235353,2.932921,0,0,0.008355,0.000283,0.064203,2.684604,0.006731,0.015574,2.669030,0.002850,0.075139
1116,1790556061.014392376,3.006748,0,0,0.006832,0.000197,0.068836,2.759976,0.006666,0.015481,2.744495,0.003167,0.076657
1117,1790556061.114578485,2.651320,0,0,0.009358,0.000280,0.054473,2.410833,0.006383,0.013116,2.397717,0.003044,0.077797
1118,1790556061.214811563,2.940518,0,0,0.007257,0.000327,0.049829,2.688542,0.006221,0.014441,2.674101,0.002427,0.117369
1119,1790556061.314994335,2.912934,0,0,0.007378,0.000232,0.054429,2.585580,0.009452,0.018674,2.566906,0.003761,0.123412
1120,1790556061.415201902,2.536290,0,0,0.007864,0.000238,0.060383,2.338495,0.006110,0.011896,2.326599,0.002269,0.063693
1121,1790556061.515404463,2.549916,0,0,0.009510,0.000178,0.074150,2.314988,0.005915,0.012238,2.302750,0.002212,0.089655
1122,1790556061.615561247,2.481705,0,0,0.010484,0.000358,0.057425,2.260565,0.006589,0.017147,2.243418,0.003454,0.066810
1123,1790556061.815991402,3.154736,0,0,0.016930,0.000565,0.091697,2.879679,0.005600,0.015127,2.864552,0.002480,0.085449
1124,1790556061.916197062,2.513622,0,0,0.005475,0.000245,0.049358,2.281445,0.005378,0.011652,2.269793,0.002568,0.092286
1125,1790556062.016374826,3.186302,0,0,0.008722,0.000289,0.073651,2.806485,0.022507,0.022710,2.783775,0.004362,0.132201
1126,1790556062.116524696,2.593743,0,0,0.008261,0.000250,0.052056,2.375407,0.006260,0.014866,2.360541,0.003036,0.070903
1127,1790556062.216753721,2.725374,0,0,0.006836,0.000297,0.050571,2.491049,0.006129,0.014049,2.477000,0.002890,0.098348
1128,1790556062.316980362,2.448713,0,0,0.005719,0.000184,0.047554,2.252324,0.004576,0.011217,2.241107,0.002132,0.058744
1129,1790556062.417143583,2.698110,0,0,0.008416,0.000210,0.054238,2.455159,0.007031,0.015429,2.439730,0.003056,0.084731
1130,1790556062.517311811,2.786169,0,0,0.009178,0.000289,0.083859,2.542073,0.005479,0.012801,2.529272,0.002654,0.065152
1131,1790556062.617534876,2.782536,0,0,0.012497,0.000608,0.116868,2.473538,0.006897,0.015973,2.457565,0.002893,0.078718
1132,1790556062.717729092,2.397817,0,0,0.009171,0.000231,0.053041,2.157189,0.006857,0.015180,2.142009,0.002777,0.078647
1133,1790556062.918129683,2.681687,0,0,0.008947,0.000341,0.056616,2.427216,0.019814,0.012904,2.414312,0.002520,0.078324
1134,1790556063.018349648,2.611289,0,0,0.008786,0.000267,0.098268,2.210916,0.023295,0.015711,2.195205,0.002822,0.141264
1135,1790556063.118517876,2.785570,0,0,0.025033,0.000387,0.076068,2.535452,0.006377,0.014739,2.520713,0.002693,0.063895
1136,1790556063.218741417,2.455173,0,0,0.007387,0.000224,0.053284,2.225492,0.019597,0.032697,2.192795,0.002385,0.076745
1137,1790556063.318899632,2.492485,0,0,0.007499,0.000228,0.052228,2.293687,0.007219,0.013150,2.280537,0.002572,0.064710
1138,1790556063.419144869,3.348467,0,0,0.007433,0.000229,0.065532,3.115445,0.006911,0.014381,3.101064,0.002615,0.070261
1139,1790556063.519294977,2.680277,0,0,0.008848,0.000646,0.070453,2.440625,0.005643,0.015375,2.425250,0.021001,0.061845
1140,1790556063.619499683,2.627368,0,0,0.008163,0.000620,0.064619,2.413371,0.005260,0.011887,2.401484,0.002553,0.077076
1141,1790556063.719723940,3.183637,0,0,0.014663,0.000525,0.096586,2.919347,0.006998,0.014675,2.904672,0.002720,0.068030
1142,1790556063.819912195,2.629645,0,0,0.010058,0.000383,0.059305,2.419704,0.005202,0.012891,2.406813,0.003191,0.071365
1143,1790556063.920093298,3.076160,0,0,0.024019,0.000316,0.058192,2.737725,0.010281,0.014143,2.723582,0.003356,0.115298
1144,1790556064.020303249,2.862799,0,0,0.023388,0.000413,0.065933,2.592419,0.020654,0.043802,2.548617,0.002282,0.064482
1145,1790556064.120496035,2.344384,0,0,0.006055,0.000438,0.048640,2.101181,0.006366,0.013845,2.087336,0.003360,0.106151
1146,1790556064.220704556,2.434494,0,0,0.006370,0.000170,0.049430,2.242692,0.005904,0.025155,2.217537,0.002047,0.076540
1147,1790556064.320877790,2.414938,0,0,0.009556,0.000236,0.058171,2.168525,0.006349,0.012858,2.155667,0.002287,0.092163
1148,1790556064.421088219,2.615927,0,0,0.006685,0.000193,0.061746,2.375280,0.006425,0.014046,2.361234,0.002701,0.087562
1149,1790556064.521260738,2.583977,0,0,0.007180,0.000361,0.049891,2.321223,0.006979,0.016075,2.305148,0.002768,0.091448
1150,1790556064.621457815,2.196756,0,0,0.009064,0.000235,0.067199,1.975692,0.005303,0.011892,1.963800,0.002554,0.074826
1151,1790556064.821902990,2.817639,0,0,0.028085,0.000353,0.090319,2.538526,0.006441,0.015481,2.523045,0.002675,0.072413
1152,1790556064.922051668,2.826806,0,0,0.008989,0.000272,0.086833,2.522148,0.006252,0.016179,2.505969,0.002959,0.069698
1153,1790556065.022249937,3.063076,0,0,0.009326,0.000268,0.062394,2.806027,0.010560,0.020337,2.785690,0.003876,0.071235
1154,1790556065.122454882,2.543851,0,0,0.009092,0.000408,0.056194,2.353929,0.005901,0.012024,2.341905,0.002194,0.061017
1155,1790556065.222688198,2.557633,0,0,0.008745,0.000250,0.048682,2.332410,0.006089,0.013726,2.318684,0.002644,0.081591
1156,1790556065.322867155,2.622067,0,0,0.030977,0.000230,0.078017,2.364535,0.006592,0.014088,2.350447,0.002274,0.070234
1157,1790556065.423041344,2.622939,0,0,0.008639,0.000221,0.064856,2.419831,0.005538,0.012414,2.407417,0.002283,0.063205
1158,1790556065.523258209,2.604918,0,0,0.008945,0.000364,0.055237,2.385723,0.005191,0.011584,2.374139,0.002421,0.091319
1159,1790556065.623452663,2.488971,0,0,0.008506,0.000251,0.051860,2.199754,0.008755,0.015099,2.184655,0.004038,0.112001
1160,1790556065.823815584,2.933539,0,0,0.011697,0.000399,0.076648,2.485347,0.011194,0.028326,2.457021,0.004241,0.171363
1161,1790556065.924062252,2.459969,0,0,0.009318,0.000234,0.057262,2.259861,0.005673,0.013561,2.246300,0.002805,0.063421
1162,1790556066.024245262,2.944189,0,0,0.007660,0.000228,0.057370,2.695994,0.006369,0.014841,2.681153,0.003143,0.077703
1163,1790556066.124413729,2.443300,0,0,0.008539,0.000254,0.064354,2.196390,0.007313,0.015125,2.181265,0.002844,0.076811
1164,1790556066.224657774,2.527828,0,0,0.010295,0.000447,0.053370,2.264550,0.005372,0.014258,2.250292,0.002165,0.088578
1165,1790556066.324800491,2.788021,0,0,0.009786,0.000273,0.062547,2.561426,0.006689,0.015071,2.546355,0.003114,0.067468
1166,1790556066.425000906,2.507109,0,0,0.007209,0.000254,0.057143,2.307246,0.006180,0.013383,2.293863,0.002125,0.064606
1167,1790556066.525206089,2.685763,0,0,0.005829,0.000270,0.049288,2.518591,0.005291,0.011338,2.507253,0.001975,0.056998
1168,1790556066.625421286,3.088464,0,0,0.009230,0.000258,0.069460,2.887517,0.006113,0.011670,2.875847,0.002354,0.060086
1169,1790556066.725633621,2.638116,0,0,0.008392,0.000244,0.052168,2.418236,0.006343,0.014357,2.403879,0.002353,0.070437
1170,1790556066.825817347,2.647206,0,0,0.007244,0.000263,0.049613,2.439827,0.005745,0.013227,2.426600,0.002647,0.080182
1171,1790556066.926009417,2.518177,0,0,0.007820,0.000302,0.055341,2.324741,0.005319,0.013315,2.311426,0.002320,0.062961
1172,1790556067.026182175,2.560773,0,0,0.005583,0.000270,0.049308,2.362830,0.006196,0.016041,2.346789,0.002522,0.066773
1173,1790556067.126423120,2.625690,0,0,0.009315,0.000195,0.050650,2.375479,0.007171,0.016925,2.358554,0.004369,0.074867
1174,1790556067.226612568,2.748453,0,0,0.010165,0.000278,0.069295,2.500409,0.007758,0.029798,2.470611,0.003030,0.074633
1175,1790556067.326801300,2.522259,0,0,0.007841,0.000216,0.093145,2.211535,0.009947,0.016520,2.195015,0.004360,0.091524
1176,1790556067.527222157,2.199724,0,0,0.005921,0.000174,0.048360,1.976156,0.007407,0.014395,1.961761,0.003348,0.075510
1177,1790556067.627380133,2.415165,0,0,0.006403,0.000260,0.063406,2.162288,0.006043,0.012563,2.149725,0.002411,0.086071
1178,1790556067.827782393,2.875729,0,0,0.009542,0.000250,0.055735,2.634790,0.006756,0.030242,2.604548,0.003121,0.086210
1179,1790556067.927973270,3.528090,0,0,0.015353,0.000430,0.101343,3.217940,0.005897,0.031755,3.186185,0.002907,0.071239
1180,1790556068.028168201,2.800104,0,0,0.013436,0.000315,0.090894,2.285105,0.011359,0.046289,2.238816,0.027087,0.182428
1181,1790556068.128375053,2.842178,0,0,0.011170,0.000348,0.095684,2.427356,0.011880,0.026530,2.400826,0.004764,0.135392
1182,1790556068.228551149,2.582812,0,0,0.006418,0.000165,0.048493,2.404633,0.006227,0.011419,2.393214,0.001972,0.061026
1183,1790556068.328761339,2.387333,0,0,0.024132,0.000290,0.082338,2.113150,0.005893,0.014248,2.098902,0.002872,0.083186
1184,1790556068.428929329,2.578715,0,0,0.008089,0.000249,0.055075,2.375760,0.005721,0.013415,2.362345,0.002573,0.062658
1185,1790556068.529094696,2.629347,0,0,0.008517,0.000305,0.055297,2.377717,0.007168,0.014800,2.362917,0.004122,0.083951
1186,1790556068.629322767,2.386098,0,0,0.023319,0.000208,0.055193,2.127929,0.008914,0.013780,2.114149,0.003561,0.084929
1187,1790556068.829690695,2.816405,0,0,0.018061,0.000445,0.091969,2.497130,0.007121,0.019348,2.477782,0.003893,0.082271
1188,1790556069.030117273,2.721901,0,0,0.006327,0.000238,0.082776,2.431873,0.006664,0.013244,2.418629,0.003380,0.109015
1189,1790556069.130300999,2.691089,0,0,0.009217,0.000455,0.060365,2.474616,0.006769,0.013501,2.461115,0.002213,0.077325
1190,1790556069.230498552,2.565486,0,0,0.009111,0.000221,0.062821,2.344641,0.005121,0.012227,2.332414,0.002512,0.082203
1191,1790556069.330716848,2.823120,0,0,0.011236,0.000381,0.058086,2.601996,0.005955,0.015693,2.586303,0.002824,0.071553
1192,1790556069.430905104,2.218275,0,0,0.008575,0.000291,0.052938,1.968341,0.005453,0.011883,1.956458,0.002501,0.097023
1193,1790556069.531088352,2.578312,0,0,0.006571,0.000291,0.051734,2.401354,0.005837,0.011628,2.389726,0.002055,0.060840
1194,1790556069.631275892,3.264940,0,0,0.008604,0.000293,0.066330,3.018125,0.006482,0.015857,3.002268,0.002691,0.075895
1195,1790556069.731473207,2.781483,0,0,0.009320,0.000259,0.055896,2.572520,0.006336,0.013765,2.558755,0.002337,0.063807
1196,1790556069.831674337,2.763585,0,0,0.008363,0.000288,0.051485,2.525389,0.005478,0.013586,2.511803,0.002400,0.108201
1197,1790556069.931870937,2.723174,0,0,0.021283,0.000240,0.051357,2.496887,0.006235,0.013144,2.483743,0.002219,0.085272
1198,1790556070.032091856,2.790122,0,0,0.009057,0.000241,0.055973,2.436534,0.012741,0.030542,2.405992,0.007824,0.116005
1199,1790556070.232526779,2.485872,0,0,0.011809,0.000282,0.084986,2.223970,0.006246,0.013825,2.210145,0.023937,0.064576
1200,1790556070.332659960,2.259290,0,0,0.024942,0.000245,0.057166,2.043288,0.005948,0.014671,2.028617,0.002884,0.067531
1201,1790556070.533060074,2.753097,0,0,0.011283,0.000650,0.076686,2.434451,0.007679,0.014324,2.420127,0.002924,0.102490
1202,1790556070.633274317,2.497314,0,0,0.007933,0.000317,0.049972,2.088996,0.008640,0.036628,2.052368,0.003882,0.177584
1203,1790556070.733446836,2.461160,0,0,0.008332,0.000612,0.051687,2.284345,0.005175,0.011816,2.272529,0.002387,0.058480
1204,1790556070.833639860,2.607473,0,0,0.008629,0.000524,0.049538,2.366280,0.007084,0.017568,2.348712,0.003143,0.081466
1205,1790556070.933808327,2.551159,0,0,0.012476,0.000366,0.103617,2.229755,0.008949,0.017131,2.212624,0.008359,0.087620
1206,1790556071.034032822,2.860283,0,0,0.009309,0.000295,0.051257,2.563015,0.007198,0.015688,2.547327,0.002775,0.121575
1207,1790556071.134248495,3.277336,0,0,0.031088,0.000269,0.132698,2.939120,0.006931,0.016176,2.922944,0.002645,0.086818
1208,1790556071.234425068,2.679384,0,0,0.020485,0.000257,0.047922,2.443039,0.006442,0.013203,2.429836,0.002753,0.097353
1209,1790556071.334662914,3.046175,0,0,0.010054,0.000294,0.087010,2.798127,0.006775,0.015586,2.782541,0.003118,0.066093
1210,1790556071.434847116,2.477418,0,0,0.009814,0.000259,0.060845,2.215990,0.005529,0.012075,2.203915,0.002678,0.113863
1211,1790556071.535049200,2.332847,0,0,0.007697,0.000242,0.047017,2.117653,0.022151,0.012248,2.105405,0.002582,0.074191
1212,1790556071.635211229,2.618881,0,0,0.010464,0.000280,0.055025,2.409983,0.006084,0.013042,2.396941,0.002396,0.067781
1213,1790556071.735429525,2.919894,0,0,0.008258,0.000326,0.061295,2.683085,0.005824,0.013460,2.669625,0.002733,0.091446
1214,1790556071.835631132,2.626125,0,0,0.007914,0.000280,0.059191,2.404715,0.006767,0.028877,2.375838,0.002313,0.067372
1215,1790556071.935837030,2.715189,0,0,0.006735,0.000269,0.079213,2.484528,0.006078,0.013006,2.471522,0.002379,0.077512
1216,1790556072.036010265,2.914569,0,0,0.011392,0.000228,0.055011,2.686694,0.006660,0.016339,2.670355,0.002907,0.070455
1217,1790556072.136220217,3.072069,0,0,0.007731,0.000266,0.048096,2.737735,0.010959,0.031495,2.706240,0.004634,0.152926
1218,1790556072.236413002,2.538075,0,0,0.008999,0.000264,0.057564,2.255765,0.005777,0.012519,2.243246,0.002387,0.153261
1219,1790556072.336609840,2.766114,0,0,0.009379,0.000236,0.066809,2.466678,0.021278,0.033513,2.433165,0.003022,0.085928
1220,1790556072.436796665,2.700971,0,0,0.008917,0.000275,0.081367,2.453731,0.005933,0.012681,2.441050,0.002321,0.084037
1221,1790556072.536993265,3.088568,0,0,0.008783,0.000412,0.059867,2.603885,0.030122,0.057838,2.546047,0.011691,0.154094
1222,1790556072.637178659,2.400098,0,0,0.009206,0.000254,0.071051,2.168904,0.007291,0.013534,2.155370,0.003183,0.070302
1223,1790556072.737368345,2.765540,0,0,0.010642,0.000436,0.076471,2.491275,0.007790,0.020896,2.470379,0.003109,0.077820
1224,1790556072.837550640,2.670815,0,0,0.020839,0.000226,0.064323,2.395754,0.007900,0.016133,2.379621,0.003226,0.100426
1225,1790556072.937739372,2.317433,0,0,0.008256,0.000258,0.051445,2.075542,0.006861,0.014097,2.061445,0.002560,0.084334
1226,1790556073.138179302,2.804601,0,0,0.013580,0.000228,0.076277,2.432870,0.011534,0.018021,2.414849,0.003420,0.105059
1227,1790556073.238337040,2.819778,0,0,0.007184,0.000152,0.053889,2.542217,0.009062,0.018218,2.523999,0.003677,0.099319
1228,1790556073.338555336,2.728086,0,0,0.008580,0.000223,0.052315,2.456501,0.009318,0.020072,2.436429,0.003922,0.094787
1229,1790556073.438712597,2.540456,0,0,0.008257,0.000260,0.054748,2.296541,0.006420,0.014406,2.282135,0.002752,0.085256
1230,1790556073.538935661,2.612905,0,0,0.011166,0.000434,0.071160,2.369479,0.006944,0.013856,2.355623,0.002564,0.083765
1231,1790556073.639138460,3.239069,0,0,0.005875,0.000215,0.061349,3.020606,0.006089,0.015176,3.005430,0.002359,0.068234
1232,1790556073.739331722,2.475982,0,0,0.005898,0.000219,0.047686,2.286369,0.005760,0.012972,2.273397,0.002226,0.066191
1233,1790556073.839532375,2.699559,0,0,0.006268,0.000174,0.048863,2.467914,0.005358,0.012184,2.455730,0.002463,0.082612
1234,1790556073.939720869,2.679859,0,0,0.010021,0.000235,0.059867,2.442807,0.005564,0.013568,2.429239,0.002359,0.091655
1235,1790556074.039891243,2.376941,0,0,0.006683,0.000235,0.052519,2.171343,0.005567,0.011453,2.159890,0.002202,0.059262
1236,1790556074.140113354,2.953170,0,0,0.006848,0.000186,0.050552,2.699538,0.006706,0.029843,2.669695,0.002805,0.091531
1237,1790556074.240316868,2.671455,0,0,0.009254,0.000285,0.055380,2.457541,0.005620,0.014119,2.443422,0.002579,0.069340
1238,1790556074.340514660,2.656366,0,0,0.006606,0.000256,0.048406,2.445395,0.006981,0.014031,2.431364,0.003693,0.073263
1239,1790556074.440709591,2.957330,0,0,0.008983,0.000263,0.068574,2.704177,0.008717,0.016871,2.687306,0.004068,0.070796
1240,1790556074.540904999,2.803435,0,0,0.006835,0.000237,0.049197,2.576473,0.005343,0.013055,2.563418,0.002239,0.087081
1241,1790556074.641101599,2.426489,0,0,0.005415,0.000233,0.045023,2.237687,0.005431,0.011403,2.226284,0.002517,0.076832
1242,1790556074.741297245,2.495883,0,0,0.006307,0.000231,0.046143,2.272556,0.005103,0.011805,2.260751,0.002153,0.098953
1243,1790556074.841495037,2.698523,0,0,0.008725,0.000226,0.052838,2.456436,0.006036,0.014408,2.442028,0.002738,0.083505
1244,1790556074.941684484,2.478514,0,0,0.011169,0.000459,0.105379,2.206704,0.005986,0.013322,2.193382,0.002608,0.072339
1245,1790556075.041899443,2.767066,0,0,0.009100,0.000519,0.080929,2.514343,0.005503,0.013281,2.501062,0.002632,0.070466
1246,1790556075.142052889,3.021390,0,0,0.009646,0.000159,0.067387,2.760022,0.006366,0.015063,2.744959,0.002567,0.097596
1247,1790556075.242279768,2.657311,0,0,0.009392,0.000278,0.081006,2.395008,0.006300,0.014349,2.380659,0.002441,0.095339
1248,1790556075.342473745,2.410006,0,0,0.007664,0.000243,0.050439,2.186606,0.006654,0.014006,2.172600,0.003374,0.063100
1249,1790556075.542901754,2.888468,0,0,0.011549,0.000350,0.073675,2.431478,0.007365,0.014498,2.416980,0.011070,0.073984
1250,1790556075.643073320,2.391023,0,0,0.013805,0.000520,0.081191,2.158370,0.006548,0.013875,2.144495,0.002329,0.063997
1251,1790556075.743290424,3.381948,0,0,0.013196,0.000269,0.072305,3.139717,0.006638,0.015475,3.124242,0.002363,0.069319
1252,1790556075.943686962,2.762984,0,0,0.008474,0.000362,0.047756,2.542056,0.005845,0.014262,2.527794,0.002697,0.091793
1253,1790556076.043894053,2.497662,0,0,0.006028,0.000227,0.075310,2.244266,0.005684,0.012533,2.231733,0.002357,0.098593
1254,1790556076.144052744,3.114862,0,0,0.009809,0.000294,0.074868,2.872549,0.006706,0.015913,2.856636,0.002651,0.068180
1255,1790556076.244253635,2.295403,0,0,0.010197,0.000357,0.057585,2.055590,0.019378,0.014919,2.040671,0.002414,0.079735
1256,1790556076.444669247,2.800859,0,0,0.033080,0.000208,0.057191,2.562406,0.005880,0.015507,2.546899,0.002575,0.067267
1257,1790556076.544860363,2.501852,0,0,0.007624,0.000231,0.050246,2.305615,0.005342,0.013758,2.291857,0.002346,0.065999
1258,1790556076.645063400,2.755141,0,0,0.006479,0.000276,0.055334,2.533403,0.006206,0.013719,2.519684,0.002324,0.062664
1259,1790556076.745225430,2.604734,0,0,0.008609,0.000257,0.059168,2.361572,0.007929,0.037172,2.324400,0.003947,0.077246
1260,1790556076.845441580,2.774567,0,0,0.007880,0.000209,0.047281,2.391600,0.008780,0.025043,2.366557,0.003705,0.189441
1261,1790556077.045866251,2.437848,0,0,0.005772,0.000290,0.063506,2.227459,0.005489,0.012990,2.214469,0.002346,0.065263
1262,1790556077.146013975,3.040667,0,0,0.008836,0.000264,0.053528,2.753987,0.010435,0.025358,2.728629,0.003990,0.075834
1263,1790556077.246203184,2.955530,0,0,0.009771,0.000228,0.067326,2.721838,0.006005,0.014223,2.707615,0.002375,0.087651
1264,1790556077.346470356,2.629902,0,0,0.006369,0.000233,0.060865,2.395749,0.005678,0.013256,2.382493,0.002914,0.064380
1265,1790556077.446666241,2.773143,0,0,0.025720,0.000429,0.064487,2.510605,0.007487,0.013644,2.496961,0.003315,0.080960
1266,1790556077.546841621,2.661537,0,0,0.007914,0.000243,0.053559,2.432911,0.006346,0.013110,2.419801,0.002403,0.093901
1267,1790556077.646998644,2.279476,0,0,0.009646,0.000295,0.053909,2.091806,0.006220,0.011283,2.080523,0.002302,0.064561
1268,1790556077.847414017,2.739493,0,0,0.005028,0.000169,0.046124,2.405227,0.007009,0.013851,2.391376,0.003629,0.094105
1269,1790556077.947585344,2.833456,0,0,0.008137,0.000292,0.053560,2.612658,0.006134,0.014490,2.598168,0.017013,0.068120
1270,1790556078.047770023,2.538957,0,0,0.008606,0.000311,0.066545,2.339313,0.004891,0.011312,2.328001,0.002402,0.061202
1271,1790556078.147980452,2.536098,0,0,0.005568,0.000270,0.047064,2.349839,0.005696,0.011603,2.338236,0.002247,0.075710
1272,1790556078.248208523,2.891943,0,0,0.012482,0.000494,0.102263,2.582204,0.006077,0.015351,2.566853,0.003000,0.104744
1273,1790556078.348392248,2.541132,0,0,0.009017,0.000261,0.056302,2.325963,0.006680,0.014954,2.311009,0.002400,0.068313
1274,1790556078.448574066,2.686214,0,0,0.027367,0.015148,0.101342,2.399469,0.005932,0.028281,2.371188,0.002447,0.068149
1275,1790556078.548806667,2.944035,0,0,0.008831,0.000280,0.098457,2.670183,0.005856,0.012199,2.657984,0.002550,0.082812
1276,1790556078.649001360,2.668611,0,0,0.006405,0.000236,0.059330,2.386499,0.005885,0.012692,2.373807,0.002350,0.125275
1277,1790556078.749170542,2.651921,0,0,0.005928,0.000243,0.048151,2.438816,0.005398,0.027347,2.411469,0.002199,0.082201
1278,1790556078.849345207,2.629630,0,0,0.005594,0.000244,0.054415,2.362795,0.010295,0.019333,2.343462,0.003287,0.089566
1279,1790556078.949558020,2.636693,0,0,0.013778,0.000250,0.078993,2.371900,0.006318,0.011711,2.360189,0.002333,0.077427
1280,1790556079.049739599,2.690246,0,0,0.008277,0.000245,0.054886,2.487030,0.005947,0.013020,2.474010,0.002390,0.067917
1281,1790556079.149940491,2.628603,0,0,0.008030,0.000501,0.050525,2.444162,0.006032,0.011783,2.432379,0.002514,0.062142
1282,1790556079.250129700,3.075113,0,0,0.011930,0.000482,0.067884,2.763905,0.009529,0.032827,2.731078,0.003036,0.106056
1283,1790556079.350359201,2.725299,0,0,0.008951,0.000314,0.053878,2.485867,0.006854,0.014955,2.470912,0.002536,0.087818
1284,1790556079.450523853,2.507711,0,0,0.008309,0.000285,0.050219,2.292180,0.005139,0.013203,2.278977,0.002358,0.086830
1285,1790556079.550952911,3.198644,0,0,0.014035,0.000305,0.097618,2.927264,0.006207,0.013706,2.913558,0.002795,0.068694
1286,1790556079.650922060,2.398290,0,0,0.006780,0.000345,0.063750,2.196774,0.005557,0.021707,2.175067,0.002219,0.065597
1287,1790556079.751138926,2.677933,0,0,0.007571,0.000289,0.054088,2.476434,0.006053,0.013109,2.463325,0.002313,0.065586
1288,1790556079.851313114,2.656084,0,0,0.009585,0.000300,0.060709,2.436013,0.006045,0.013224,2.422789,0.002317,0.066380
1289,1790556079.951483727,3.022937,0,0,0.014442,0.000364,0.122065,2.652089,0.009203,0.018630,2.633459,0.004734,0.095299
1290,1790556080.051724911,2.868762,0,0,0.010598,0.000223,0.079587,2.617243,0.005963,0.014670,2.602573,0.003032,0.079318
1291,1790556080.151878357,2.477347,0,0,0.008744,0.000322,0.051168,2.156289,0.010133,0.018174,2.138115,0.003843,0.134833
1292,1790556080.252073050,2.664989,0,0,0.006142,0.000179,0.072032,2.460146,0.005950,0.012267,2.447879,0.002526,0.062876
1293,1790556080.352291584,2.628359,0,0,0.008138,0.000239,0.079316,2.336851,0.009149,0.017991,2.318860,0.003855,0.098523
1294,1790556080.452495575,2.683325,0,0,0.008066,0.000228,0.060981,2.444306,0.005266,0.011881,2.432425,0.002493,0.106459
1295,1790556080.552716732,2.636528,0,0,0.011376,0.000374,0.058408,2.356284,0.006862,0.013997,2.342287,0.002772,0.122405
1296,1790556080.652891874,2.727876,0,0,0.007471,0.000187,0.060071,2.480160,0.006748,0.014966,2.465194,0.002516,0.091164
1297,1790556080.753056049,2.963480,0,0,0.009137,0.000242,0.070538,2.579526,0.006136,0.014178,2.565348,0.002383,0.177401
1298,1790556080.853250742,3.025256,0,0,0.009063,0.000321,0.052337,2.722651,0.007586,0.034604,2.688047,0.020899,0.103368
1299,1790556080.953442097,2.524177,0,0,0.007331,0.000278,0.051569,2.219215,0.029022,0.018912,2.200303,0.003325,0.116171
1300,1790556081.053676605,3.060502,0,0,0.010936,0.000242,0.087666,2.792172,0.006750,0.013582,2.778590,0.002747,0.087380
1301,1790556081.153944016,2.562638,0,0,0.007838,0.000273,0.054993,2.363106,0.005428,0.011709,2.351397,0.002223,0.078509
1302,1790556081.254100561,3.132988,0,0,0.008271,0.000275,0.082865,2.871165,0.006407,0.014620,2.856545,0.002797,0.075653
1303,1790556081.354254484,2.617275,0,0,0.007958,0.000225,0.057486,2.375494,0.006535,0.015362,2.360132,0.003133,0.074922
1304,1790556081.454456329,2.909655,0,0,0.009491,0.000340,0.106438,2.643209,0.006350,0.015089,2.628120,0.002229,0.068466
1305,1790556081.554680109,2.886402,0,0,0.008737,0.000332,0.057310,2.605387,0.009084,0.017980,2.587407,0.002908,0.089402
1306,1790556081.654851437,2.831512,0,0,0.008411,0.000898,0.066258,2.625413,0.006385,0.020999,2.604414,0.003131,0.064232
1307,1790556081.755049944,2.867574,0,0,0.009979,0.000225,0.066078,2.612662,0.006209,0.013860,2.598802,0.002753,0.090792
1308,1790556081.855292320,2.749309,0,0,0.010131,0.000232,0.103164,2.439616,0.006370,0.014086,2.425530,0.002621,0.106487
1309,1790556081.955410004,2.823169,0,0,0.010043,0.000388,0.073935,2.554963,0.019592,0.013993,2.540970,0.002427,0.094143
1310,1790556082.055639744,2.553684,0,0,0.008286,0.000476,0.052822,2.267372,0.008895,0.019247,2.248125,0.003238,0.105520
1311,1790556082.155859947,2.774020,0,0,0.007441,0.000244,0.063392,2.485052,0.005345,0.012731,2.472321,0.002512,0.130886
1312,1790556082.256059170,2.335358,0,0,0.005697,0.000448,0.047318,2.028168,0.010129,0.015624,2.012544,0.003721,0.113285
1313,1790556082.456443548,2.946909,0,0,0.009123,0.000334,0.065740,2.652722,0.009056,0.022318,2.630404,0.004484,0.094414
1314,1790556082.556656837,2.765308,0,0,0.006547,0.000239,0.052802,2.526812,0.006621,0.020427,2.506385,0.002428,0.079085
1315,1790556082.656849861,2.806195,0,0,0.008820,0.000218,0.056031,2.555992,0.005897,0.012524,2.543468,0.009455,0.082447
1316,1790556082.757027864,2.686243,0,0,0.006164,0.000157,0.062839,2.413768,0.008785,0.018451,2.395317,0.003928,0.101151
1317,1790556082.857248068,2.664461,0,0,0.006475,0.000209,0.051262,2.486879,0.005603,0.012326,2.474553,0.002131,0.059601
1318,1790556082.957421541,2.624264,0,0,0.009265,0.000297,0.064827,2.361684,0.006484,0.013504,2.348180,0.002686,0.098240
1319,1790556083.057603598,2.573283,0,0,0.008488,0.000294,0.051898,2.373614,0.006302,0.013857,2.359757,0.002368,0.063936
1320,1790556083.157787085,2.974720,0,0,0.018126,0.000451,0.109201,2.668927,0.005363,0.012654,2.656273,0.002304,0.082027
1321,1790556083.257985592,2.675490,0,0,0.005866,0.000184,0.061034,2.479010,0.005736,0.012055,2.466955,0.002363,0.065703
1322,1790556083.358227491,2.673256,0,0,0.018622,0.000327,0.074058,2.317697,0.008508,0.017280,2.300417,0.003205,0.148772
1323,1790556083.458388567,2.682614,0,0,0.008629,0.000408,0.090717,2.406755,0.006033,0.012005,2.394750,0.002143,0.104104
1324,1790556083.558602095,2.550343,0,0,0.007544,0.000325,0.067366,2.330656,0.006354,0.013206,2.317450,0.002553,0.066885
1325,1790556083.658803940,2.955114,0,0,0.007992,0.000399,0.050159,2.637494,0.026388,0.016993,2.620501,0.003271,0.123960
1326,1790556083.759004116,2.979130,0,0,0.011655,0.000344,0.101330,2.639612,0.010578,0.019118,2.620494,0.003962,0.088266
1327,1790556083.859200478,2.719955,0,0,0.007797,0.000290,0.057534,2.406129,0.008374,0.018240,2.387889,0.003521,0.115601
1328,1790556083.959396839,2.752440,0,0,0.008560,0.000618,0.054966,2.542271,0.005786,0.012766,2.529505,0.002607,0.067078
1329,1790556084.059589148,2.604885,0,0,0.009662,0.000649,0.056084,2.325964,0.007533,0.021012,2.304952,0.002530,0.090796
1330,1790556084.159794092,2.598237,0,0,0.011667,0.000291,0.067988,2.279326,0.007628,0.019007,2.260319,0.003548,0.136250
1331,1790556084.259929657,2.781435,0,0,0.011115,0.000219,0.061879,2.540555,0.006629,0.015228,2.525327,0.003035,0.079185
1332,1790556084.360152721,2.475728,0,0,0.008781,0.000293,0.051848,2.233719,0.006304,0.015203,2.218516,0.003148,0.082349
1333,1790556084.460566759,2.879376,0,0,0.012650,0.000455,0.080848,2.565723,0.005878,0.014170,2.551553,0.003276,0.133379
1334,1790556084.560518503,2.585001,0,0,0.008722,0.000230,0.050407,2.306707,0.006311,0.015253,2.291454,0.002894,0.112223
1335,1790556084.660734892,2.649451,0,0,0.008820,0.000408,0.054925,2.363478,0.007579,0.014799,2.348679,0.002699,0.104309
1336,1790556084.760964632,2.948654,0,0,0.008380,0.000371,0.061826,2.712251,0.006228,0.014700,2.697551,0.002268,0.081216
1337,1790556084.861161232,2.801833,0,0,0.005835,0.000200,0.069063,2.548181,0.006593,0.014365,2.533816,0.003437,0.080126
1338,1790556084.961336136,2.698080,0,0,0.007048,0.000223,0.049919,2.489653,0.006534,0.013975,2.475678,0.002550,0.068478
1339,1790556085.061537743,2.287843,0,0,0.008705,0.000247,0.052897,2.053643,0.005326,0.012172,2.041471,0.002774,0.079784
1340,1790556085.161775589,2.491887,0,0,0.008877,0.000245,0.095021,2.170254,0.010230,0.018409,2.151845,0.004618,0.092842
1341,1790556085.261951685,2.926608,0,0,0.006067,0.000268,0.081306,2.633287,0.011316,0.026972,2.606315,0.003377,0.090239
1342,1790556085.362131596,2.943920,0,0,0.009846,0.000343,0.058535,2.679178,0.013039,0.017431,2.661747,0.004237,0.079926
1343,1790556085.462317705,2.923840,0,0,0.008198,0.000305,0.086542,2.603402,0.006685,0.014933,2.588469,0.002751,0.138159
1344,1790556085.562482595,2.268446,0,0,0.009783,0.000223,0.056635,2.019782,0.006877,0.014109,2.005673,0.002778,0.086865
1345,1790556085.762933254,2.744257,0,0,0.009507,0.000271,0.052630,2.495560,0.005749,0.012458,2.483102,0.002337,0.100701
1346,1790556085.863066912,2.400057,0,0,0.008813,0.000357,0.070002,2.186632,0.005301,0.013218,2.173414,0.003332,0.063608
1347,1790556086.063460827,2.587953,0,0,0.008266,0.000271,0.051833,2.324917,0.006437,0.012946,2.311971,0.002394,0.126855
1348,1790556086.163689375,2.440103,0,0,0.007718,0.000295,0.052429,2.153392,0.005490,0.013176,2.140216,0.002739,0.107232
1349,1790556086.263885975,2.283460,0,0,0.009580,0.000661,0.058246,2.073700,0.005885,0.013647,2.060053,0.002645,0.067286
1350,1790556086.364078283,2.364461,0,0,0.008948,0.000221,0.052129,2.104598,0.012536,0.036854,2.067744,0.002609,0.107403
1351,1790556086.464270115,2.316346,0,0,0.008636,0.000271,0.051893,2.061468,0.007130,0.015230,2.046238,0.003960,0.096713
1352,1790556086.564462423,2.328721,0,0,0.008876,0.000320,0.051853,2.123213,0.008278,0.013351,2.109862,0.003202,0.069987
1353,1790556086.664700985,2.270945,0,0,0.008594,0.000286,0.053087,2.063243,0.005427,0.013319,2.049924,0.002265,0.068685
1354,1790556086.764903307,2.195852,0,0,0.008876,0.000309,0.053331,2.000286,0.005515,0.012421,1.987865,0.002274,0.064116
1355,1790556086.865073442,2.282196,0,0,0.008518,0.000265,0.053003,2.091929,0.005488,0.012836,2.079093,0.003333,0.064259
1356,1790556086.965266466,2.323269,0,0,0.008672,0.000254,0.052817,2.108096,0.006207,0.013082,2.095014,0.002483,0.078318
1357,1790556087.065458775,2.307997,0,0,0.007970,0.000296,0.052653,2.114410,0.005415,0.012895,2.101515,0.002802,0.061442
1358,1790556087.165685177,2.392561,0,0,0.007987,0.000211,0.051892,2.189183,0.006648,0.041811,2.147372,0.002936,0.065762
1359,1790556087.265868187,2.163534,0,0,0.005828,0.000274,0.048729,1.981505,0.005602,0.011705,1.969800,0.002362,0.064601
1360,1790556087.366046906,2.381207,0,0,0.007900,0.000476,0.053028,2.112167,0.010289,0.021293,2.090874,0.003983,0.086433
1361,1790556087.466234207,2.906374,0,0,0.010583,0.000313,0.079515,2.663365,0.006294,0.014493,2.648872,0.002967,0.073376
1362,1790556087.566437721,2.259663,0,0,0.007298,0.000231,0.052759,2.058827,0.005502,0.011352,2.047475,0.002192,0.074462
1363,1790556087.666658401,2.526948,0,0,0.010598,0.000346,0.057877,2.301566,0.006425,0.015859,2.285707,0.002616,0.069262
1364,1790556087.766822815,2.623727,0,0,0.008314,0.000210,0.052744,2.405291,0.006807,0.015359,2.389932,0.002736,0.069356
1365,1790556087.867076397,2.703281,0,0,0.010707,0.000251,0.065100,2.484254,0.006529,0.014178,2.470076,0.002353,0.068462
1366,1790556087.967215300,2.946848,0,0,0.016813,0.000317,0.063410,2.677245,0.005853,0.013877,2.663368,0.007798,0.065325
1367,1790556088.067460299,2.509805,0,0,0.008722,0.000210,0.050542,2.332270,0.005080,0.012336,2.319934,0.002744,0.058784
1368,1790556088.167612076,2.623215,0,0,0.005198,0.000263,0.076062,2.406625,0.005056,0.011732,2.394893,0.002152,0.074863
1369,1790556088.267823219,2.515515,0,0,0.006562,0.000306,0.050288,2.306084,0.022781,0.013157,2.292927,0.002474,0.065958
1370,1790556088.368053913,2.473465,0,0,0.008453,0.000186,0.055804,2.229917,0.006434,0.013962,2.215955,0.002535,0.077218
1371,1790556088.468250036,2.538724,0,0,0.008323,0.000298,0.058048,2.323783,0.006850,0.013913,2.309870,0.002400,0.072579
1372,1790556088.568404913,2.686385,0,0,0.013997,0.000481,0.074156,2.441148,0.006587,0.015087,2.426061,0.002552,0.069346
1373,1790556088.668639898,2.418592,0,0,0.006384,0.000251,0.048893,2.169265,0.005242,0.011693,2.157572,0.001914,0.064341
1374,1790556088.768826485,2.906337,0,0,0.007590,0.000193,0.051011,2.675279,0.007463,0.015262,2.660017,0.003238,0.076650
1375,1790556088.868997812,2.727822,0,0,0.013305,0.000429,0.075436,2.490735,0.006391,0.013627,2.477108,0.002445,0.071073
1376,1790556088.969167709,3.099615,0,0,0.009138,0.000586,0.058801,2.857481,0.006261,0.027929,2.829552,0.002501,0.091658
1377,1790556089.069382429,2.584245,0,0,0.007287,0.000256,0.052070,2.325524,0.006374,0.014045,2.311479,0.002698,0.078454
1378,1790556089.169625282,2.349506,0,0,0.006370,0.000229,0.059802,2.142145,0.005466,0.013068,2.129077,0.002307,0.068630
1379,1790556089.370029926,2.211388,0,0,0.009056,0.000351,0.055152,1.990203,0.005290,0.027178,1.963025,0.003086,0.068184
1380,1790556089.470171690,2.505015,0,0,0.008884,0.000510,0.084937,2.235370,0.005573,0.011847,2.223523,0.002381,0.098858
1381,1790556089.570338964,2.247810,0,0,0.008163,0.000242,0.052940,2.040904,0.005408,0.012646,2.028258,0.002471,0.078563
1382,1790556089.670577526,3.551695,0,0,0.014489,0.000671,0.091070,3.238243,0.009175,0.019738,3.218505,0.003384,0.091206
1383,1790556089.770752668,2.682117,0,0,0.012095,0.000364,0.071104,2.389857,0.005653,0.014404,2.375453,0.002432,0.142686
1384,1790556089.870954752,2.881636,0,0,0.010741,0.000336,0.069219,2.644415,0.007211,0.018746,2.625669,0.003890,0.067352
1385,1790556089.971188784,2.725568,0,0,0.015073,0.000222,0.067260,2.496478,0.005500,0.013860,2.482618,0.002294,0.072321
1386,1790556090.071323395,2.412767,0,0,0.009102,0.000238,0.055548,2.209058,0.006972,0.013824,2.195234,0.003061,0.065882
1387,1790556090.171514988,2.717221,0,0,0.010630,0.000310,0.057767,2.474130,0.006425,0.013513,2.460617,0.002518,0.091189
1388,1790556090.271710873,2.276114,0,0,0.006587,0.000191,0.048000,2.013540,0.007364,0.013539,2.000001,0.003603,0.107592
1389,1790556090.371905804,2.744782,0,0,0.020622,0.000201,0.099274,2.472085,0.005931,0.012860,2.459225,0.002470,0.076600
1390,1790556090.472129822,2.310467,0,0,0.008510,0.000318,0.053374,2.108551,0.006021,0.012212,2.096339,0.002483,0.078489
1391,1790556090.572325945,2.555258,0,0,0.010676,0.000211,0.080828,2.264824,0.007739,0.022393,2.242431,0.003753,0.091228
1392,1790556090.672524452,2.851086,0,0,0.015291,0.000516,0.074174,2.428610,0.012751,0.030397,2.398213,0.006793,0.106068
1393,1790556090.772725582,2.283083,0,0,0.007684,0.000252,0.051319,2.069165,0.009349,0.012023,2.057142,0.002934,0.061647
1394,1790556090.872916460,2.346600,0,0,0.008266,0.000359,0.054852,2.070974,0.006229,0.015553,2.055421,0.002697,0.128884
1395,1790556091.073310137,2.485675,0,0,0.008929,0.000289,0.058738,2.204040,0.007462,0.014737,2.189303,0.002578,0.078178
1396,1790556091.173500299,2.308071,0,0,0.008326,0.000223,0.053036,2.064798,0.010098,0.030782,2.034016,0.004406,0.078267
1397,1790556091.273676395,2.363856,0,0,0.009441,0.000253,0.050423,2.039333,0.012220,0.016781,2.022552,0.002878,0.125498
1398,1790556091.373864889,2.796801,0,0,0.010053,0.000339,0.066496,2.532780,0.006942,0.013278,2.519502,0.002731,0.105115
1399,1790556091.574314833,2.258589,0,0,0.005963,0.000185,0.048072,2.008983,0.006682,0.017932,1.991051,0.002947,0.090457
1400,1790556091.674519539,2.418674,0,0,0.006114,0.000176,0.048010,2.168398,0.006821,0.018116,2.150282,0.003485,0.094868
1401,1790556091.774687052,2.703266,0,0,0.006728,0.000246,0.071317,2.454880,0.007018,0.017745,2.437135,0.002674,0.073038
1402,1790556091.874879837,2.313812,0,0,0.008130,0.000266,0.050663,2.092082,0.006771,0.013700,2.078382,0.003732,0.078282
1403,1790556092.075293541,3.249106,0,0,0.009684,0.000653,0.066400,2.974330,0.010374,0.021782,2.952548,0.002818,0.080367
1404,1790556092.175457716,2.559342,0,0,0.008284,0.000179,0.052609,2.324696,0.005048,0.011456,2.313240,0.002414,0.110470
1405,1790556092.275649071,2.401415,0,0,0.009261,0.000319,0.063522,2.152725,0.006712,0.014594,2.138131,0.003542,0.076165
1406,1790556092.476082087,2.504148,0,0,0.009356,0.000434,0.063776,2.247162,0.007219,0.012912,2.234250,0.003408,0.081472
1407,1790556092.576299429,2.391648,0,0,0.009902,0.000217,0.055118,2.121957,0.005872,0.019119,2.102838,0.002441,0.084525
1408,1790556092.676449299,2.354535,0,0,0.010317,0.000378,0.058022,2.126219,0.005512,0.027662,2.098557,0.015951,0.064703
1409,1790556092.776670933,2.424903,0,0,0.005302,0.000190,0.047098,2.225232,0.006619,0.012888,2.212344,0.002306,0.071047
1410,1790556092.876812696,2.981253,0,0,0.021843,0.000396,0.095783,2.699129,0.007278,0.016721,2.682408,0.003013,0.074605
1411,1790556092.977035284,2.452584,0,0,0.009085,0.000289,0.085790,2.189980,0.006284,0.015285,2.174695,0.002301,0.092794
1412,1790556093.177465677,2.980854,0,0,0.010272,0.000230,0.058147,2.754884,0.007017,0.014733,2.740151,0.002433,0.072616
1413,1790556093.277627945,2.930396,0,0,0.006316,0.000248,0.063888,2.661257,0.008986,0.018410,2.642847,0.003290,0.077842
1414,1790556093.377842665,2.953849,0,0,0.010921,0.000470,0.073244,2.700348,0.006501,0.015065,2.685283,0.002903,0.075259
1415,1790556093.478052616,2.894597,0,0,0.006594,0.000293,0.051903,2.638418,0.006049,0.013708,2.624710,0.002611,0.072099
1416,1790556093.578221083,3.081024,0,0,0.008117,0.000267,0.055540,2.813343,0.010436,0.028817,2.784526,0.003041,0.092310
1417,1790556093.678439856,3.064180,0,0,0.012806,0.000275,0.083834,2.780369,0.006587,0.014334,2.766035,0.002439,0.087185
1418,1790556093.778619289,2.508640,0,0,0.006265,0.000310,0.048423,2.218306,0.008275,0.016492,2.201814,0.003454,0.091007
1419,1790556093.979027987,3.123280,0,0,0.006156,0.000255,0.063649,2.893443,0.005931,0.030992,2.862451,0.003632,0.070382
1420,1790556094.079238176,2.972272,0,0,0.011634,0.000460,0.081053,2.709235,0.006886,0.015656,2.693579,0.002656,0.075885
1421,1790556094.179429770,2.671757,0,0,0.009235,0.000303,0.059349,2.359626,0.008313,0.016726,2.342900,0.003331,0.131202
1422,1790556094.279581785,2.965579,0,0,0.006430,0.000175,0.056642,2.727665,0.007393,0.016143,2.711522,0.003111,0.076134
1423,1790556094.379792452,3.173160,0,0,0.009851,0.000323,0.070846,2.923160,0.007121,0.014565,2.908595,0.002495,0.083005
1424,1790556094.479965210,3.380985,0,0,0.008869,0.000215,0.060454,3.024496,0.028237,0.072655,2.951841,0.011695,0.082095
1425,1790556094.680405617,2.844418,0,0,0.016542,0.000264,0.090475,2.541373,0.008985,0.022806,2.518567,0.003039,0.083989
1426,1790556094.780575275,2.343871,0,0,0.010374,0.000206,0.056579,2.143488,0.005759,0.012796,2.130692,0.002111,0.063130
1427,1790556094.880796432,2.359486,0,0,0.006031,0.000225,0.050465,2.147134,0.004840,0.025369,2.121765,0.002200,0.071880
1428,1790556095.081169128,2.399535,0,0,0.009970,0.000236,0.065076,2.082339,0.011943,0.023357,2.058982,0.005275,0.113487
1429,1790556095.181372404,2.382679,0,0,0.007150,0.000262,0.049632,2.141387,0.005994,0.013142,2.128245,0.002542,0.101156
1430,1790556095.381787300,2.742754,0,0,0.011765,0.000275,0.063320,2.447939,0.009072,0.017868,2.430071,0.004093,0.100362
1431,1790556095.582162619,2.387726,0,0,0.006539,0.000222,0.064175,2.200917,0.005549,0.012008,2.188909,0.002417,0.059488
1432,1790556095.882713318,2.104979,0,0,0.007919,0.000282,0.052920,1.911368,0.006078,0.016736,1.894632,0.002563,0.064462
1433,1790556095.982905626,2.608020,0,0,0.010818,0.000709,0.077235,2.366421,0.006795,0.015721,2.350700,0.002580,0.067405
1434,1790556096.083110332,2.374399,0,0,0.023086,0.000237,0.092907,2.133052,0.005514,0.011959,2.121093,0.002349,0.060962
1435,1790556096.283491373,2.431325,0,0,0.010525,0.000324,0.065106,2.157955,0.006986,0.019928,2.138027,0.003228,0.089847
1436,1790556096.483950853,2.427137,0,0,0.009525,0.000281,0.056830,2.182706,0.010920,0.016968,2.165738,0.002788,0.077043
1437,1790556096.684325218,2.653893,0,0,0.008881,0.000517,0.052652,2.217078,0.011154,0.025143,2.191935,0.003893,0.182198
1438,1790556096.984961987,2.518673,0,0,0.014593,0.000269,0.055758,2.222672,0.010887,0.016861,2.205811,0.004284,0.082828
1439,1790556097.085091591,3.044051,0,0,0.010999,0.000304,0.063563,2.665429,0.011190,0.028255,2.637174,0.004942,0.125240
1440,1790556097.185278177,2.138197,0,0,0.010259,0.000277,0.056390,1.952325,0.005449,0.012579,1.939746,0.002333,0.062472
1441,1790556097.285481691,2.536498,0,0,0.005972,0.000220,0.055356,2.359422,0.005427,0.017394,2.342028,0.002648,0.059376
1442,1790556097.385707855,2.351139,0,0,0.005669,0.000327,0.051327,2.176654,0.005335,0.011197,2.165457,0.002738,0.059038
1443,1790556097.485949993,2.452420,0,0,0.006551,0.000346,0.054948,2.213666,0.006489,0.029414,2.184252,0.002256,0.062796
1444,1790556097.686260939,2.730437,0,0,0.011979,0.000594,0.066558,2.397993,0.012524,0.021028,2.376965,0.009379,0.102343
1445,1790556097.786462307,2.366595,0,0,0.007707,0.000254,0.052612,2.142962,0.005605,0.011585,2.131377,0.002265,0.079365
1446,1790556097.886633635,2.416794,0,0,0.009784,0.000484,0.071449,2.197144,0.021732,0.013947,2.183197,0.002355,0.059531
1447,1790556098.087057590,3.410546,0,0,0.010525,0.000271,0.082644,3.038678,0.012343,0.028042,3.010636,0.004428,0.122917
1448,1790556098.187250137,2.438988,0,0,0.008320,0.000303,0.051880,2.251882,0.006141,0.012726,2.239156,0.002273,0.063778
1449,1790556098.287448406,2.540189,0,0,0.008655,0.000240,0.051156,2.320546,0.006323,0.012475,2.308071,0.002462,0.095061
1450,1790556098.387646914,2.429968,0,0,0.009978,0.000469,0.066090,2.224700,0.005235,0.011906,2.212794,0.002237,0.063285
1451,1790556098.487834692,2.444191,0,0,0.007112,0.000197,0.050858,2.265836,0.005236,0.011900,2.253936,0.002898,0.061717
1452,1790556098.588060856,2.569205,0,0,0.006902,0.000269,0.051067,2.389637,0.005454,0.011554,2.378083,0.002434,0.060135
1453,1790556098.688238859,2.697311,0,0,0.007186,0.000250,0.050834,2.465736,0.008329,0.020082,2.445654,0.003436,0.069894
1454,1790556098.788460016,2.982515,0,0,0.013155,0.000354,0.075204,2.690486,0.006774,0.019227,2.671259,0.002849,0.105070
1455,1790556098.888654947,3.268653,0,0,0.007118,0.000212,0.053710,2.900325,0.008646,0.021506,2.878819,0.004512,0.134561
1456,1790556098.988854647,3.057708,0,0,0.010010,0.000273,0.081909,2.753218,0.006407,0.015138,2.738080,0.002479,0.100101
1457,1790556099.089036942,2.954598,0,0,0.010688,0.000280,0.079933,2.690890,0.019613,0.030231,2.660659,0.002444,0.078325
1458,1790556099.189206362,3.553872,0,0,0.013025,0.000352,0.103500,3.222620,0.007342,0.275812,2.946808,0.002826,0.085515
1459,1790556099.289417744,2.617833,0,0,0.006553,0.000205,0.069449,2.331919,0.006467,0.013698,2.318221,0.005505,0.096993
1460,1790556099.389648676,2.856499,0,0,0.010637,0.000338,0.077580,2.580233,0.006255,0.013949,2.566284,0.002425,0.094024
1461,1790556099.489847660,2.854361,0,0,0.010151,0.000253,0.054154,2.628149,0.006433,0.017320,2.610829,0.003450,0.071840
1462,1790556099.589972019,2.741854,0,0,0.009071,0.000289,0.054078,2.497841,0.007400,0.016732,2.481109,0.003408,0.078864
1463,1790556099.690227985,2.593826,0,0,0.009039,0.000211,0.052155,2.391082,0.019067,0.029369,2.361713,0.002807,0.063493
1464,1790556099.790384531,2.301668,0,0,0.006001,0.000213,0.062918,2.108940,0.005976,0.012174,2.096766,0.002314,0.061611
1465,1790556099.890600920,2.298846,0,0,0.006067,0.000265,0.047357,2.050277,0.007205,0.013431,2.036846,0.003399,0.117040
1466,1790556100.090982676,2.273415,0,0,0.006540,0.000238,0.049270,2.050893,0.005430,0.011870,2.039023,0.002375,0.107665
1467,1790556100.191207409,2.426338,0,0,0.005388,0.000183,0.053230,2.232656,0.006072,0.012783,2.219873,0.002364,0.063212
1468,1790556100.291399956,2.269251,0,0,0.007125,0.000288,0.051363,2.054329,0.005601,0.012182,2.042147,0.002373,0.093423
1469,1790556100.391645432,3.272189,0,0,0.009052,0.000395,0.082165,2.563215,0.017997,0.038503,2.524712,0.007730,0.324275
1470,1790556100.491808414,2.385545,0,0,0.007859,0.000175,0.056502,2.195887,0.005010,0.013710,2.182177,0.002567,0.064032
1471,1790556100.591961622,2.428204,0,0,0.006277,0.000207,0.050578,2.234015,0.005836,0.011329,2.222686,0.002272,0.077195
1472,1790556100.692180634,2.349838,0,0,0.008647,0.000148,0.050524,2.142220,0.005849,0.011475,2.130745,0.002644,0.074314
1473,1790556100.892586708,2.502982,0,0,0.006824,0.000224,0.064093,2.180979,0.010377,0.016938,2.164041,0.004196,0.126220
1474,1790556100.992745161,2.432306,0,0,0.007055,0.000263,0.050928,2.170561,0.009794,0.022306,2.148255,0.003525,0.074875
1475,1790556101.092968464,2.236417,0,0,0.006987,0.000263,0.066349,2.023499,0.005558,0.011226,2.012273,0.002449,0.078201
1476,1790556101.193158865,2.212299,0,0,0.018614,0.000836,0.114909,1.957651,0.005596,0.011913,1.945738,0.002646,0.061043
1477,1790556101.493698597,2.202451,0,0,0.006966,0.000267,0.050380,2.018260,0.005678,0.011586,2.006674,0.002241,0.063414
1478,1790556101.593905687,2.528140,0,0,0.007492,0.000474,0.050371,2.253630,0.008048,0.017147,2.236483,0.003025,0.111031
1479,1790556101.694118500,2.395472,0,0,0.008304,0.000261,0.050494,2.187800,0.005613,0.026643,2.161157,0.002685,0.059752
1480,1790556101.994682550,2.425699,0,0,0.007118,0.000229,0.048040,2.210283,0.008080,0.014821,2.195462,0.003065,0.067567
1481,1790556102.195115805,2.558701,0,0,0.010599,0.000294,0.051204,2.340816,0.006293,0.012598,2.328218,0.002692,0.060836
1482,1790556102.295342684,2.427709,0,0,0.009779,0.000451,0.052048,2.229619,0.004958,0.012143,2.217476,0.002879,0.064820
1483,1790556102.395558357,2.528316,0,0,0.030488,0.000291,0.083378,2.297044,0.005143,0.011582,2.285462,0.002269,0.058032
1484,1790556102.495689392,2.801084,0,0,0.008090,0.000240,0.051916,2.566405,0.006606,0.015386,2.551019,0.002740,0.077080
1485,1790556102.595912695,3.546178,0,0,0.011720,0.000356,0.084245,3.290963,0.006327,0.016917,3.274046,0.002787,0.069962
1486,1790556102.696070910,2.560691,0,0,0.027204,0.000414,0.066905,2.320158,0.006109,0.014341,2.305817,0.002428,0.065772
1487,1790556102.896490574,2.436158,0,0,0.006450,0.000237,0.064706,2.171418,0.007004,0.017070,2.154348,0.002782,0.085014
1488,1790556102.996684790,2.370899,0,0,0.006000,0.000177,0.048196,2.123902,0.010131,0.023987,2.099915,0.004494,0.095835
1489,1790556103.096858740,2.205612,0,0,0.007233,0.000219,0.053955,1.988612,0.007894,0.014599,1.974013,0.002848,0.072948
1490,1790556103.197056770,2.490526,0,0,0.007676,0.000339,0.054447,2.247682,0.006617,0.016936,2.230746,0.002917,0.075804
1491,1790556103.297261238,2.262629,0,0,0.006138,0.000258,0.049708,2.084406,0.006416,0.011523,2.072883,0.002778,0.060986
1492,1790556103.397456408,2.351162,0,0,0.007399,0.000258,0.094908,2.066340,0.006897,0.013752,2.052588,0.002782,0.092670
1493,1790556103.497647047,2.234088,0,0,0.006061,0.000194,0.048287,2.008264,0.005857,0.011611,1.996653,0.002926,0.109621
1494,1790556103.597840548,2.438908,0,0,0.005944,0.000366,0.072487,2.171922,0.005594,0.012668,2.159254,0.002316,0.085883
1495,1790556103.698067665,3.007795,0,0,0.006415,0.000182,0.059052,2.605564,0.010067,0.016927,2.588637,0.004860,0.201752
1496,1790556103.798267126,2.617214,0,0,0.010895,0.000189,0.066644,2.286485,0.007565,0.015568,2.270917,0.024514,0.124555
1497,1790556103.898431778,2.843644,0,0,0.007668,0.000337,0.058271,2.636954,0.005738,0.017158,2.619796,0.002301,0.066587
1498,1790556103.998622894,2.383776,0,0,0.008747,0.000274,0.051216,2.155594,0.007090,0.013907,2.141687,0.003044,0.079074
1499,1790556104.098835707,2.214588,0,0,0.008962,0.000286,0.050430,2.036693,0.005591,0.011870,2.024823,0.002242,0.058193
1500,1790556104.198993444,2.340047,0,0,0.006479,0.000230,0.050156,2.169542,0.005477,0.012261,2.157281,0.002147,0.058203
1501,1790556104.299211502,2.618978,0,0,0.005533,0.000230,0.067573,2.367175,0.004842,0.011217,2.355958,0.002059,0.086753
1502,1790556104.399392605,2.494394,0,0,0.006491,0.000183,0.049053,2.311353,0.005309,0.012068,2.299285,0.001990,0.064696
1503,1790556104.499617100,2.527253,0,0,0.006285,0.000262,0.049150,2.347319,0.005949,0.012275,2.335044,0.001979,0.064319
1504,1790556104.599938393,2.460028,0,0,0.008059,0.000290,0.050873,2.274029,0.005213,0.013201,2.260828,0.002338,0.063421
1505,1790556104.700003147,2.560950,0,0,0.007445,0.000303,0.053278,2.368808,0.005784,0.042294,2.326514,0.002157,0.068843
1506,1790556104.800206900,3.493210,0,0,0.017163,0.000358,0.085225,3.182548,0.008507,0.019192,3.163356,0.003959,0.099176
1507,1790556104.900371313,2.186042,0,0,0.007912,0.000298,0.051771,1.951010,0.007766,0.016913,1.934097,0.003262,0.079621
1508,1790556105.000646830,2.528105,0,0,0.006627,0.000438,0.049402,2.271779,0.007570,0.015924,2.255855,0.003346,0.096497
1509,1790556105.100789070,2.635665,0,0,0.008392,0.000245,0.068059,2.334726,0.008269,0.020683,2.314043,0.003310,0.107349
1510,1790556105.200993299,2.230082,0,0,0.012577,0.000303,0.063877,1.958365,0.008342,0.011280,1.947085,0.002104,0.091624
1511,1790556105.301189661,2.620189,0,0,0.006454,0.000199,0.049204,2.401612,0.004908,0.012239,2.389373,0.002338,0.090622
1512,1790556105.401401997,2.860477,0,0,0.009021,0.000302,0.054060,2.587460,0.009244,0.022048,2.565412,0.016947,0.069307
1513,1790556105.501611471,2.678045,0,0,0.009472,0.000283,0.056605,2.455227,0.005962,0.014191,2.441036,0.002404,0.080386
1514,1790556105.601759434,3.312031,0,0,0.007544,0.000171,0.074269,3.050455,0.006800,0.015360,3.035095,0.003915,0.086679
1515,1790556105.702008009,2.960092,0,0,0.012349,0.000533,0.065602,2.731229,0.005637,0.015525,2.715704,0.002878,0.072405
1516,1790556105.802195787,2.916223,0,0,0.007151,0.000199,0.052755,2.665105,0.006916,0.014114,2.650991,0.002600,0.072217
1517,1790556105.902345657,2.701401,0,0,0.010406,0.005002,0.061972,2.469077,0.007085,0.013437,2.455640,0.002674,0.066931
1518,1790556106.002573252,3.440764,0,0,0.009796,0.000178,0.060184,3.158233,0.007111,0.017033,3.141200,0.003536,0.090214
1519,1790556106.102742672,3.090342,0,0,0.006239,0.000233,0.050525,2.809793,0.006506,0.031317,2.778476,0.022486,0.084463
1520,1790556106.202937841,2.528904,0,0,0.010858,0.000567,0.064561,2.267579,0.006534,0.014624,2.252955,0.002523,0.086641
1521,1790556106.303152084,2.863643,0,0,0.024244,0.000329,0.086256,2.553322,0.007595,0.033711,2.519611,0.003597,0.076103
1522,1790556106.403357744,2.156757,0,0,0.007200,0.000170,0.050620,1.968032,0.006910,0.013437,1.954595,0.002709,0.064961
1523,1790556106.603735209,2.339841,0,0,0.009556,0.000295,0.093381,2.064035,0.008297,0.017491,2.046544,0.003530,0.073916
1524,1790556106.703960896,2.234574,0,0,0.010673,0.000215,0.055894,2.013377,0.004989,0.012372,2.001005,0.002141,0.075712
1525,1790556106.804155827,2.283905,0,0,0.009885,0.000301,0.056957,2.039021,0.007528,0.020804,2.018217,0.003220,0.078061
1526,1790556106.904345512,2.308617,0,0,0.008329,0.000300,0.055882,2.088999,0.006109,0.025746,2.063253,0.002418,0.076554
1527,1790556107.004498005,2.204274,0,0,0.010197,0.000243,0.058001,1.977219,0.005862,0.012856,1.964363,0.002323,0.060501
1528,1790556107.104722977,3.038482,0,0,0.008087,0.000314,0.054789,2.747285,0.009908,0.021622,2.725663,0.004118,0.078382
1529,1790556107.305131197,2.565909,0,0,0.009213,0.000387,0.066068,2.344704,0.005619,0.012642,2.332062,0.002573,0.068501
1530,1790556107.405277252,2.250620,0,0,0.008262,0.000246,0.051052,2.058151,0.005257,0.012749,2.045402,0.002644,0.072191
1531,1790556107.505499840,2.349387,0,0,0.008810,0.000312,0.051685,2.100501,0.008729,0.015866,2.084635,0.004077,0.085025
1532,1790556107.605694294,2.380473,0,0,0.008029,0.000284,0.060588,2.148309,0.007498,0.015132,2.133177,0.003465,0.075602
1533,1790556107.705915213,2.878517,0,0,0.009893,0.000296,0.065647,2.514656,0.009696,0.015993,2.498663,0.004006,0.149114
1534,1790556107.806063890,2.754746,0,0,0.010031,0.000444,0.066417,2.541672,0.006251,0.013846,2.527826,0.002789,0.064326
1535,1790556107.906292439,2.450375,0,0,0.010213,0.000222,0.050836,2.231703,0.006339,0.013159,2.218544,0.002352,0.089511
1536,1790556108.006485462,2.428403,0,0,0.008104,0.000228,0.051887,2.234011,0.005684,0.012394,2.221617,0.002419,0.069649
1537,1790556108.106702089,2.267279,0,0,0.012982,0.000362,0.072709,2.050842,0.006135,0.029160,2.021682,0.002438,0.064694
1538,1790556108.206968069,2.612188,0,0,0.009055,0.000254,0.053621,2.353491,0.006712,0.027810,2.325681,0.002592,0.100356
1539,1790556108.307090759,2.469791,0,0,0.009203,0.000228,0.055551,2.252065,0.006383,0.013565,2.238500,0.002250,0.083916
1540,1790556108.407277584,2.534934,0,0,0.010317,0.000400,0.054564,2.297180,0.008798,0.015907,2.281273,0.003527,0.080730
1541,1790556108.507437468,2.692634,0,0,0.010403,0.000223,0.057970,2.473549,0.007465,0.018147,2.455402,0.002989,0.067702
1542,1790556108.607671976,2.425606,0,0,0.008958,0.000324,0.078045,2.155777,0.009746,0.019272,2.136505,0.003802,0.089829
1543,1790556108.707876682,2.856513,0,0,0.022770,0.000285,0.081868,2.439701,0.018963,0.057151,2.382550,0.008051,0.116366
1544,1790556108.808083534,2.615629,0,0,0.009748,0.000342,0.055434,2.401388,0.006751,0.013996,2.387392,0.002941,0.073011
1545,1790556108.908245325,2.335782,0,0,0.006391,0.000315,0.050244,2.095527,0.009442,0.027137,2.068390,0.003607,0.092438
1546,1790556109.008442879,2.813975,0,0,0.007473,0.000508,0.059661,2.529627,0.010410,0.025017,2.504610,0.004481,0.101434
1547,1790556109.108653784,2.354056,0,0,0.007378,0.000246,0.063949,2.098593,0.006527,0.014690,2.083903,0.002475,0.091018
1548,1790556109.208840609,2.715474,0,0,0.007269,0.000218,0.050687,2.193338,0.017977,0.033098,2.160240,0.007106,0.255009
1549,1790556109.309057474,2.431842,0,0,0.007562,0.000227,0.051733,2.190131,0.006918,0.013684,2.176447,0.002452,0.085187
1550,1790556109.409226656,2.456292,0,0,0.011296,0.000234,0.072062,2.242847,0.005115,0.012516,2.230331,0.002617,0.062949
1551,1790556109.609643936,2.318050,0,0,0.007905,0.000259,0.057237,2.113501,0.006081,0.013482,2.100019,0.002931,0.064208
1552,1790556109.810038805,2.309015,0,0,0.007091,0.000194,0.050799,2.122494,0.005339,0.025401,2.097093,0.002306,0.064271
1553,1790556109.910234690,2.246903,0,0,0.008400,0.000257,0.050997,2.002571,0.008768,0.013463,1.989108,0.003886,0.086928
1554,1790556110.010434151,2.252023,0,0,0.007236,0.000285,0.070314,2.057314,0.005100,0.026729,2.030585,0.002097,0.059461
1555,1790556110.110630035,2.892986,0,0,0.007893,0.000486,0.053075,2.670567,0.009455,0.022831,2.647736,0.003529,0.068463
1556,1790556110.210824490,2.585701,0,0,0.008301,0.000229,0.051951,2.354108,0.008634,0.018118,2.335990,0.003592,0.069204
1557,1790556110.310983896,2.255567,0,0,0.008013,0.000261,0.050120,2.033364,0.005860,0.014113,2.019251,0.002620,0.090198
1558,1790556110.511353254,2.385391,0,0,0.006699,0.000214,0.047929,2.140545,0.006196,0.013500,2.127045,0.002484,0.094491
1559,1790556110.611572027,2.763846,0,0,0.008144,0.000242,0.054225,2.386016,0.013422,0.026384,2.359632,0.005246,0.133578
1560,1790556110.711778402,2.643360,0,0,0.010935,0.000256,0.075180,2.287142,0.011909,0.020136,2.267006,0.006479,0.117280
1561,1790556110.912166119,2.138185,0,0,0.007054,0.000245,0.050105,1.912069,0.007839,0.013147,1.898922,0.003588,0.082946
1562,1790556111.012415171,3.305039,0,0,0.011737,0.000318,0.101146,2.956940,0.023720,0.015914,2.941026,0.010892,0.074693
1563,1790556111.112585545,2.958427,0,0,0.011600,0.000385,0.065620,2.585061,0.011656,0.025615,2.559446,0.004099,0.151081
1564,1790556111.212759733,3.314159,0,0,0.013024,0.001086,0.075817,3.048518,0.007525,0.017062,3.031456,0.003245,0.079721
1565,1790556111.312954426,2.930766,0,0,0.009482,0.000330,0.057463,2.658864,0.011430,0.026040,2.632824,0.004991,0.077365
1566,1790556111.413145304,2.977156,0,0,0.009856,0.000316,0.067338,2.722616,0.009073,0.018149,2.704467,0.003059,0.075827
1567,1790556111.513373613,2.353181,0,0,0.008661,0.000183,0.054087,2.080980,0.021443,0.017149,2.063831,0.003162,0.090919
1568,1790556111.613520384,2.861547,0,0,0.012046,0.000241,0.060890,2.626565,0.010414,0.023806,2.602759,0.003495,0.067698
1569,1790556111.713749170,2.705520,0,0,0.010963,0.000243,0.063965,2.470538,0.006533,0.015625,2.454913,0.005635,0.068875
1570,1790556111.813905954,2.761472,0,0,0.012309,0.000280,0.080003,2.514213,0.006384,0.015586,2.498627,0.002308,0.069683
1571,1790556111.914312363,2.489742,0,0,0.009805,0.000295,0.056571,2.298637,0.005517,0.012612,2.286025,0.002377,0.060237
1572,1790556112.014302254,2.477964,0,0,0.009555,0.000247,0.062183,2.279494,0.005062,0.012102,2.267392,0.002785,0.062894
1573,1790556112.114515543,2.641340,0,0,0.009985,0.000483,0.075026,2.430048,0.005946,0.012234,2.417814,0.002187,0.062087
1574,1790556112.214750528,2.455485,0,0,0.005394,0.000220,0.054239,2.258525,0.005845,0.012242,2.246283,0.002115,0.074576
1575,1790556112.314919710,2.504296,0,0,0.006462,0.000217,0.049859,2.328178,0.005613,0.012472,2.315706,0.002123,0.060262
1576,1790556112.415138006,2.454255,0,0,0.005328,0.000301,0.050648,2.275487,0.005381,0.012713,2.262774,0.002502,0.061610
1577,1790556112.515302896,2.348537,0,0,0.005659,0.000236,0.048832,2.112554,0.005572,0.012297,2.100257,0.002122,0.075412
1578,1790556112.615498304,2.433312,0,0,0.005761,0.000241,0.049610,2.237740,0.005240,0.012132,2.225608,0.002344,0.078554
1579,1790556112.715760946,2.510355,0,0,0.005495,0.000157,0.048762,2.307667,0.005870,0.012306,2.295361,0.002352,0.069095
1580,1790556112.815934420,2.509265,0,0,0.005913,0.000188,0.049923,2.285411,0.006254,0.013350,2.272061,0.002511,0.091604
1581,1790556112.916097879,2.771347,0,0,0.006777,0.000244,0.050998,2.566334,0.006272,0.014562,2.551772,0.002786,0.066076
1582,1790556113.016289949,2.397585,0,0,0.006414,0.000250,0.049317,2.124624,0.006615,0.034052,2.090572,0.002317,0.120543
1583,1790556113.216688395,2.233393,0,0,0.015109,0.000360,0.071785,1.943689,0.006602,0.014442,1.929247,0.003164,0.120179
1584,1790556113.316877127,2.285591,0,0,0.005402,0.000257,0.051736,2.039115,0.006768,0.015410,2.023705,0.002692,0.103355
1585,1790556113.417072535,2.309723,0,0,0.009583,0.000232,0.065184,2.075593,0.005619,0.016039,2.059554,0.002819,0.076480
1586,1790556113.517269850,3.054848,0,0,0.015373,0.000362,0.079542,2.637105,0.016886,0.027910,2.609195,0.007364,0.130180
1587,1790556113.817855120,2.518198,0,0,0.014207,0.000282,0.071469,2.249556,0.007036,0.018906,2.230650,0.003139,0.076344
1588,1790556113.918054819,2.496495,0,0,0.008702,0.000279,0.062103,2.219871,0.011506,0.023779,2.196092,0.004952,0.090495
1589,1790556114.018284082,2.572418,0,0,0.008998,0.000221,0.066149,2.276124,0.006515,0.016170,2.259954,0.002653,0.126381
1590,1790556114.118449688,3.700313,0,0,0.015744,0.000436,0.095374,3.303663,0.013194,0.030295,3.273368,0.004679,0.118920
1591,1790556114.318863630,2.527650,0,0,0.010171,0.000313,0.058479,2.290414,0.007587,0.016180,2.274234,0.002658,0.074589
1592,1790556114.419029951,2.474174,0,0,0.012002,0.000447,0.088226,2.210926,0.006673,0.016403,2.194523,0.002833,0.069866
1593,1790556114.619423151,2.133934,0,0,0.005408,0.000177,0.047075,1.939498,0.006681,0.016148,1.923350,0.002676,0.070646
1594,1790556114.719623327,2.281463,0,0,0.009477,0.000389,0.059389,2.076424,0.005969,0.013857,2.062567,0.002663,0.075951
1595,1790556114.920034885,2.794021,0,0,0.011688,0.000280,0.064100,2.513368,0.006840,0.014519,2.498849,0.002647,0.081520
1596,1790556115.120438337,2.594906,0,0,0.014336,0.000258,0.068623,2.371168,0.006098,0.013064,2.358104,0.002137,0.066820
1597,1790556115.220638275,2.654519,0,0,0.008471,0.000310,0.053988,2.315208,0.009941,0.033773,2.281435,0.003494,0.121307
1598,1790556115.320809126,2.257782,0,0,0.006359,0.000263,0.061877,2.043241,0.005231,0.011899,2.031342,0.002454,0.059024
1599,1790556115.521193504,3.290439,0,0,0.024511,0.001080,0.117366,2.651353,0.017601,0.033208,2.618145,0.007337,0.301842
1600,1790556115.621387005,2.109658,0,0,0.008092,0.000323,0.054400,1.920494,0.005684,0.013393,1.907101,0.002419,0.064261
1601,1790556115.721562147,2.521076,0,0,0.005689,0.000202,0.048745,2.327770,0.005436,0.028655,2.299115,0.002567,0.077018
1602,1790556115.821772575,2.390552,0,0,0.005930,0.000248,0.048650,2.193382,0.005695,0.013161,2.180221,0.002607,0.079184
1603,1790556115.921997070,2.282558,0,0,0.006075,0.000240,0.046793,2.091802,0.005652,0.012635,2.079167,0.002673,0.067425
1604,1790556116.022169113,2.662509,0,0,0.007356,0.000234,0.050311,2.465559,0.006110,0.013981,2.451578,0.003090,0.067159
1605,1790556116.122371912,2.472223,0,0,0.006513,0.000271,0.052066,2.269926,0.005617,0.014897,2.255029,0.002322,0.065951
1606,1790556116.222578287,2.492491,0,0,0.009006,0.000299,0.070264,2.263761,0.010925,0.014833,2.248928,0.003218,0.065456
1607,1790556116.422972202,2.393980,0,0,0.009404,0.000268,0.055734,2.154201,0.006101,0.014020,2.140181,0.002665,0.091943
1608,1790556116.523183823,2.310952,0,0,0.011036,0.000245,0.060555,2.098704,0.006294,0.013591,2.085113,0.002575,0.065140
1609,1790556116.723570347,2.854210,0,0,0.007247,0.000395,0.064339,2.470119,0.022602,0.013322,2.456797,0.003026,0.153613
1610,1790556116.823742151,2.735772,0,0,0.006868,0.000231,0.067147,2.453526,0.009238,0.023638,2.429888,0.003830,0.102709
1611,1790556116.923960924,2.429672,0,0,0.008105,0.000224,0.050998,2.214945,0.006000,0.014175,2.200770,0.002635,0.081554
1612,1790556117.024138212,2.640102,0,0,0.008865,0.000229,0.052647,2.437181,0.005666,0.014400,2.422781,0.002365,0.065329
1613,1790556117.124351501,2.417217,0,0,0.009307,0.000297,0.055782,2.232387,0.005877,0.012178,2.220209,0.002316,0.063185
1614,1790556117.324741125,2.262274,0,0,0.009126,0.000282,0.051827,2.020443,0.005615,0.012712,2.007731,0.002356,0.086535
1615,1790556117.424901724,2.572531,0,0,0.009952,0.000629,0.069507,2.333227,0.006860,0.015192,2.318035,0.002785,0.069397
1616,1790556117.625348806,2.576243,0,0,0.014894,0.000396,0.076455,2.313745,0.006502,0.030604,2.283141,0.002403,0.066264
1617,1790556117.725548983,2.518688,0,0,0.009067,0.000335,0.057027,2.291725,0.005531,0.015431,2.276294,0.002979,0.085324
1618,1790556117.825711012,2.486610,0,0,0.008719,0.000291,0.057920,2.282569,0.006372,0.013079,2.269490,0.002570,0.067147
1619,1790556118.026152372,2.727418,0,0,0.009363,0.000357,0.070780,2.447849,0.009590,0.016923,2.430926,0.004309,0.088719
1620,1790556118.126281261,2.909519,0,0,0.010402,0.000227,0.066288,2.652663,0.006042,0.014513,2.638150,0.002387,0.079874
1621,1790556118.226523638,3.632341,0,0,0.015386,0.000453,0.120457,3.211489,0.010071,0.021387,3.190102,0.004004,0.112545
1622,1790556118.426887989,2.357400,0,0,0.005789,0.000250,0.047548,2.110313,0.008891,0.017585,2.092728,0.003563,0.091834
1623,1790556118.527112246,2.646603,0,0,0.006522,0.000241,0.060834,2.326178,0.009477,0.019771,2.306407,0.004003,0.126019
1624,1790556118.627328873,2.463815,0,0,0.009641,0.000268,0.051538,2.267525,0.006114,0.011899,2.255626,0.002920,0.067788
1625,1790556118.727478027,2.226070,0,0,0.008597,0.000228,0.050206,2.035431,0.006699,0.012993,2.022438,0.008624,0.060037
1626,1790556118.927894354,2.800368,0,0,0.009663,0.000299,0.077166,2.425972,0.013425,0.028192,2.397780,0.007554,0.124848
1627,1790556119.028069973,2.603769,0,0,0.006302,0.000263,0.048787,2.339307,0.009076,0.014321,2.324986,0.003730,0.100052
1628,1790556119.228471518,2.384525,0,0,0.006207,0.000227,0.065542,2.135905,0.020688,0.013390,2.122515,0.002416,0.082165
1629,1790556119.328686476,2.151769,0,0,0.006980,0.000263,0.049313,1.958910,0.005630,0.012696,1.946214,0.002391,0.066183
1630,1790556119.428865433,2.767759,0,0,0.010297,0.000272,0.066049,2.385736,0.017005,0.028526,2.357210,0.005812,0.155770
1631,1790556119.629245758,2.679124,0,0,0.007272,0.000230,0.058439,2.364302,0.008330,0.030842,2.333460,0.003088,0.116663
1632,1790556119.729453087,3.401556,0,0,0.013593,0.000469,0.131576,2.104620,0.006227,0.013060,2.091560,0.002592,1.083832
1633,1790556119.829600573,2.328274,0,0,0.008800,0.000249,0.058862,2.122235,0.005445,0.013539,2.108696,0.002611,0.075839
1634,1790556119.929796457,2.535218,0,0,0.010181,0.000224,0.063920,2.334327,0.006240,0.013129,2.321198,0.002226,0.060300
1635,1790556120.029991627,2.259309,0,0,0.008543,0.000649,0.051202,2.042514,0.006253,0.012807,2.029707,0.002442,0.073897
1636,1790556120.130186558,2.736785,0,0,0.008094,0.000506,0.051577,2.554756,0.005601,0.011745,2.543011,0.002261,0.060798
1637,1790556120.230386496,2.642302,0,0,0.008738,0.000379,0.056759,2.424298,0.005587,0.012297,2.412001,0.002263,0.090648
1638,1790556120.330608845,2.485162,0,0,0.009401,0.000315,0.056121,2.269104,0.005929,0.012972,2.256132,0.002359,0.075228
1639,1790556120.430812359,2.494741,0,0,0.009033,0.000251,0.054421,2.312174,0.005174,0.011957,2.300217,0.002376,0.060539
1640,1790556120.531000853,2.501158,0,0,0.006402,0.000258,0.049341,2.256016,0.005688,0.037036,2.218980,0.002344,0.117312
1641,1790556120.631168842,2.431978,0,0,0.019650,0.000240,0.047398,2.216576,0.004975,0.011872,2.204704,0.002585,0.061758
1642,1790556120.731395721,2.525659,0,0,0.005155,0.000278,0.046989,2.337126,0.005365,0.011503,2.325623,0.001937,0.077968
1643,1790556120.831562757,2.402851,0,0,0.006183,0.000183,0.048824,2.183997,0.021534,0.011675,2.172322,0.002705,0.075672
1644,1790556120.931790829,2.501007,0,0,0.006186,0.000180,0.062318,2.301946,0.004792,0.011093,2.290853,0.002280,0.076945
1645,1790556121.031989813,2.431597,0,0,0.009010,0.000379,0.075847,2.180502,0.006055,0.015427,2.165075,0.002897,0.078068
1646,1790556121.132154942,2.280138,0,0,0.006152,0.000194,0.048032,2.108632,0.005329,0.011531,2.097101,0.002291,0.060642
1647,1790556121.232376099,2.367561,0,0,0.007307,0.000224,0.049681,2.183010,0.005118,0.012340,2.170670,0.002844,0.058381
1648,1790556121.332565546,3.015850,0,0,0.011644,0.000252,0.069994,2.640512,0.017200,0.033383,2.607129,0.004775,0.119728
1649,1790556121.432789803,2.227727,0,0,0.008636,0.000275,0.054146,1.973536,0.008988,0.016108,1.957428,0.003388,0.100708
1650,1790556121.532992601,2.306647,0,0,0.015182,0.000247,0.115871,2.033182,0.006264,0.013374,2.019808,0.002352,0.081791
1651,1790556121.733382463,2.337565,0,0,0.008874,0.000278,0.053230,2.049648,0.009347,0.031549,2.018099,0.004881,0.109064
1652,1790556121.833528757,2.675467,0,0,0.011776,0.000272,0.060259,2.247904,0.013655,0.029755,2.218149,0.007008,0.094795
1653,1790556121.933753252,2.816291,0,0,0.010384,0.000252,0.071793,2.588961,0.006407,0.012914,2.576047,0.002220,0.078029
1654,1790556122.033951283,2.231534,0,0,0.008445,0.000185,0.050375,2.051686,0.005293,0.011737,2.039949,0.002451,0.060539
1655,1790556122.134176254,2.448079,0,0,0.008368,0.000264,0.058052,2.257828,0.005110,0.011556,2.246272,0.002292,0.062614
1656,1790556122.234365463,2.377923,0,0,0.008323,0.000287,0.068015,2.169693,0.006510,0.013145,2.156548,0.002680,0.058565
1657,1790556122.334538937,2.896514,0,0,0.008396,0.000275,0.050284,2.674913,0.008039,0.016678,2.658235,0.003406,0.080155
1658,1790556122.434722185,2.626421,0,0,0.009872,0.000289,0.052274,2.416960,0.006166,0.012334,2.404626,0.002337,0.078949
1659,1790556122.534929037,2.316618,0,0,0.009200,0.000475,0.053267,2.116300,0.006058,0.013496,2.102804,0.002299,0.064184
1660,1790556122.735341549,2.510027,0,0,0.010565,0.000562,0.086189,2.255750,0.006182,0.015468,2.240282,0.002403,0.071022
1661,1790556122.835490227,2.752754,0,0,0.014723,0.000374,0.081885,2.482931,0.008470,0.015110,2.467821,0.003742,0.079889
1662,1790556122.935750723,2.734342,0,0,0.008576,0.000193,0.053495,2.524190,0.005583,0.013414,2.510776,0.002914,0.067188
1663,1790556123.035912991,3.097432,0,0,0.011784,0.000365,0.080539,2.847886,0.009338,0.018553,2.829333,0.003052,0.066586
1664,1790556123.136150599,2.921712,0,0,0.006883,0.000251,0.062447,2.595343,0.014181,0.043540,2.551803,0.005287,0.110434
1665,1790556123.236299992,2.621100,0,0,0.008954,0.000303,0.055320,2.364373,0.006279,0.016311,2.348062,0.003141,0.086692
1666,1790556123.336494684,3.059101,0,0,0.015928,0.000523,0.081105,2.784790,0.006757,0.015019,2.769771,0.002873,0.096006
1667,1790556123.436707258,2.268621,0,0,0.008849,0.000223,0.052649,2.027980,0.008382,0.017785,2.010195,0.004629,0.078139
1668,1790556123.536903620,2.666127,0,0,0.007149,0.000174,0.061213,2.437486,0.005801,0.012800,2.424686,0.002600,0.092040
1669,1790556123.637097836,2.618452,0,0,0.009263,0.000285,0.061386,2.392340,0.006457,0.016045,2.376295,0.002573,0.079630
1670,1790556123.837482452,2.205033,0,0,0.007697,0.000322,0.058328,1.996559,0.005266,0.011332,1.985227,0.002102,0.078693
1671,1790556123.937691927,2.366871,0,0,0.005520,0.000259,0.048906,2.189187,0.005412,0.012148,2.177039,0.002638,0.064517
1672,1790556124.037870884,2.165862,0,0,0.008925,0.000268,0.051136,1.961357,0.006258,0.014195,1.947162,0.003038,0.067462
1673,1790556124.138069391,2.825934,0,0,0.007407,0.000206,0.050152,2.612151,0.006330,0.015826,2.596325,0.002781,0.070577
1674,1790556124.238287210,2.572146,0,0,0.008035,0.000205,0.051359,2.314023,0.011661,0.023493,2.290530,0.004849,0.070595
1675,1790556124.338486671,2.280640,0,0,0.006708,0.000281,0.051734,2.075826,0.005292,0.013536,2.062290,0.002594,0.068277
1676,1790556124.438649178,2.405312,0,0,0.007496,0.000306,0.052455,2.211200,0.005595,0.012735,2.198465,0.002246,0.064338
1677,1790556124.538855791,2.500164,0,0,0.009579,0.000222,0.066847,2.204200,0.008613,0.021829,2.182371,0.003884,0.094744
1678,1790556124.639069080,2.527974,0,0,0.007738,0.000251,0.052245,2.292521,0.006841,0.018776,2.273745,0.002472,0.076842
1679,1790556124.739258528,2.504436,0,0,0.007321,0.000174,0.068859,2.228612,0.006056,0.013404,2.215208,0.002500,0.087997
1680,1790556124.839440107,2.277372,0,0,0.007467,0.000242,0.065405,2.045009,0.006089,0.012901,2.032108,0.002420,0.085781
1681,1790556124.939667702,2.431391,0,0,0.008067,0.000163,0.054730,2.125342,0.005656,0.012586,2.112756,0.002420,0.158638
1682,1790556125.039837122,2.286086,0,0,0.007972,0.000260,0.055054,2.051315,0.008060,0.017355,2.033960,0.002640,0.073524
1683,1790556125.140028000,2.316070,0,0,0.007269,0.000307,0.065848,2.097846,0.006606,0.014039,2.083807,0.002466,0.066878
1684,1790556125.240251541,2.428141,0,0,0.011485,0.000336,0.068708,2.164737,0.007857,0.014788,2.149949,0.003499,0.075297
1685,1790556125.340415716,2.812105,0,0,0.012529,0.000208,0.072630,2.570596,0.008094,0.017225,2.553371,0.002645,0.067833
1686,1790556125.440612793,2.675662,0,0,0.007793,0.000278,0.054255,2.444693,0.006597,0.016355,2.428338,0.002816,0.076988
1687,1790556125.540817499,2.228286,0,0,0.008149,0.000210,0.052056,2.021701,0.006453,0.012208,2.009493,0.002177,0.079390
1688,1790556125.641039610,2.380904,0,0,0.008389,0.000378,0.051864,2.124474,0.010112,0.017651,2.106823,0.003330,0.087479
1689,1790556125.741237879,2.284888,0,0,0.007574,0.000263,0.052581,2.055421,0.005516,0.029760,2.025661,0.002657,0.098513
1690,1790556125.841395617,2.424007,0,0,0.007746,0.000306,0.051399,2.172557,0.005924,0.013378,2.159179,0.002404,0.118546
1691,1790556125.941592693,2.311754,0,0,0.007406,0.000241,0.053731,2.098499,0.006017,0.012217,2.086282,0.002853,0.065822
1692,1790556126.041861057,2.218832,0,0,0.007649,0.000239,0.065227,1.999427,0.006201,0.012965,1.986462,0.003020,0.073351
1693,1790556126.141998529,2.262913,0,0,0.006384,0.000253,0.047936,2.058253,0.005871,0.033016,2.025237,0.002663,0.064598
1694,1790556126.242187500,2.800728,0,0,0.013171,0.000312,0.091352,2.504121,0.006321,0.015174,2.488947,0.002829,0.098529
1695,1790556126.442594290,2.309272,0,0,0.007088,0.000228,0.050028,2.115840,0.005803,0.012157,2.103683,0.002743,0.065637
1696,1790556126.542804956,2.220959,0,0,0.007916,0.000231,0.050247,1.995466,0.005731,0.012436,1.983030,0.002573,0.096770
1697,1790556126.642992973,3.782266,0,0,0.009514,0.000292,0.075547,3.431363,0.010409,0.022228,3.409135,0.004645,0.120839
1698,1790556126.743140936,2.694155,0,0,0.009817,0.000227,0.052736,2.490354,0.005842,0.030010,2.460344,0.002265,0.065390
1699,1790556126.843412161,2.579419,0,0,0.006545,0.000227,0.051672,2.284687,0.006746,0.016092,2.268595,0.002558,0.096830
1700,1790556127.043785572,2.353434,0,0,0.024533,0.000304,0.053081,2.100780,0.006008,0.013552,2.087228,0.003034,0.093573
1701,1790556127.143974066,2.450443,0,0,0.009377,0.000291,0.062045,2.192772,0.006350,0.013114,2.179658,0.002477,0.102127
1702,1790556127.244146109,2.604823,0,0,0.008765,0.000282,0.059031,2.305942,0.008316,0.019328,2.286614,0.003585,0.106864
1703,1790556127.344376087,2.344010,0,0,0.009311,0.000302,0.055187,2.124433,0.007922,0.014980,2.109453,0.002694,0.063944
1704,1790556127.444513559,2.407152,0,0,0.009479,0.000278,0.060205,2.117315,0.013884,0.025168,2.092147,0.005865,0.094929
1705,1790556127.544739008,2.585887,0,0,0.009410,0.000250,0.056743,2.225271,0.025322,0.029384,2.195887,0.005194,0.127321
1706,1790556127.644931316,2.289291,0,0,0.011561,0.000482,0.062424,2.058758,0.005194,0.012825,2.045933,0.002547,0.086384
1707,1790556127.745124817,2.183441,0,0,0.008716,0.000296,0.054309,1.963418,0.006925,0.015638,1.947780,0.002885,0.069263
1708,1790556127.845338106,2.643462,0,0,0.006490,0.000228,0.052593,2.257154,0.009777,0.024396,2.232758,0.004187,0.167710
1709,1790556127.945519447,3.366880,0,0,0.013211,0.000218,0.080292,3.108300,0.007785,0.017115,3.091185,0.002611,0.071009
1710,1790556128.045713902,2.471089,0,0,0.005987,0.000348,0.051853,2.285592,0.005166,0.011580,2.274012,0.002315,0.072212
1711,1790556128.145910740,2.425919,0,0,0.005661,0.000215,0.051277,2.239226,0.005252,0.011460,2.227766,0.002257,0.072554
1712,1790556128.246109724,2.831019,0,0,0.010149,0.000391,0.065800,2.552971,0.008692,0.017544,2.535427,0.003303,0.102084
1713,1790556128.346305370,3.047064,0,0,0.011211,0.000358,0.070006,2.813179,0.006674,0.015680,2.797499,0.002998,0.064572
1714,1790556128.446472883,2.939139,0,0,0.013492,0.000540,0.085012,2.670254,0.006142,0.017447,2.652807,0.003213,0.075535
1715,1790556128.546694517,3.116480,0,0,0.008838,0.000263,0.051218,2.861783,0.007343,0.019287,2.842496,0.002904,0.088332
1716,1790556128.646905661,2.492680,0,0,0.012723,0.000390,0.064332,2.176857,0.014760,0.026824,2.150033,0.003368,0.096782
1717,1790556128.747086048,2.342621,0,0,0.006567,0.000349,0.050922,2.098873,0.008864,0.015957,2.082916,0.003781,0.086396
1718,1790556128.847285986,2.380448,0,0,0.006127,0.000246,0.052387,2.130385,0.008600,0.016897,2.113488,0.003358,0.094576
1719,1790556128.947453976,2.545456,0,0,0.007669,0.000175,0.062294,2.308020,0.006211,0.013918,2.294102,0.002761,0.084671
1720,1790556129.047688961,2.241390,0,0,0.006803,0.000218,0.073223,2.012523,0.006502,0.015841,1.996682,0.002682,0.067913
1721,1790556129.148007154,2.347638,0,0,0.009652,0.000230,0.066347,2.103822,0.006429,0.015058,2.088764,0.003390,0.073504
1722,1790556129.248086691,2.256842,0,0,0.006367,0.000180,0.050139,2.058040,0.006594,0.014111,2.043929,0.002623,0.068466
1723,1790556129.348322153,2.400475,0,0,0.006478,0.000217,0.054215,2.115366,0.006443,0.019166,2.096200,0.002817,0.081374
1724,1790556129.448506355,2.313523,0,0,0.010781,0.000164,0.054088,2.004143,0.006169,0.012810,1.991333,0.002136,0.151382
1725,1790556129.548665524,2.493575,0,0,0.008966,0.000248,0.055873,2.153993,0.006795,0.024590,2.129403,0.003112,0.158688
1726,1790556129.648913145,2.256564,0,0,0.007314,0.000286,0.050105,2.031363,0.007110,0.016723,2.014640,0.002658,0.088539
1727,1790556129.749048233,2.296881,0,0,0.008700,0.000245,0.053799,2.053219,0.005146,0.027187,2.026032,0.002693,0.062126
1728,1790556129.849236250,2.422293,0,0,0.008202,0.000288,0.059237,2.127011,0.012555,0.018814,2.108197,0.004583,0.106274
1729,1790556129.949446440,2.665982,0,0,0.012553,0.000677,0.093981,2.422770,0.005386,0.014684,2.408086,0.003165,0.061206
1730,1790556130.049636841,2.684085,0,0,0.009901,0.000276,0.079120,2.431366,0.005762,0.028826,2.402540,0.002647,0.089537
1731,1790556130.149866819,2.438576,0,0,0.005933,0.000235,0.050539,2.264206,0.005425,0.012297,2.251909,0.002292,0.058940
1732,1790556130.250072718,2.479721,0,0,0.005401,0.000181,0.048472,2.289027,0.005018,0.011655,2.277372,0.002332,0.073728
1733,1790556130.350229263,2.569018,0,0,0.005332,0.000158,0.053621,2.391538,0.005793,0.011748,2.379790,0.002179,0.059707
1734,1790556130.450400829,2.688939,0,0,0.010992,0.000246,0.064996,2.419092,0.010897,0.022275,2.396817,0.003778,0.083212
1735,1790556130.550640345,2.594024,0,0,0.009556,0.000351,0.058045,2.326853,0.008089,0.018613,2.308240,0.003904,0.085999
1736,1790556130.650815964,2.972090,0,0,0.011294,0.000304,0.057383,2.667823,0.009492,0.019059,2.648764,0.003884,0.087082
1737,1790556130.851239443,2.890742,0,0,0.008717,0.000297,0.050541,2.403089,0.013014,0.026174,2.376915,0.004865,0.176603
1738,1790556130.951380968,2.796634,0,0,0.011058,0.000400,0.057662,2.443373,0.016304,0.026142,2.417231,0.007051,0.073138
1739,1790556131.051618338,2.896554,0,0,0.010021,0.000272,0.060655,2.534009,0.008161,0.017808,2.516201,0.005603,0.102687
1740,1790556131.151767969,2.586159,0,0,0.024382,0.000492,0.111205,2.155921,0.020017,0.039271,2.116650,0.007485,0.092460
1741,1790556131.252053499,2.348059,0,0,0.011965,0.000446,0.057849,2.060170,0.006683,0.015922,2.044248,0.002997,0.105651
1742,1790556131.352234602,3.579936,0,0,0.011866,0.000400,0.084442,3.181758,0.012055,0.028465,3.153293,0.006119,0.120179
1743,1790556131.552625179,2.511418,0,0,0.008969,0.000273,0.051489,2.274038,0.006403,0.014130,2.259908,0.003209,0.076370
1744,1790556131.652781487,2.360708,0,0,0.009824,0.000306,0.052282,2.130595,0.006460,0.017071,2.113524,0.002953,0.076890
1745,1790556131.752966642,2.323656,0,0,0.009834,0.000375,0.051038,2.072905,0.009911,0.016463,2.056442,0.003327,0.086662
1746,1790556132.053545237,2.637920,0,0,0.022361,0.000476,0.164650,2.236591,0.012366,0.021685,2.214906,0.003947,0.087364
1747,1790556132.153775454,2.893173,0,0,0.010874,0.000302,0.088058,2.606915,0.022828,0.013353,2.593562,0.002988,0.081029
1748,1790556132.253962040,2.480219,0,0,0.010285,0.000305,0.056900,2.241088,0.010915,0.020205,2.220883,0.004417,0.072756
1749,1790556132.354170322,2.412363,0,0,0.011068,0.000322,0.058957,2.169514,0.006261,0.014601,2.154913,0.002687,0.087416
1750,1790556132.454344034,2.514701,0,0,0.013741,0.000475,0.112042,2.199861,0.007702,0.015098,2.184763,0.002975,0.105233
1751,1790556132.554566145,2.511177,0,0,0.009952,0.000319,0.052001,2.271327,0.007014,0.027560,2.243767,0.015958,0.077636
1752,1790556132.654777288,2.442720,0,0,0.019180,0.000832,0.184582,2.073924,0.027597,0.013618,2.060306,0.002776,0.070508
1753,1790556132.754968166,2.137994,0,0,0.009129,0.000276,0.053201,1.941609,0.005525,0.014475,1.927134,0.002465,0.062971
1754,1790556132.855150223,2.829951,0,0,0.014529,0.000524,0.087452,2.488001,0.008922,0.017880,2.470121,0.020743,0.087129
1755,1790556132.955367565,2.389579,0,0,0.006471,0.000566,0.052044,2.178283,0.005893,0.015423,2.162860,0.002250,0.066588
1756,1790556133.055567265,2.442347,0,0,0.006635,0.000251,0.058214,2.228997,0.005918,0.014517,2.214480,0.003047,0.069093
1757,1790556133.155752420,2.276449,0,0,0.008859,0.000356,0.051827,2.009438,0.020978,0.015320,1.994118,0.003891,0.086731
1758,1790556133.255918026,2.289542,0,0,0.009612,0.000292,0.052075,2.034706,0.006280,0.015795,2.018911,0.003014,0.088777
1759,1790556133.356135845,2.412932,0,0,0.007290,0.000328,0.053655,2.163228,0.007466,0.013821,2.149407,0.003253,0.071130
1760,1790556133.456318617,2.554752,0,0,0.009364,0.000248,0.056513,2.340512,0.005681,0.013977,2.326535,0.003068,0.067056
1761,1790556133.556514025,2.413884,0,0,0.006087,0.000226,0.049716,2.010505,0.010486,0.017838,1.992667,0.003942,0.166545
1762,1790556133.656706333,2.168185,0,0,0.008983,0.000223,0.050724,1.980859,0.005424,0.012464,1.968395,0.002680,0.061464
1763,1790556133.756897688,2.449742,0,0,0.005980,0.000450,0.051000,2.254375,0.005358,0.012881,2.241494,0.002428,0.070562
1764,1790556133.857112885,2.607894,0,0,0.006821,0.000260,0.056701,2.314460,0.007734,0.016172,2.298288,0.003011,0.139854
1765,1790556133.957286358,2.684925,0,0,0.008694,0.000322,0.051063,2.488186,0.006616,0.013361,2.474825,0.002666,0.068105
1766,1790556134.057526112,2.280169,0,0,0.007786,0.000324,0.052507,2.093622,0.005857,0.012130,2.081492,0.002371,0.061855
1767,1790556134.157694817,2.730260,0,0,0.012709,0.000267,0.054763,2.521210,0.005219,0.011453,2.509757,0.002215,0.077920
1768,1790556134.257909536,2.463520,0,0,0.007860,0.000217,0.067579,2.268380,0.005099,0.011452,2.256928,0.002268,0.061553
1769,1790556134.358103991,3.045326,0,0,0.015167,0.000350,0.081840,2.764905,0.006245,0.031314,2.733591,0.002923,0.091260
1770,1790556134.458273172,2.617317,0,0,0.008336,0.000261,0.087223,2.400072,0.005522,0.011923,2.388149,0.002585,0.058012
1771,1790556134.558464289,2.568897,0,0,0.014208,0.000291,0.054904,2.323336,0.006454,0.012315,2.311021,0.002389,0.094327
1772,1790556134.658699036,2.571190,0,0,0.007767,0.000238,0.050748,2.320462,0.007316,0.017654,2.302808,0.003041,0.086714
1773,1790556134.758851051,3.103845,0,0,0.012087,0.000347,0.082638,2.777303,0.008098,0.018239,2.759064,0.003053,0.101422
1774,1790556134.859053612,2.683129,0,0,0.009014,0.000580,0.052247,2.450911,0.006399,0.017628,2.433283,0.003036,0.075260
1775,1790556134.959247351,3.038383,0,0,0.007195,0.000241,0.060526,2.793683,0.006063,0.028456,2.765227,0.002797,0.087949
1776,1790556135.059492826,3.227405,0,0,0.006982,0.000208,0.066384,2.927460,0.007482,0.015134,2.912326,0.003169,0.124628
1777,1790556135.159648418,2.878720,0,0,0.010447,0.000367,0.065244,2.599218,0.005779,0.014061,2.585157,0.002421,0.085839
1778,1790556135.259876490,2.554660,0,0,0.010374,0.000327,0.056956,2.361910,0.005164,0.012342,2.349568,0.002070,0.061070
1779,1790556135.360071182,2.615860,0,0,0.008903,0.000274,0.069808,2.358079,0.005064,0.013932,2.344147,0.002583,0.082297
1780,1790556135.460239887,2.723363,0,0,0.008809,0.000257,0.122676,2.408858,0.005180,0.012729,2.396129,0.002573,0.102634
1781,1790556135.560444832,2.544224,0,0,0.010765,0.000325,0.057103,2.307726,0.008381,0.014092,2.293634,0.003513,0.070062
1782,1790556135.660663128,2.869886,0,0,0.007287,0.000232,0.055586,2.649577,0.006140,0.014898,2.634679,0.002174,0.072079
1783,1790556135.760855913,3.341615,0,0,0.008692,0.000426,0.061918,3.047736,0.011575,0.024864,3.022872,0.004309,0.088772
1784,1790556135.961261034,2.341692,0,0,0.007508,0.000219,0.067550,2.128719,0.006035,0.013147,2.115572,0.002528,0.064789
1785,1790556136.061425209,2.917251,0,0,0.011126,0.000327,0.060062,2.688235,0.006198,0.014218,2.674017,0.002493,0.073636
1786,1790556136.161605835,2.751424,0,0,0.010358,0.000367,0.069891,2.455310,0.008620,0.031716,2.423594,0.003757,0.097165
1787,1790556136.261774302,2.913247,0,0,0.025448,0.000281,0.066127,2.607494,0.008314,0.015484,2.592010,0.003190,0.120349
1788,1790556136.362005472,2.447466,0,0,0.008477,0.000221,0.053517,2.233956,0.006256,0.014681,2.219275,0.002935,0.067460
1789,1790556136.462167740,2.306782,0,0,0.007805,0.000224,0.068847,2.085235,0.006313,0.012268,2.072967,0.002460,0.080770
1790,1790556136.562387943,2.310796,0,0,0.008332,0.000242,0.052394,2.095863,0.006559,0.014173,2.081690,0.002629,0.073259
1791,1790556136.662560463,2.280996,0,0,0.008478,0.000260,0.062608,2.057763,0.005553,0.012138,2.045625,0.002623,0.072534
1792,1790556136.762787342,2.302901,0,0,0.008518,0.000271,0.051581,2.057913,0.008376,0.019121,2.038792,0.003250,0.081603
1793,1790556136.862984896,2.354186,0,0,0.007347,0.000181,0.073595,2.117877,0.007137,0.014863,2.103014,0.002564,0.070060
1794,1790556136.963179350,2.790877,0,0,0.011259,0.000330,0.068328,2.532668,0.007888,0.043216,2.489452,0.003296,0.081258
1795,1790556137.063369036,2.643638,0,0,0.034720,0.000265,0.058217,2.398005,0.005531,0.012275,2.385730,0.002250,0.081412
1796,1790556137.163556099,3.151219,0,0,0.011282,0.000188,0.071902,2.856892,0.005938,0.015092,2.841800,0.002823,0.129788
1797,1790556137.263759613,2.361096,0,0,0.008171,0.000201,0.051894,2.145544,0.007368,0.014283,2.131261,0.002741,0.064159
1798,1790556137.363962412,2.462414,0,0,0.008641,0.000208,0.066544,2.189183,0.009949,0.017039,2.172144,0.005355,0.079386
1799,1790556137.464170933,2.290318,0,0,0.009542,0.000229,0.053485,2.035274,0.010083,0.017644,2.017630,0.003674,0.096056
1800,1790556137.564332247,2.269378,0,0,0.008519,0.000540,0.050497,2.062287,0.005736,0.013398,2.048889,0.002528,0.079760
1801,1790556137.664545774,2.408932,0,0,0.008377,0.000347,0.050200,2.195583,0.005603,0.012115,2.183468,0.002139,0.083832
1802,1790556137.764754057,2.407042,0,0,0.009041,0.000276,0.059160,2.161130,0.005916,0.013100,2.148030,0.002231,0.066321
1803,1790556137.864951134,2.749527,0,0,0.008675,0.000231,0.057406,2.435401,0.007702,0.020854,2.414547,0.003379,0.121812
1804,1790556137.965111256,2.196909,0,0,0.009712,0.000216,0.051612,1.989620,0.006553,0.017615,1.972005,0.002992,0.067077
1805,1790556138.065338135,2.580237,0,0,0.007128,0.000244,0.053786,2.265380,0.015587,0.044109,2.221271,0.010346,0.080266
1806,1790556138.165543318,2.877125,0,0,0.007890,0.000217,0.053526,2.659316,0.006399,0.015881,2.643435,0.002620,0.068452
1807,1790556138.265704393,3.002214,0,0,0.011421,0.000584,0.074785,2.694451,0.006731,0.014970,2.679481,0.002383,0.126131
1808,1790556138.365934610,3.132466,0,0,0.010561,0.000227,0.074254,2.812566,0.006771,0.015382,2.797184,0.002487,0.147908
1809,1790556138.466121912,2.758988,0,0,0.009316,0.000427,0.066355,2.524514,0.006485,0.016148,2.508366,0.002786,0.071696
1810,1790556138.566340208,2.579790,0,0,0.020306,0.000377,0.062378,2.349800,0.005860,0.013621,2.336179,0.002427,0.069774
1811,1790556138.666552305,2.745470,0,0,0.009359,0.000314,0.073559,2.480079,0.006173,0.014611,2.465468,0.002517,0.092912
1812,1790556138.766749144,2.766756,0,0,0.006539,0.000247,0.107896,2.456270,0.008882,0.017574,2.438696,0.005234,0.094596
1813,1790556138.866911888,2.835957,0,0,0.009027,0.000259,0.051036,2.637214,0.006116,0.013369,2.623845,0.002482,0.061227
1814,1790556138.967136621,2.712080,0,0,0.015966,0.000443,0.089267,2.403345,0.006264,0.013711,2.389634,0.002260,0.101440
1815,1790556139.067333221,3.016441,0,0,0.010173,0.000240,0.065303,2.766348,0.006646,0.014451,2.751897,0.002246,0.093622
1816,1790556139.167516947,2.388250,0,0,0.008433,0.000291,0.050675,2.168073,0.005871,0.012673,2.155400,0.002223,0.077137
1817,1790556139.267721176,2.922627,0,0,0.008167,0.000345,0.054361,2.675420,0.007565,0.015033,2.660387,0.002689,0.080582
1818,1790556139.367931843,3.013147,0,0,0.007294,0.000354,0.052283,2.751508,0.006512,0.014285,2.737223,0.002940,0.096679
1819,1790556139.468093634,2.877831,0,0,0.007057,0.000247,0.053126,2.554649,0.007283,0.017872,2.536777,0.003385,0.129134
1820,1790556139.568307161,2.916901,0,0,0.014679,0.000383,0.073869,2.641988,0.023424,0.015245,2.626743,0.002662,0.072121
1821,1790556139.668479204,3.043555,0,0,0.005971,0.000218,0.052210,2.773145,0.007313,0.017136,2.756009,0.003429,0.108644
1822,1790556139.768672705,2.878840,0,0,0.009479,0.000197,0.061667,2.613198,0.006719,0.015982,2.597216,0.016976,0.089394
1823,1790556139.868874788,3.159140,0,0,0.012667,0.000341,0.087336,2.871996,0.006342,0.016360,2.855636,0.003184,0.076559
1824,1790556139.969068527,2.951325,0,0,0.009407,0.000286,0.076379,2.687506,0.006374,0.014631,2.672875,0.002811,0.072797
1825,1790556140.069265366,2.871720,0,0,0.009719,0.000318,0.064778,2.649698,0.006758,0.014676,2.635022,0.002350,0.063738
1826,1790556140.169428825,2.937037,0,0,0.011781,0.000267,0.082454,2.626872,0.009085,0.016856,2.610016,0.002929,0.098046
1827,1790556140.269649267,2.975260,0,0,0.006729,0.000176,0.073039,2.673291,0.009080,0.017896,2.655395,0.003095,0.103541
1828,1790556140.369862795,2.413937,0,0,0.006508,0.000158,0.051807,2.227351,0.005589,0.012645,2.214706,0.002675,0.060347
1829,1790556140.470058918,3.047241,0,0,0.007289,0.000359,0.048571,2.677535,0.022225,0.033119,2.644416,0.004503,0.117541
1830,1790556140.570243120,2.930950,0,0,0.007218,0.015337,0.073890,2.640954,0.005704,0.013114,2.627840,0.002180,0.090351
1831,1790556140.670437336,2.665991,0,0,0.008582,0.000179,0.058853,2.382298,0.007047,0.014734,2.367564,0.002502,0.113851
1832,1790556140.770648241,2.229066,0,0,0.007924,0.000218,0.052521,2.004581,0.006225,0.013355,1.991226,0.002686,0.087212
1833,1790556140.970997810,2.299396,0,0,0.008772,0.000229,0.053961,2.071862,0.007645,0.014947,2.056915,0.003245,0.076295
1834,1790556141.071218967,2.442237,0,0,0.009039,0.000253,0.052833,2.199251,0.009123,0.013425,2.185826,0.004546,0.076316
1835,1790556141.171411276,2.457257,0,0,0.009137,0.000269,0.066936,2.174029,0.006971,0.020406,2.153623,0.003260,0.089023
1836,1790556141.272528172,2.255922,0,0,0.008421,0.000224,0.052925,2.045993,0.005118,0.011683,2.034310,0.002130,0.062608
1837,1790556141.371847391,2.698069,0,0,0.009762,0.000240,0.051406,2.389473,0.007129,0.017715,2.371758,0.002859,0.118589
1838,1790556141.471987963,2.397872,0,0,0.008610,0.000285,0.066922,2.139579,0.005284,0.026686,2.112893,0.002806,0.096375
1839,1790556141.572229862,2.406534,0,0,0.009574,0.000324,0.056500,2.140539,0.006746,0.017215,2.123324,0.003208,0.105697
1840,1790556141.772649765,2.140657,0,0,0.009430,0.000226,0.052925,1.945074,0.005649,0.012561,1.932513,0.002245,0.067031
1841,1790556141.872790813,2.405566,0,0,0.009553,0.000445,0.064581,2.141923,0.007921,0.015354,2.126569,0.004231,0.086659
1842,1790556142.073190928,2.309032,0,0,0.009080,0.000322,0.053057,2.102759,0.018810,0.013355,2.089404,0.002310,0.063322
1843,1790556142.173383236,2.495191,0,0,0.008694,0.000282,0.054190,2.265657,0.008473,0.017088,2.248569,0.002977,0.071363
1844,1790556142.373772621,2.425257,0,0,0.008647,0.000260,0.052328,2.235642,0.006115,0.011789,2.223853,0.002325,0.062950
1845,1790556142.473968983,2.336312,0,0,0.009158,0.000303,0.060422,2.127623,0.005886,0.013635,2.113988,0.002681,0.065695
1846,1790556142.574165344,2.593454,0,0,0.009075,0.000242,0.054468,2.344499,0.006497,0.015572,2.328927,0.002814,0.094684
1847,1790556142.674386263,2.365133,0,0,0.008274,0.000214,0.052533,2.162846,0.006190,0.016898,2.145948,0.002743,0.065159
1848,1790556142.774579048,2.463423,0,0,0.008367,0.000538,0.102556,2.175485,0.006286,0.013547,2.161938,0.002218,0.089618
1849,1790556142.874750614,2.763224,0,0,0.006629,0.000224,0.051052,2.454492,0.010443,0.025385,2.429107,0.004619,0.109494
1850,1790556142.974956751,2.552668,0,0,0.011053,0.000642,0.063896,2.318843,0.006378,0.014638,2.304205,0.002269,0.079497
1851,1790556143.075141907,3.050984,0,0,0.007695,0.000273,0.052425,2.834872,0.006069,0.014561,2.820311,0.002748,0.068833
1852,1790556143.175369263,2.883490,0,0,0.006564,0.000258,0.070481,2.630075,0.007152,0.016852,2.613223,0.002896,0.063477
1853,1790556143.275552750,2.816489,0,0,0.009662,0.000352,0.074075,2.550775,0.007605,0.014877,2.535898,0.003228,0.076413
1854,1790556143.375754595,2.189184,0,0,0.008888,0.000268,0.068158,1.972269,0.009698,0.013613,1.958656,0.002795,0.072994
1855,1790556143.476013899,2.936687,0,0,0.011127,0.000403,0.068025,2.697399,0.007547,0.016751,2.680648,0.003037,0.068601
1856,1790556143.576148748,3.029012,0,0,0.009996,0.000353,0.059988,2.771218,0.006616,0.014548,2.756670,0.002878,0.100991
1857,1790556143.676321983,2.806161,0,0,0.007923,0.000279,0.052969,2.561051,0.006484,0.015726,2.545325,0.003004,0.078657
1858,1790556143.776563168,2.724375,0,0,0.008646,0.000239,0.067105,2.493810,0.006142,0.022656,2.471154,0.002793,0.068696
1859,1790556143.876735926,2.489982,0,0,0.008621,0.000259,0.059759,2.232055,0.007180,0.023179,2.208876,0.002847,0.089308
1860,1790556143.976953745,2.637565,0,0,0.014321,0.000393,0.087376,2.385586,0.006466,0.015440,2.370146,0.002570,0.076548
1861,1790556144.077146053,3.120538,0,0,0.008952,0.000309,0.065915,2.857117,0.006946,0.014275,2.842842,0.003003,0.104656
1862,1790556144.177306175,3.170078,0,0,0.012180,0.000287,0.079741,2.893131,0.007065,0.015200,2.877931,0.002542,0.078113
1863,1790556144.277493000,2.887710,0,0,0.007676,0.000233,0.093035,2.560431,0.008566,0.033743,2.526688,0.003102,0.097959
1864,1790556144.377793074,2.718724,0,0,0.006169,0.000510,0.049550,2.474128,0.005029,0.011837,2.462291,0.002494,0.130252
1865,1790556144.478020430,2.377805,0,0,0.006233,0.000245,0.047422,2.197517,0.005493,0.011723,2.185794,0.002230,0.066976
1866,1790556144.578108788,2.719692,0,0,0.010292,0.000309,0.077709,2.486625,0.020324,0.027320,2.459305,0.002693,0.064618
1867,1790556144.678313255,2.654536,0,0,0.012993,0.000240,0.106958,2.319781,0.006210,0.026643,2.293138,0.002823,0.122885
1868,1790556144.778512239,2.633904,0,0,0.006793,0.000260,0.052365,2.360564,0.006681,0.015812,2.344752,0.002416,0.117943
1869,1790556144.878710032,2.436358,0,0,0.008366,0.000236,0.059467,2.203383,0.007412,0.015316,2.188067,0.003010,0.070208
1870,1790556145.079064131,3.112339,0,0,0.011271,0.000267,0.077054,2.802200,0.006490,0.014010,2.788190,0.002687,0.086134
1871,1790556145.179293633,2.938815,0,0,0.011371,0.000342,0.082788,2.696718,0.005372,0.013085,2.683633,0.015558,0.060338
1872,1790556145.279465199,3.166182,0,0,0.007818,0.000236,0.054411,2.897321,0.006482,0.014411,2.882910,0.003041,0.100447
1873,1790556145.379689693,2.659171,0,0,0.006820,0.000174,0.065228,2.403393,0.006952,0.014728,2.388665,0.003025,0.083519
1874,1790556145.479887009,2.954242,0,0,0.006322,0.000186,0.052875,2.530031,0.011146,0.026910,2.503121,0.004366,0.105595
1875,1790556145.680276394,2.740203,0,0,0.008635,0.000338,0.073059,2.458127,0.009400,0.017168,2.440959,0.004661,0.095952
1876,1790556145.780448198,2.872778,0,0,0.014226,0.000544,0.090979,2.570452,0.006115,0.013882,2.556570,0.003099,0.115452
1877,1790556145.880670547,2.271020,0,0,0.010575,0.000490,0.080398,2.041858,0.005106,0.015994,2.025864,0.002941,0.060200
1878,1790556146.081035376,2.283606,0,0,0.008366,0.000219,0.051956,2.047410,0.006636,0.012997,2.034413,0.002550,0.072633
1879,1790556146.181224108,2.334547,0,0,0.008112,0.000263,0.051704,2.066725,0.019364,0.029513,2.037212,0.018590,0.085949
1880,1790556146.281433821,2.357299,0,0,0.008820,0.000277,0.060258,2.118406,0.007103,0.016473,2.101933,0.002876,0.083021
1881,1790556146.381656170,2.517235,0,0,0.009313,0.000341,0.056346,2.277206,0.006685,0.012715,2.264491,0.002412,0.073126
1882,1790556146.481818438,2.296111,0,0,0.008667,0.000340,0.054745,2.020766,0.005290,0.013145,2.007621,0.002703,0.132044
1883,1790556146.582055330,2.942767,0,0,0.010960,0.000361,0.063133,2.521345,0.016530,0.035938,2.485407,0.008774,0.137630
1884,1790556146.682212591,2.306224,0,0,0.010047,0.000301,0.057957,2.078396,0.005477,0.012561,2.065835,0.002525,0.093961
1885,1790556146.782411814,2.483233,0,0,0.008220,0.000480,0.049711,2.175042,0.008847,0.032239,2.142803,0.003504,0.119521
1886,1790556146.982800722,2.514523,0,0,0.009427,0.000479,0.052399,2.179692,0.007830,0.014784,2.164908,0.004662,0.126087
1887,1790556147.583993912,2.537379,0,0,0.005850,0.000620,0.053279,2.347544,0.004934,0.011785,2.335759,0.002096,0.060413
1888,1790556147.684184790,2.957491,0,0,0.008405,0.000269,0.054776,2.715668,0.006393,0.015311,2.700357,0.002736,0.087839
1889,1790556147.784366131,2.898809,0,0,0.011921,0.000252,0.065758,2.644146,0.006378,0.015515,2.628631,0.002748,0.079125
1890,1790556147.884608984,2.997687,0,0,0.009616,0.000333,0.090884,2.726205,0.006082,0.017766,2.708439,0.002713,0.087853
1891,1790556147.984749794,3.085071,0,0,0.011819,0.000299,0.057691,2.825576,0.006069,0.015134,2.810442,0.002686,0.095635
1892,1790556148.084950924,3.085304,0,0,0.010153,0.000245,0.084849,2.799587,0.006007,0.030893,2.768694,0.002995,0.094684
1893,1790556148.185140848,2.946751,0,0,0.008851,0.000196,0.056714,2.681940,0.019811,0.016175,2.665765,0.002902,0.095232
1894,1790556148.285373449,2.919446,0,0,0.008960,0.000210,0.098069,2.629485,0.006958,0.015575,2.613910,0.002600,0.095375
1895,1790556148.385567665,2.255498,0,0,0.007153,0.000261,0.055096,2.009538,0.006861,0.013829,1.995709,0.002458,0.095197
1896,1790556148.585941076,2.640568,0,0,0.007599,0.000274,0.054176,2.421148,0.007306,0.016911,2.404237,0.003068,0.068666
1897,1790556148.686131954,2.235860,0,0,0.007510,0.000199,0.048427,2.051840,0.005593,0.012780,2.039060,0.002591,0.060844
1898,1790556148.886560440,2.212989,0,0,0.008572,0.000306,0.051342,2.008070,0.004755,0.025042,1.983028,0.002043,0.092557
1899,1790556149.086956501,2.838666,0,0,0.009642,0.000232,0.052014,2.559392,0.008718,0.022385,2.537007,0.003551,0.091190
1900,1790556149.187140942,2.525463,0,0,0.014513,0.000224,0.051075,2.316006,0.005638,0.012166,2.303840,0.002262,0.064300
1901,1790556149.287333488,2.763662,0,0,0.006132,0.000174,0.075624,2.511816,0.005220,0.016468,2.495348,0.002577,0.086008
1902,1790556149.387552023,2.843084,0,0,0.006891,0.000231,0.053206,2.645260,0.006652,0.013348,2.631912,0.002748,0.071716
1903,1790556149.487726688,2.753358,0,0,0.006508,0.000193,0.049856,2.522787,0.019046,0.013190,2.509597,0.002720,0.081362
1904,1790556149.587929010,2.644144,0,0,0.008834,0.000307,0.049343,2.379897,0.008671,0.030769,2.349128,0.003071,0.079794
1905,1790556149.688122034,2.469325,0,0,0.005593,0.000243,0.048805,2.077368,0.009326,0.019857,2.057511,0.005054,0.157849
1906,1790556149.788306952,2.421278,0,0,0.007068,0.000216,0.064015,2.173752,0.010238,0.018975,2.154777,0.004003,0.085343
1907,1790556149.988713980,2.411383,0,0,0.006234,0.000284,0.048762,2.194802,0.006288,0.019942,2.174860,0.003255,0.072942
1908,1790556150.088908911,2.796547,0,0,0.007910,0.000200,0.063535,2.485054,0.009983,0.022316,2.462738,0.003783,0.102104
1909,1790556150.189099312,2.516236,0,0,0.006028,0.000195,0.061431,2.286837,0.019540,0.013191,2.273646,0.002846,0.077619
1910,1790556150.289295673,2.815127,0,0,0.008504,0.000317,0.072287,2.579126,0.006500,0.014755,2.564371,0.002922,0.067148
1911,1790556150.389486313,2.745508,0,0,0.007054,0.000266,0.049026,2.525335,0.007050,0.016528,2.508807,0.003439,0.069710
1912,1790556150.489678144,3.241227,0,0,0.025857,0.000785,0.084948,2.841216,0.012461,0.026876,2.814340,0.005182,0.073120
1913,1790556150.589890480,2.673858,0,0,0.006380,0.000314,0.047820,2.443949,0.006618,0.015603,2.428346,0.002644,0.078409
1914,1790556150.690060139,3.227779,0,0,0.008245,0.000297,0.054466,2.893641,0.007249,0.015830,2.877811,0.003291,0.146037
1915,1790556150.790278912,3.087651,0,0,0.010943,0.000358,0.076746,2.853650,0.006219,0.028411,2.825239,0.002780,0.064554
1916,1790556150.890461206,3.037198,0,0,0.007161,0.000258,0.050904,2.673401,0.008574,0.019962,2.653439,0.003774,0.162684
1917,1790556150.990669727,3.010781,0,0,0.009488,0.000225,0.058146,2.798658,0.006452,0.013734,2.784924,0.002338,0.062994
1918,1790556151.090875626,3.903807,0,0,0.013294,0.000576,0.069328,3.603591,0.007469,0.014423,3.589168,0.002990,0.102157
1919,1790556151.191061974,2.395366,0,0,0.005766,0.000317,0.053323,2.220430,0.005194,0.011087,2.209343,0.001940,0.060151
1920,1790556151.291289330,3.241471,0,0,0.007871,0.000286,0.087663,2.945454,0.006227,0.014187,2.931267,0.002261,0.105508
1921,1790556151.391517401,2.716442,0,0,0.005986,0.000223,0.070728,2.455311,0.007306,0.015882,2.439429,0.002717,0.085854
1922,1790556151.491654396,2.980573,0,0,0.013718,0.000315,0.065934,2.735831,0.007020,0.020475,2.715356,0.002780,0.065542
1923,1790556151.591858864,2.784864,0,0,0.014804,0.000352,0.104941,2.469989,0.006232,0.015132,2.454857,0.002780,0.094356
1924,1790556151.692016840,2.524192,0,0,0.007601,0.000434,0.076978,2.242840,0.006745,0.014539,2.228301,0.003105,0.109207
1925,1790556151.792242289,2.483793,0,0,0.006060,0.000248,0.047645,2.308394,0.005613,0.012330,2.296064,0.002085,0.060845
1926,1790556151.892413855,2.441923,0,0,0.007727,0.000294,0.053506,2.235060,0.006510,0.013889,2.221171,0.002497,0.071491
1927,1790556151.992634773,2.760165,0,0,0.008038,0.000281,0.054024,2.542896,0.006444,0.013830,2.529066,0.002252,0.067757
1928,1790556152.092845678,2.498405,0,0,0.007797,0.000286,0.052472,2.257774,0.005715,0.012151,2.245623,0.002984,0.068067
1929,1790556152.193025589,2.507209,0,0,0.008115,0.000220,0.048983,2.311180,0.005351,0.013034,2.298146,0.002565,0.067041
1930,1790556152.393390179,2.243500,0,0,0.009353,0.000310,0.051878,2.044808,0.005686,0.012965,2.031843,0.002446,0.064256
1931,1790556152.694029808,2.232158,0,0,0.007782,0.000178,0.051202,2.021380,0.006057,0.012825,2.008555,0.002394,0.068326
1932,1790556152.894382477,2.958311,0,0,0.008999,0.000258,0.075013,2.713127,0.006162,0.014969,2.698158,0.002613,0.079008
1933,1790556152.994572878,2.855843,0,0,0.009555,0.000264,0.069139,2.522533,0.008001,0.017564,2.504969,0.003407,0.104732
1934,1790556153.094788074,2.285599,0,0,0.005703,0.000231,0.047146,2.066287,0.008667,0.018830,2.047457,0.003747,0.076306
1935,1790556153.295152426,3.081366,0,0,0.015162,0.000241,0.096154,2.786766,0.005690,0.013848,2.772918,0.002827,0.067819
1936,1790556153.395376444,2.931774,0,0,0.009811,0.000252,0.069272,2.677449,0.006102,0.014693,2.662756,0.003004,0.086615
1937,1790556153.495561838,3.025710,0,0,0.007673,0.000383,0.074111,2.776984,0.006172,0.017237,2.759747,0.003414,0.073034
1938,1790556153.595788479,3.461424,0,0,0.010976,0.000490,0.074525,3.190770,0.019403,0.017013,3.173757,0.002696,0.070106
1939,1790556153.695985317,3.067072,0,0,0.007983,0.000270,0.058648,2.837356,0.005754,0.015663,2.821693,0.002761,0.080692
1940,1790556153.796172857,2.783366,0,0,0.010232,0.000403,0.067006,2.536708,0.007327,0.015982,2.520726,0.003487,0.069823
1941,1790556153.896353245,2.955711,0,0,0.010917,0.000221,0.069309,2.698742,0.006041,0.015415,2.683327,0.002797,0.089464
1942,1790556153.996546745,3.056476,0,0,0.007291,0.000276,0.089082,2.784486,0.008443,0.018698,2.765788,0.003416,0.074077
1943,1790556154.096746683,2.924393,0,0,0.010286,0.000243,0.067752,2.701777,0.006146,0.013505,2.688272,0.003120,0.063267
1944,1790556154.197077513,3.417407,0,0,0.011201,0.000408,0.068643,3.145513,0.007115,0.015664,3.129849,0.002966,0.079249
1945,1790556154.297160864,2.814801,0,0,0.007276,0.000247,0.066501,2.554306,0.005198,0.013605,2.540701,0.002483,0.091820
1946,1790556154.397306919,2.353729,0,0,0.006880,0.000231,0.058002,2.156697,0.005128,0.012375,2.144322,0.002952,0.066876
1947,1790556154.497533321,2.444341,0,0,0.007937,0.000248,0.081081,2.174498,0.006683,0.013662,2.160836,0.003354,0.089720
1948,1790556154.697897434,2.316184,0,0,0.008610,0.000290,0.051470,2.084244,0.007512,0.022452,2.061792,0.003356,0.078568
1949,1790556154.798099279,2.282043,0,0,0.006326,0.000259,0.047153,2.074404,0.005722,0.015786,2.058618,0.002207,0.082669
1950,1790556154.898296595,2.220902,0,0,0.006501,0.000235,0.051548,1.998180,0.006579,0.015096,1.983084,0.003219,0.074864
1951,1790556154.998524189,2.210939,0,0,0.005825,0.000238,0.048786,2.001048,0.006364,0.014967,1.986081,0.002529,0.075384
1952,1790556155.098687172,2.358683,0,0,0.006931,0.000165,0.053422,2.144764,0.006383,0.013174,2.131590,0.002948,0.074027
1953,1790556155.198887348,2.168340,0,0,0.006344,0.000265,0.050493,1.972684,0.005998,0.013311,1.959373,0.002174,0.067454
1954,1790556155.299079180,2.261789,0,0,0.006364,0.000258,0.049377,2.027362,0.006044,0.015573,2.011789,0.002683,0.098253
1955,1790556155.399271727,2.514038,0,0,0.006768,0.000233,0.051510,2.258126,0.005562,0.013973,2.244153,0.002515,0.096396
1956,1790556155.499448061,2.333470,0,0,0.012549,0.000280,0.089246,2.096705,0.005848,0.012238,2.084467,0.002477,0.077854
1957,1790556155.599665642,2.228123,0,0,0.010148,0.000483,0.052924,2.031587,0.005883,0.012059,2.019528,0.002254,0.077043
1958,1790556155.699866533,2.857976,0,0,0.013777,0.000322,0.061915,2.570312,0.006283,0.018793,2.551519,0.002790,0.110281
1959,1790556155.800049782,2.680733,0,0,0.019191,0.000427,0.123685,2.402131,0.005376,0.013874,2.388257,0.002509,0.064956
1960,1790556155.900283098,2.675525,0,0,0.008763,0.000241,0.053956,2.304736,0.017643,0.042160,2.262576,0.008738,0.082883
1961,1790556156.000442266,2.262587,0,0,0.007594,0.000231,0.053821,2.048855,0.006254,0.015410,2.033445,0.002823,0.068118
1962,1790556156.100651979,2.265626,0,0,0.009787,0.000254,0.050677,2.055159,0.008179,0.019099,2.036060,0.002941,0.066867
1963,1790556156.200858831,2.223671,0,0,0.008351,0.000298,0.054335,2.000770,0.008339,0.018153,1.982617,0.003347,0.067067
1964,1790556156.301131725,2.344111,0,0,0.011432,0.000505,0.058688,2.119375,0.006721,0.014746,2.104629,0.002412,0.070328
1965,1790556156.401245356,2.535267,0,0,0.011426,0.000629,0.059746,2.284843,0.006841,0.019363,2.265480,0.002972,0.076171
1966,1790556156.601629257,2.391127,0,0,0.006697,0.000241,0.057694,2.124674,0.005447,0.015382,2.109292,0.003056,0.114212
1967,1790556156.701852322,2.432819,0,0,0.008742,0.000338,0.053952,2.188276,0.007229,0.018362,2.169914,0.003134,0.077604
1968,1790556156.802067518,2.273760,0,0,0.008462,0.000273,0.052822,2.048062,0.005890,0.014850,2.033212,0.002418,0.071265
1969,1790556156.902216673,2.257877,0,0,0.009466,0.000273,0.059964,2.028521,0.005325,0.011993,2.016528,0.002758,0.063869
1970,1790556157.002441883,2.370125,0,0,0.008406,0.000227,0.055728,2.107968,0.008478,0.017067,2.090901,0.003885,0.082262
1971,1790556157.102581978,2.812130,0,0,0.011503,0.000331,0.070558,2.420932,0.007623,0.016498,2.404434,0.003796,0.148251
1972,1790556157.303057909,2.315142,0,0,0.008296,0.000226,0.075895,2.065410,0.006478,0.013512,2.051898,0.003015,0.080724
1973,1790556157.403173208,2.550773,0,0,0.008314,0.000285,0.050572,2.211418,0.010977,0.025873,2.185545,0.003874,0.119244
1974,1790556157.503403425,3.354978,0,0,0.015871,0.000305,0.086545,3.032051,0.013767,0.031383,3.000668,0.005670,0.072743
1975,1790556157.703803539,2.515292,0,0,0.009232,0.000288,0.053164,2.274512,0.006199,0.013039,2.261473,0.006658,0.098012
1976,1790556157.803985357,2.242106,0,0,0.008281,0.000401,0.053161,2.049147,0.005157,0.027299,2.021848,0.002422,0.063438
1977,1790556157.904330015,2.239528,0,0,0.008506,0.000290,0.066257,2.032349,0.005524,0.012737,2.019612,0.002713,0.064434
1978,1790556158.004399061,2.422446,0,0,0.008422,0.000299,0.050677,2.140344,0.012111,0.020523,2.119821,0.004404,0.101784
1979,1790556158.204787731,2.266721,0,0,0.009266,0.000307,0.051622,2.058871,0.004862,0.011919,2.046952,0.002754,0.059493
1980,1790556158.304968596,2.344971,0,0,0.009425,0.000376,0.060058,2.096439,0.008079,0.014526,2.081913,0.003806,0.088479
1981,1790556158.505362272,2.992280,0,0,0.010294,0.000273,0.089779,2.646125,0.010891,0.021859,2.624266,0.003257,0.120049
1982,1790556158.605684280,2.870740,0,0,0.008320,0.000422,0.076973,2.517839,0.009688,0.023584,2.494255,0.004136,0.115105
1983,1790556158.705774307,2.524162,0,0,0.008722,0.000231,0.052155,2.326067,0.005889,0.017326,2.308741,0.002449,0.064452
1984,1790556158.805991888,2.708318,0,0,0.006705,0.000181,0.055965,2.387054,0.011072,0.024960,2.362094,0.005222,0.119266
1985,1790556158.906145334,2.340035,0,0,0.009181,0.000287,0.052697,2.138261,0.005042,0.011956,2.126305,0.002300,0.079253
1986,1790556159.006335974,2.266119,0,0,0.006456,0.000242,0.054791,2.070318,0.005492,0.010634,2.059684,0.002309,0.076294
1987,1790556159.106556177,2.134652,0,0,0.006953,0.000287,0.050533,1.933495,0.006097,0.013591,1.919904,0.002361,0.078138
1988,1790556159.206754208,2.389068,0,0,0.005771,0.000249,0.048934,2.168603,0.007294,0.013533,2.155070,0.002634,0.079325
1989,1790556159.306953669,2.485990,0,0,0.014566,0.000661,0.079968,2.250075,0.006374,0.014757,2.235318,0.002399,0.064720
1990,1790556159.407158375,2.487716,0,0,0.008805,0.000246,0.054710,2.249031,0.006468,0.012804,2.236227,0.002403,0.098374
1991,1790556159.507352829,2.512103,0,0,0.008967,0.000422,0.063035,2.233699,0.008005,0.017819,2.215880,0.003111,0.108030
1992,1790556159.607488394,2.413308,0,0,0.007706,0.000199,0.052437,2.194212,0.005983,0.014887,2.179325,0.002242,0.088792
1993,1790556159.707720518,2.206983,0,0,0.006686,0.000270,0.049301,1.990918,0.005254,0.012333,1.978585,0.002402,0.088121
1994,1790556159.807919502,2.513099,0,0,0.008064,0.000275,0.056659,2.259666,0.007140,0.019760,2.239906,0.003030,0.076496
1995,1790556159.908133268,2.382967,0,0,0.007190,0.000179,0.054602,2.181079,0.005921,0.012751,2.168328,0.002803,0.066691
1996,1790556160.008306503,2.863378,0,0,0.006298,0.000197,0.075814,2.642245,0.005202,0.012838,2.629407,0.002662,0.066245
1997,1790556160.108514786,2.573684,0,0,0.007030,0.000356,0.065174,2.257922,0.016601,0.020176,2.237746,0.005031,0.094001
1998,1790556160.208720684,2.320385,0,0,0.008216,0.000299,0.049417,2.053634,0.009848,0.019182,2.034452,0.004159,0.085695
1999,1790556160.308921099,2.514747,0,0,0.007944,0.000307,0.060553,2.268415,0.005878,0.028550,2.239865,0.016922,0.075093
2000,1790556160.409117460,2.345304,0,0,0.007952,0.000262,0.064424,2.134092,0.006109,0.013003,2.121089,0.002328,0.065079
2001,1790556160.509306908,2.749782,0,0,0.007740,0.000221,0.070860,2.463669,0.007857,0.021170,2.442499,0.004444,0.100994
2002,1790556160.809899092,2.345828,0,0,0.007144,0.000227,0.049932,2.105659,0.007590,0.011720,2.093939,0.002672,0.099734
2003,1790556161.110454321,2.242476,0,0,0.007702,0.000551,0.052078,2.008496,0.005535,0.014173,1.994323,0.002387,0.100650
2004,1790556161.210656404,2.151447,0,0,0.008954,0.000335,0.055257,1.950222,0.006346,0.014662,1.935560,0.002799,0.065197
2005,1790556161.310853481,2.286089,0,0,0.007834,0.000346,0.053928,2.040181,0.008392,0.019175,2.021006,0.003957,0.070048
2006,1790556161.411047220,2.235801,0,0,0.010970,0.000240,0.063934,2.016427,0.006608,0.014372,2.002055,0.002685,0.066649
2007,1790556161.511230707,2.473989,0,0,0.025436,0.000474,0.088115,2.198185,0.006539,0.015613,2.182572,0.002973,0.073494
2008,1790556161.611437082,2.228736,0,0,0.008312,0.000251,0.052755,2.029273,0.006164,0.013982,2.015291,0.002783,0.064017
2009,1790556161.711602449,2.322664,0,0,0.008198,0.000287,0.054998,2.046398,0.006194,0.015224,2.031174,0.002779,0.110882
2010,1790556161.912032604,2.436739,0,0,0.008448,0.000299,0.059626,2.117777,0.009894,0.022172,2.095605,0.004507,0.096587
2011,1790556162.112396002,2.306721,0,0,0.009525,0.000208,0.056615,2.024373,0.010608,0.023943,2.000430,0.005372,0.101849
2012,1790556162.413032293,3.613377,0,0,0.007140,0.000368,0.071042,3.202540,0.010760,0.033327,3.169213,0.005741,0.119199
2013,1790556162.513198376,3.034090,0,0,0.012744,0.000524,0.088717,2.768623,0.005818,0.030504,2.738119,0.002437,0.069021
2014,1790556162.613399982,2.409730,0,0,0.011558,0.000313,0.068368,2.176884,0.006072,0.014749,2.162135,0.002599,0.069044
2015,1790556162.813842773,2.228456,0,0,0.008507,0.000279,0.051821,2.012765,0.005588,0.013934,1.998831,0.003336,0.083629
2016,1790556162.913990498,2.326693,0,0,0.009144,0.000238,0.054578,2.031721,0.008362,0.018881,2.012840,0.004255,0.116820
2017,1790556163.114349604,2.274256,0,0,0.008725,0.000217,0.051545,1.963028,0.008695,0.017895,1.945133,0.004294,0.127620
2018,1790556163.214583397,3.012994,0,0,0.011434,0.000176,0.086287,2.760027,0.006081,0.015538,2.744489,0.002403,0.065913
2019,1790556163.314813375,3.109729,0,0,0.014845,0.000304,0.099664,2.804535,0.007173,0.016210,2.788325,0.003207,0.094369
2020,1790556163.515185356,2.180979,0,0,0.009375,0.000295,0.052853,1.967301,0.005861,0.015054,1.952247,0.002797,0.070912
2021,1790556163.715565681,2.539242,0,0,0.009343,0.000305,0.053353,2.222638,0.006657,0.018654,2.203984,0.002608,0.100310
2022,1790556164.016140938,2.152319,0,0,0.009247,0.000227,0.053416,1.933024,0.005475,0.013200,1.919824,0.002617,0.079833
2023,1790556164.316730022,2.560201,0,0,0.014005,0.000550,0.078879,2.285956,0.007846,0.018099,2.267857,0.003659,0.079220
2024,1790556164.717522860,2.395331,0,0,0.005951,0.000224,0.047060,2.202837,0.005364,0.011808,2.191029,0.002091,0.062784
2025,1790556164.817705154,2.409116,0,0,0.006377,0.000240,0.049533,2.213421,0.005129,0.012384,2.201037,0.002415,0.077557
2026,1790556164.917933941,2.536225,0,0,0.009093,0.000295,0.055005,2.328632,0.019346,0.012320,2.316312,0.003564,0.061607
2027,1790556165.018104553,2.565381,0,0,0.008079,0.000217,0.083246,2.351450,0.005088,0.012342,2.339108,0.002035,0.060573
2028,1790556165.118305445,2.720310,0,0,0.006421,0.000283,0.109870,2.456041,0.005189,0.012688,2.443353,0.002456,0.077572
2029,1790556165.218523979,3.408215,0,0,0.022613,0.000257,0.115561,3.013766,0.020327,0.028896,2.984870,0.006344,0.073090
2030,1790556165.318726540,2.490467,0,0,0.007242,0.000160,0.070511,2.247385,0.006132,0.014474,2.232911,0.002586,0.087176
2031,1790556165.418891430,2.662834,0,0,0.008884,0.000275,0.068025,2.415677,0.006005,0.017405,2.398272,0.002361,0.096053
2032,1790556165.519088984,2.325319,0,0,0.008531,0.000260,0.051427,2.145517,0.004962,0.011389,2.134128,0.002486,0.059940
2033,1790556165.719487190,2.477630,0,0,0.031971,0.000231,0.060347,2.225219,0.006515,0.015194,2.210025,0.002661,0.070806
2034,1790556165.819711208,2.871853,0,0,0.008836,0.000295,0.064296,2.629636,0.006308,0.013338,2.616298,0.002182,0.079291
2035,1790556165.919882536,2.479297,0,0,0.008558,0.000289,0.051716,2.250176,0.006564,0.013676,2.236500,0.002365,0.096535
2036,1790556166.020070076,2.485958,0,0,0.007595,0.000167,0.050212,2.287549,0.005767,0.012718,2.274831,0.002740,0.067877
2037,1790556166.120245457,2.456275,0,0,0.008699,0.000294,0.054554,2.248237,0.007876,0.012525,2.235712,0.002962,0.069860
2038,1790556166.220456123,2.585207,0,0,0.006291,0.000240,0.048586,2.367463,0.006725,0.013978,2.353485,0.002558,0.075568
2039,1790556166.320666075,2.649148,0,0,0.017206,0.000889,0.097329,2.359674,0.006263,0.015325,2.344349,0.002582,0.087858
2040,1790556166.420856714,2.878279,0,0,0.013688,0.000455,0.079886,2.619536,0.006707,0.014712,2.604824,0.002986,0.064317
2041,1790556166.521049023,2.618705,0,0,0.009091,0.000215,0.057847,2.382915,0.005410,0.013345,2.369570,0.002502,0.098761
2042,1790556166.621256113,2.792378,0,0,0.009344,0.000307,0.065946,2.558030,0.007521,0.016100,2.541930,0.003528,0.064870
2043,1790556166.721558571,2.734762,0,0,0.009810,0.000234,0.085170,2.440234,0.006170,0.013291,2.426943,0.002297,0.117503
2044,1790556166.821649075,2.543108,0,0,0.009520,0.000321,0.094696,2.274152,0.005389,0.021003,2.253149,0.002655,0.087488
2045,1790556167.022063971,2.629798,0,0,0.010355,0.000484,0.055461,2.334647,0.006217,0.015227,2.319420,0.002623,0.095596
2046,1790556167.122236252,2.161286,0,0,0.005419,0.000225,0.066254,1.969692,0.005698,0.012102,1.957590,0.002364,0.058625
2047,1790556167.222428560,2.729096,0,0,0.008978,0.000316,0.077338,2.470815,0.007952,0.019407,2.451408,0.004305,0.072864
2048,1790556167.322657585,2.704225,0,0,0.010688,0.000524,0.091772,2.417886,0.006777,0.017094,2.400792,0.002982,0.089190
2049,1790556167.523059130,2.185169,0,0,0.005881,0.000200,0.048488,1.967612,0.006948,0.014767,1.952845,0.002904,0.088468
2050,1790556167.623272896,2.970816,0,0,0.012411,0.000385,0.076855,2.366031,0.015598,0.030640,2.335391,0.006030,0.231626
2051,1790556167.723385096,2.451536,0,0,0.005373,0.000227,0.045849,2.197711,0.008788,0.015121,2.182590,0.003276,0.091714
2052,1790556167.823666334,2.449599,0,0,0.006319,0.000549,0.064764,2.166392,0.009407,0.016108,2.150284,0.004010,0.102196
2053,1790556167.923803091,2.593379,0,0,0.006604,0.000302,0.048867,2.278237,0.010809,0.021219,2.257018,0.003489,0.110365
2054,1790556168.024005175,2.371164,0,0,0.017299,0.000307,0.074028,2.091551,0.005980,0.014693,2.076858,0.002916,0.094832
2055,1790556168.224400759,2.176070,0,0,0.007916,0.000169,0.050804,1.976881,0.006168,0.013365,1.963516,0.002640,0.066103
2056,1790556168.424795866,3.042893,0,0,0.009179,0.000452,0.100578,2.569441,0.015756,0.033049,2.536392,0.006349,0.163507
2057,1790556168.525034428,2.568621,0,0,0.012346,0.000222,0.069514,2.347134,0.006022,0.038086,2.309048,0.002469,0.065489
2058,1790556168.625223875,2.430511,0,0,0.008664,0.000339,0.053531,2.236653,0.005707,0.011680,2.224973,0.002306,0.065558
2059,1790556168.725414991,2.980422,0,0,0.008306,0.000228,0.118807,2.704399,0.006326,0.013121,2.691278,0.002392,0.073665
2060,1790556168.825606823,2.372942,0,0,0.010983,0.000377,0.071715,2.135204,0.005161,0.012715,2.122489,0.002368,0.087230
2061,1790556169.025977373,2.304663,0,0,0.020945,0.000279,0.050157,2.044335,0.007616,0.015902,2.028433,0.004141,0.081303
2062,1790556169.126173496,2.316050,0,0,0.006881,0.000300,0.052000,1.990332,0.006999,0.018985,1.971347,0.003414,0.135032
2063,1790556169.226392984,2.486179,0,0,0.005307,0.000198,0.052562,2.246488,0.008955,0.016626,2.229862,0.003494,0.077299
2064,1790556169.326620340,2.316584,0,0,0.005025,0.000246,0.046392,2.112298,0.005951,0.013391,2.098907,0.002700,0.083043
2065,1790556169.426760197,2.712107,0,0,0.015309,0.000257,0.049553,2.328489,0.011361,0.028027,2.300462,0.006404,0.151409
2066,1790556169.627154827,2.223130,0,0,0.007431,0.000228,0.051072,2.018797,0.005827,0.012537,2.006260,0.002191,0.078372
2067,1790556169.727324486,2.160627,0,0,0.007429,0.000162,0.051550,1.918547,0.005782,0.012766,1.905781,0.002791,0.094350
2068,1790556169.827546597,2.244221,0,0,0.005945,0.000225,0.051075,2.028234,0.005645,0.013332,2.014902,0.003204,0.084543
2069,1790556169.927736521,2.589689,0,0,0.009352,0.000462,0.066540,2.274810,0.007455,0.016444,2.258366,0.003929,0.128395
2070,1790556170.027929306,2.343491,0,0,0.008260,0.000354,0.061397,2.090388,0.005856,0.025212,2.065176,0.002471,0.097400
2071,1790556170.128103733,2.884239,0,0,0.009543,0.000213,0.059910,2.675217,0.006256,0.037980,2.637237,0.002425,0.065200
2072,1790556170.228350878,3.168021,0,0,0.007842,0.000207,0.057254,2.827801,0.011337,0.030825,2.796976,0.004184,0.114641
2073,1790556170.328497648,2.196563,0,0,0.007073,0.000264,0.051217,1.981852,0.006986,0.012613,1.969239,0.002536,0.082157
2074,1790556170.428727388,2.166232,0,0,0.007517,0.000250,0.058688,1.949225,0.005735,0.012947,1.936278,0.003125,0.063668
2075,1790556170.528957605,2.284985,0,0,0.007795,0.000308,0.052431,2.069639,0.006008,0.013636,2.056003,0.002500,0.082623
2076,1790556170.629122257,2.530096,0,0,0.011269,0.000671,0.072269,2.258968,0.006519,0.020461,2.238507,0.002911,0.086080
2077,1790556170.729335546,2.173882,0,0,0.007125,0.000264,0.050680,1.976748,0.005859,0.013172,1.963576,0.002489,0.067430
2078,1790556170.829514503,2.432977,0,0,0.008027,0.000245,0.051988,2.194688,0.006440,0.014524,2.180164,0.002902,0.098232
2079,1790556170.929735661,2.665951,0,0,0.007745,0.000255,0.073609,2.374952,0.009076,0.019366,2.355586,0.004031,0.094204
2080,1790556171.029930353,3.018957,0,0,0.011831,0.000235,0.074886,2.777895,0.005834,0.015389,2.762506,0.002712,0.072035
2081,1790556171.130094767,2.427659,0,0,0.008463,0.000258,0.058331,2.220634,0.005699,0.012452,2.208182,0.002228,0.076906
2082,1790556171.230292559,2.534695,0,0,0.006092,0.000190,0.067434,2.333713,0.005159,0.012299,2.321414,0.002469,0.069096
2083,1790556171.330509901,2.506899,0,0,0.005838,0.000187,0.056866,2.326954,0.005531,0.025719,2.301235,0.002605,0.060068
2084,1790556171.430710554,2.547939,0,0,0.005634,0.000154,0.048251,2.360228,0.005233,0.012245,2.347983,0.002427,0.060860
2085,1790556171.530890465,2.223805,0,0,0.007488,0.000310,0.051012,2.033588,0.005017,0.012624,2.020964,0.002547,0.075206
2086,1790556171.631109953,2.757232,0,0,0.012565,0.000313,0.069772,2.477638,0.008035,0.018327,2.459311,0.003697,0.103263
2087,1790556171.731284380,2.655678,0,0,0.013964,0.000286,0.078072,2.415060,0.005646,0.015369,2.399691,0.002791,0.065839
2088,1790556171.831469536,2.361948,0,0,0.007230,0.000306,0.065429,2.176226,0.005247,0.011408,2.164818,0.002368,0.059574
2089,1790556171.931725264,2.707621,0,0,0.008834,0.000278,0.051389,2.511610,0.005242,0.011896,2.499714,0.002460,0.075789
2090,1790556172.031875372,2.313979,0,0,0.006504,0.000314,0.049913,2.140540,0.005908,0.011106,2.129434,0.002013,0.059203
2091,1790556172.132098198,2.366910,0,0,0.006057,0.000367,0.048730,2.158966,0.005431,0.012421,2.146545,0.002182,0.088947
2092,1790556172.232271433,2.480919,0,0,0.006376,0.000221,0.049049,2.287309,0.006602,0.014087,2.273222,0.002786,0.068589
2093,1790556172.332460642,2.610276,0,0,0.010399,0.000280,0.058495,2.393282,0.005916,0.013295,2.379987,0.002867,0.068792
2094,1790556172.432649374,2.367937,0,0,0.009538,0.000291,0.080043,2.151457,0.005904,0.012667,2.138790,0.002183,0.065402
2095,1790556172.532854319,2.406368,0,0,0.007775,0.000236,0.053387,2.202431,0.008643,0.014039,2.188392,0.002690,0.069830
2096,1790556172.633047104,2.450298,0,0,0.007440,0.000185,0.047256,2.244269,0.007328,0.017010,2.227259,0.002786,0.071164
2097,1790556172.733269215,3.216648,0,0,0.014073,0.000243,0.089266,2.928199,0.020032,0.019488,2.908711,0.002492,0.070173
2098,1790556172.833455324,3.026550,0,0,0.009829,0.000375,0.063756,2.717503,0.007044,0.017476,2.700027,0.003458,0.121765
2099,1790556172.933612823,2.675555,0,0,0.007232,0.000262,0.053192,2.446758,0.007479,0.015363,2.431395,0.003874,0.081701
2100,1790556173.033843517,2.492657,0,0,0.013705,0.000325,0.063681,2.220547,0.010031,0.021883,2.198664,0.004629,0.074101
2101,1790556173.134036303,2.437945,0,0,0.013272,0.000306,0.055098,2.096455,0.009532,0.022560,2.073895,0.003915,0.130461
2102,1790556173.334450006,2.608563,0,0,0.009780,0.000238,0.072834,2.368485,0.005732,0.013904,2.354581,0.002848,0.071364
2103,1790556173.434644222,2.653036,0,0,0.009885,0.000256,0.079271,2.339582,0.007408,0.018305,2.321277,0.003235,0.111514
2104,1790556173.534818649,2.832024,0,0,0.010031,0.000252,0.064425,2.616234,0.005862,0.013341,2.602893,0.002863,0.066488
2105,1790556173.635011673,2.281147,0,0,0.010532,0.000255,0.053802,2.007538,0.007084,0.018079,1.989459,0.003996,0.078179
2106,1790556173.735192776,2.218732,0,0,0.010114,0.000271,0.061604,2.004871,0.005932,0.014304,1.990567,0.002871,0.064052
2107,1790556173.835438251,2.524217,0,0,0.009071,0.000243,0.059337,2.278377,0.008805,0.016565,2.261812,0.003210,0.086445
2108,1790556173.935623169,2.458242,0,0,0.009247,0.000320,0.054595,2.213579,0.007860,0.015489,2.198090,0.003316,0.077902
2109,1790556174.035806179,2.561109,0,0,0.010516,0.000349,0.062634,2.300870,0.006295,0.014653,2.286217,0.023991,0.063778
2110,1790556174.236226797,2.513933,0,0,0.012858,0.000538,0.060712,2.247848,0.006162,0.017375,2.230473,0.002509,0.082437
2111,1790556174.336391926,2.491104,0,0,0.009267,0.000240,0.055024,2.285510,0.006403,0.012271,2.273239,0.002293,0.071032
2112,1790556174.436590910,2.638492,0,0,0.009904,0.000616,0.054116,2.429117,0.005814,0.015619,2.413498,0.002447,0.065349
2113,1790556174.536785603,2.517006,0,0,0.008163,0.000283,0.084549,2.292662,0.005661,0.012750,2.279912,0.002739,0.064794
2114,1790556174.636995792,3.329843,0,0,0.007829,0.000479,0.063369,2.941667,0.010874,0.024781,2.916886,0.003993,0.120458
2115,1790556174.737237930,2.599673,0,0,0.005569,0.000236,0.046256,2.338919,0.010183,0.019520,2.319399,0.004749,0.099077
2116,1790556174.837364912,2.965455,0,0,0.010040,0.000258,0.066801,2.716556,0.006212,0.013941,2.702615,0.006674,0.094739
2117,1790556174.937569141,2.830887,0,0,0.007156,0.000202,0.051175,2.583963,0.006628,0.020937,2.563026,0.002528,0.097961
2118,1790556175.037760496,2.823166,0,0,0.011886,0.000486,0.064581,2.599934,0.005679,0.014901,2.585033,0.002807,0.070182
2119,1790556175.137997389,2.896151,0,0,0.010358,0.000279,0.062018,2.677831,0.005647,0.013877,2.663954,0.002589,0.071754
2120,1790556175.238127470,2.587957,0,0,0.008184,0.000226,0.067807,2.313017,0.006570,0.016972,2.296045,0.002439,0.105423
2121,1790556175.338358879,2.512150,0,0,0.011114,0.000326,0.083353,2.277369,0.006027,0.013407,2.263962,0.002454,0.064088
2122,1790556175.438561678,3.383927,0,0,0.009627,0.000590,0.082927,3.091432,0.006508,0.018183,3.073249,0.002742,0.112146
2123,1790556175.538742542,2.388172,0,0,0.005861,0.000159,0.062225,2.133053,0.007391,0.013080,2.119973,0.003231,0.080570
2124,1790556175.638938427,2.649010,0,0,0.009837,0.000359,0.070096,2.406509,0.005464,0.014238,2.392271,0.002684,0.062511
2125,1790556175.739182949,2.562248,0,0,0.020876,0.000455,0.123888,2.281392,0.006742,0.014252,2.267140,0.002773,0.066343
2126,1790556175.839305878,2.679342,0,0,0.009441,0.000211,0.094853,2.362856,0.005486,0.011135,2.351721,0.002688,0.076901
2127,1790556175.939526558,2.494132,0,0,0.013731,0.000523,0.068571,2.265668,0.006391,0.012655,2.253013,0.002392,0.061849
2128,1790556176.039728165,2.615364,0,0,0.010622,0.000263,0.066997,2.385300,0.007163,0.013041,2.372259,0.003419,0.067309
2129,1790556176.139947414,3.051625,0,0,0.011747,0.000292,0.069729,2.713646,0.017435,0.013627,2.700019,0.004446,0.102770
2130,1790556176.240156651,2.673437,0,0,0.010243,0.000300,0.060644,2.442742,0.007688,0.018596,2.424146,0.003625,0.066667
2131,1790556176.340321302,2.626903,0,0,0.009314,0.000375,0.075659,2.415749,0.005425,0.012226,2.403523,0.002264,0.061679
2132,1790556176.440489769,2.536871,0,0,0.009398,0.000224,0.057169,2.310077,0.006714,0.014263,2.295814,0.002532,0.074914
2133,1790556176.540719271,2.998813,0,0,0.029272,0.000799,0.116927,2.693914,0.006686,0.014579,2.679335,0.003304,0.069735
2134,1790556176.640914679,2.971420,0,0,0.007716,0.000574,0.051539,2.679613,0.010961,0.026091,2.653522,0.004160,0.088887
2135,1790556176.741103172,2.840495,0,0,0.010198,0.000662,0.068371,2.614485,0.007278,0.014528,2.599957,0.003124,0.063802
2136,1790556176.841304302,2.820520,0,0,0.031862,0.001097,0.144279,2.483313,0.006985,0.014902,2.468411,0.002460,0.069249
2137,1790556176.941528559,2.346611,0,0,0.017046,0.000734,0.131718,2.042175,0.006008,0.013672,2.028503,0.002609,0.064098
2138,1790556177.041723490,2.140266,0,0,0.007500,0.000217,0.049925,1.969114,0.005016,0.011754,1.957360,0.002513,0.060596
2139,1790556177.141931057,3.207280,0,0,0.017695,0.000617,0.121637,2.875501,0.006323,0.013576,2.861925,0.002352,0.080894
2140,1790556177.242124319,2.822959,0,0,0.017462,0.000566,0.105018,2.523155,0.007793,0.016046,2.507109,0.002524,0.078290
2141,1790556177.342318535,2.310900,0,0,0.006103,0.000331,0.049922,2.107732,0.005787,0.027145,2.080587,0.002627,0.087235
2142,1790556177.442507505,2.580677,0,0,0.008905,0.000258,0.050516,2.358482,0.006192,0.013953,2.344529,0.002739,0.071235
2143,1790556177.542680264,2.701119,0,0,0.024417,0.000273,0.057291,2.464285,0.006547,0.015318,2.448967,0.003118,0.068712
2144,1790556177.743072033,2.258237,0,0,0.007671,0.000200,0.047991,2.051730,0.007602,0.013180,2.038550,0.002837,0.077015
2145,1790556177.843281507,2.296098,0,0,0.007854,0.000416,0.049371,2.056292,0.007646,0.015188,2.041104,0.003736,0.094415
2146,1790556178.043639898,2.138297,0,0,0.009156,0.000252,0.053222,1.936103,0.005732,0.013417,1.922686,0.002560,0.066296
2147,1790556178.143881559,2.309324,0,0,0.009655,0.000493,0.056728,2.075251,0.006486,0.014715,2.060536,0.003034,0.076965
2148,1790556178.244085312,2.558842,0,0,0.008188,0.000302,0.086066,2.305470,0.006673,0.013222,2.292248,0.002782,0.071225
2149,1790556178.344250202,2.187364,0,0,0.008813,0.000280,0.057676,1.941220,0.005759,0.013969,1.927251,0.005953,0.103471
2150,1790556178.444478035,2.311733,0,0,0.008677,0.000227,0.054684,2.063348,0.007226,0.015741,2.047607,0.003281,0.095540
2151,1790556178.544647932,2.421000,0,0,0.009237,0.000212,0.057874,2.170046,0.006510,0.013672,2.156374,0.002495,0.083979
2152,1790556178.644841433,2.298914,0,0,0.009715,0.000330,0.054914,2.077820,0.006669,0.014939,2.062881,0.002852,0.068613
2153,1790556178.745065689,2.180162,0,0,0.008751,0.000294,0.051272,1.945224,0.008245,0.018882,1.926342,0.004775,0.078217
2154,1790556178.845259666,3.054712,0,0,0.010987,0.000237,0.062806,2.620156,0.012645,0.021216,2.598940,0.006473,0.154895
2155,1790556178.945466042,2.468972,0,0,0.010861,0.000374,0.062005,2.179649,0.011018,0.021582,2.158067,0.004418,0.096114
2156,1790556179.045660734,2.927986,0,0,0.010721,0.000254,0.063285,2.669233,0.006903,0.028496,2.640737,0.003167,0.085120
2157,1790556179.145860434,3.133417,0,0,0.007539,0.000192,0.053799,1.997217,0.007224,0.015303,1.981914,0.002628,0.121602
2158,1790556179.246020555,2.572819,0,0,0.008598,0.000282,0.061053,2.347038,0.006645,0.016369,2.330669,0.002631,0.066587
2159,1790556179.346229315,3.022733,0,0,0.008391,0.000292,0.061285,2.745532,0.006554,0.021141,2.724391,0.003264,0.096646
2160,1790556179.546644449,2.610540,0,0,0.011548,0.000505,0.074598,2.362732,0.006194,0.014345,2.348387,0.003037,0.077927
2161,1790556179.646815300,2.571264,0,0,0.011199,0.000380,0.061204,2.341215,0.005190,0.014995,2.326220,0.002898,0.082742
2162,1790556179.746994734,2.383140,0,0,0.009400,0.000220,0.054097,2.187774,0.005506,0.013289,2.174485,0.002535,0.065095
2163,1790556179.847222090,2.456671,0,0,0.008835,0.000357,0.053132,2.265471,0.005461,0.012806,2.252665,0.002675,0.061938
2164,1790556179.947367191,2.688078,0,0,0.008749,0.000247,0.054907,2.459441,0.022646,0.012267,2.447174,0.002188,0.076781
2165,1790556180.047625542,3.961701,0,0,0.016860,0.000354,0.099942,3.593538,0.010240,0.022837,3.570701,0.005014,0.116088
2166,1790556180.147789478,2.206631,0,0,0.007659,0.000205,0.047311,1.973214,0.005682,0.012692,1.960522,0.002438,0.104656
2167,1790556180.247970819,2.270413,0,0,0.008469,0.000278,0.046470,1.995590,0.013133,0.012941,1.982649,0.004602,0.098100
2168,1790556180.348195076,2.462640,0,0,0.008553,0.000222,0.055125,2.160206,0.005640,0.032646,2.127560,0.003193,0.128418
2169,1790556180.448374033,2.267604,0,0,0.008514,0.000453,0.046861,2.054010,0.005963,0.013572,2.040438,0.002454,0.088618
2170,1790556180.548550844,2.878678,0,0,0.008460,0.000234,0.051726,2.440172,0.016804,0.031255,2.408917,0.006266,0.155766
2171,1790556180.648787737,2.328880,0,0,0.008596,0.000277,0.046618,2.050950,0.011098,0.019610,2.031340,0.003467,0.100040
2172,1790556180.748971939,2.763239,0,0,0.009051,0.000283,0.051807,2.418231,0.009182,0.026541,2.391690,0.003567,0.127126
2173,1790556180.849153519,2.407961,0,0,0.009432,0.000313,0.063010,2.149733,0.008167,0.018545,2.131188,0.002884,0.090065
2174,1790556180.949404478,2.370018,0,0,0.009001,0.000248,0.054097,2.134235,0.006991,0.014801,2.119434,0.003456,0.093130
2175,1790556181.049629211,2.285894,0,0,0.007934,0.000266,0.056665,1.997651,0.007234,0.014861,1.982790,0.003068,0.088518
2176,1790556181.149781227,2.466914,0,0,0.006185,0.000253,0.050075,2.186727,0.007488,0.017304,2.169423,0.002990,0.117660
2177,1790556181.249994040,2.287812,0,0,0.008564,0.000184,0.049166,2.040777,0.008716,0.018232,2.022545,0.003383,0.083504
2178,1790556181.350144148,2.308723,0,0,0.011629,0.000318,0.054004,2.060100,0.006651,0.014347,2.045753,0.003601,0.094907
2179,1790556181.450362921,2.540865,0,0,0.009433,0.000233,0.051006,2.272566,0.007479,0.018260,2.254306,0.002919,0.112740
2180,1790556181.550523043,2.262348,0,0,0.009459,0.000221,0.054908,2.027686,0.008040,0.016657,2.011029,0.002883,0.075458
2181,1790556181.650738955,2.819045,0,0,0.011962,0.000598,0.073004,2.546102,0.010714,0.017621,2.528481,0.004209,0.077098
2182,1790556181.750908375,2.396267,0,0,0.009882,0.000257,0.057395,2.119263,0.013236,0.032722,2.086541,0.004326,0.086445
2183,1790556181.851137877,3.134436,0,0,0.011698,0.000405,0.059825,2.773679,0.014316,0.040127,2.733552,0.006857,0.115588
2184,1790556181.951331139,3.022489,0,0,0.009806,0.000204,0.055258,2.673561,0.010972,0.031305,2.642256,0.004689,0.136162
2185,1790556182.051497221,2.895833,0,0,0.009184,0.000507,0.054388,2.315172,0.017233,0.041019,2.274153,0.008404,0.223090
2186,1790556182.151751995,2.600642,0,0,0.012303,0.000193,0.064690,2.384364,0.005692,0.014004,2.370360,0.002870,0.068736
2187,1790556182.251912117,2.914374,0,0,0.029838,0.000537,0.245131,2.484340,0.006159,0.030628,2.453712,0.002571,0.065167
2188,1790556182.352128744,3.669237,0,0,0.017378,0.000500,0.086143,3.281629,0.014782,0.032233,3.249396,0.014824,0.107215
2189,1790556182.452325344,3.506901,0,0,0.017223,0.000255,0.086036,3.126611,0.010013,0.023455,3.103156,0.003955,0.137866
2190,1790556182.552504063,3.168410,0,0,0.018744,0.000412,0.102282,2.777060,0.012960,0.026730,2.750330,0.006684,0.113825
2191,1790556182.652704716,2.800680,0,0,0.008031,0.000323,0.050168,2.493953,0.011396,0.024897,2.469056,0.004661,0.107526
2192,1790556182.752921820,2.515854,0,0,0.008815,0.000306,0.050765,1.990999,0.032624,0.011365,1.979634,0.002221,0.350430
2193,1790556182.853094816,2.395911,0,0,0.006257,0.000256,0.049315,2.173840,0.005613,0.011643,2.162197,0.002243,0.058996
2194,1790556182.953298092,2.391135,0,0,0.006241,0.000519,0.048894,2.187626,0.005001,0.011191,2.176435,0.002017,0.080343
2195,1790556183.053492069,2.422224,0,0,0.006163,0.000279,0.079948,2.221652,0.005226,0.011016,2.210636,0.002176,0.059125
2196,1790556183.153686762,2.486524,0,0,0.006417,0.000229,0.066491,2.281575,0.005070,0.011373,2.270202,0.002217,0.075717
2197,1790556183.253902435,2.479579,0,0,0.007565,0.000244,0.051416,2.259915,0.005864,0.011990,2.247925,0.002701,0.064801
2198,1790556183.354099989,2.390488,0,0,0.009739,0.000306,0.054130,2.190381,0.005914,0.014065,2.176316,0.002574,0.063987
2199,1790556183.454274893,2.462974,0,0,0.009032,0.000294,0.052404,2.249663,0.007270,0.016172,2.233491,0.003213,0.065890
2200,1790556183.554475069,2.394018,0,0,0.009011,0.000240,0.053932,2.195448,0.005986,0.013462,2.181986,0.002251,0.065557
2201,1790556183.654786110,2.536014,0,0,0.006460,0.000197,0.079280,2.327587,0.006018,0.012480,2.315107,0.002078,0.061897
2202,1790556183.754870892,2.329126,0,0,0.007868,0.000332,0.049684,2.135691,0.005723,0.012070,2.123621,0.002101,0.076670
2203,1790556183.855068445,3.413191,0,0,0.006856,0.000281,0.051973,3.183899,0.006949,0.016794,3.167105,0.003245,0.072354
2204,1790556183.955253363,3.098960,0,0,0.052321,0.000289,0.070033,2.799023,0.005717,0.013793,2.785230,0.002408,0.097682
2205,1790556184.055457592,3.066385,0,0,0.010597,0.000285,0.072913,2.778295,0.006826,0.014407,2.763888,0.002529,0.104768
2206,1790556184.155653477,2.775480,0,0,0.010197,0.000315,0.071851,2.395062,0.007657,0.013217,2.381845,0.075473,0.110649
2207,1790556184.255849123,2.727792,0,0,0.013882,0.000324,0.077204,2.425966,0.007559,0.017844,2.408122,0.002631,0.106284
2208,1790556184.356044292,2.747101,0,0,0.009191,0.000336,0.057629,2.499159,0.007175,0.013785,2.485374,0.002310,0.093452
2209,1790556184.456275702,2.783057,0,0,0.009044,0.000308,0.056949,2.507648,0.006410,0.014127,2.493521,0.002410,0.101689
2210,1790556184.556431532,2.603278,0,0,0.009387,0.000261,0.073500,2.341788,0.006395,0.013905,2.327883,0.002393,0.088568
2211,1790556184.656634569,3.027436,0,0,0.008675,0.000202,0.051622,2.744842,0.006445,0.013973,2.730869,0.002929,0.093109
2212,1790556184.756824017,2.275815,0,0,0.006479,0.000287,0.048958,2.005548,0.007653,0.015763,1.989785,0.002330,0.112108
2213,1790556184.857038736,2.390388,0,0,0.006705,0.000221,0.048700,2.159851,0.005407,0.012865,2.146986,0.002781,0.090831
2214,1790556184.957216501,2.776740,0,0,0.008129,0.000248,0.051527,2.541929,0.012315,0.036144,2.505785,0.004090,0.083812
2215,1790556185.057422400,2.925715,0,0,0.006790,0.000249,0.063640,2.603037,0.010209,0.021893,2.581144,0.004520,0.107727
2216,1790556185.157619715,2.963660,0,0,0.010955,0.000401,0.096463,2.700651,0.006022,0.013327,2.687324,0.002423,0.067243
2217,1790556185.257783413,2.804915,0,0,0.008783,0.000265,0.049122,2.529498,0.009234,0.013432,2.516066,0.003906,0.097219
2218,1790556185.358006239,2.195586,0,0,0.011716,0.000221,0.062675,1.984399,0.006178,0.012329,1.972070,0.002260,0.066995
2219,1790556185.558429718,2.268791,0,0,0.009240,0.000256,0.097201,1.990828,0.006876,0.013725,1.977103,0.002627,0.064113
2220,1790556185.758799553,2.187678,0,0,0.017650,0.000207,0.049488,1.962712,0.008040,0.013708,1.949004,0.003194,0.075808
2221,1790556185.859009981,2.290081,0,0,0.006247,0.000240,0.050008,2.066559,0.007191,0.014358,2.052201,0.003217,0.075107
2222,1790556185.959222317,2.497575,0,0,0.022523,0.000209,0.062922,2.209019,0.010563,0.017485,2.191534,0.003292,0.105478
2223,1790556186.059432268,2.637347,0,0,0.008909,0.000273,0.108509,2.316026,0.006308,0.014249,2.301777,0.002383,0.130211
2224,1790556186.159603357,2.704726,0,0,0.011500,0.000234,0.098030,2.413471,0.006207,0.012986,2.400485,0.021156,0.070982
2225,1790556186.259805202,2.380921,0,0,0.014860,0.000302,0.068606,2.155439,0.006684,0.013344,2.142095,0.002480,0.064790
2226,1790556186.460224628,2.324492,0,0,0.007082,0.000189,0.051960,2.095810,0.005575,0.011497,2.084313,0.002530,0.090729
2227,1790556186.560387850,3.135160,0,0,0.011274,0.000241,0.088031,2.853838,0.006313,0.013782,2.840056,0.002871,0.098096
2228,1790556186.660600424,2.602771,0,0,0.008551,0.000286,0.091265,2.361136,0.006092,0.013886,2.347250,0.002289,0.064552
2229,1790556186.760767698,2.736827,0,0,0.008880,0.000314,0.058166,2.486130,0.006127,0.027229,2.458901,0.002359,0.087480
2230,1790556186.860981464,2.517506,0,0,0.008364,0.000221,0.050088,2.290403,0.006005,0.013245,2.277158,0.015901,0.077547
2231,1790556186.961126089,2.523142,0,0,0.006320,0.000249,0.053929,2.304359,0.005901,0.013856,2.290503,0.002601,0.083498
2232,1790556187.061348200,2.834501,0,0,0.008498,0.000260,0.052437,2.577154,0.010849,0.021327,2.555827,0.003703,0.073943
2233,1790556187.161522865,2.272931,0,0,0.007115,0.000195,0.065247,2.081270,0.005613,0.011478,2.069792,0.002008,0.059552
2234,1790556187.261779785,2.656550,0,0,0.020233,0.000278,0.049738,2.454271,0.005283,0.011859,2.442412,0.001906,0.073191
2235,1790556187.361914873,2.656215,0,0,0.006648,0.000219,0.049050,2.454217,0.005657,0.011042,2.443175,0.002216,0.066857
2236,1790556187.462150097,3.010096,0,0,0.010935,0.000253,0.079591,2.721930,0.006774,0.028238,2.693692,0.002648,0.090320
2237,1790556187.562321186,2.453990,0,0,0.022607,0.000333,0.053636,2.253861,0.005756,0.013078,2.240783,0.002166,0.060550
2238,1790556187.662553787,2.814023,0,0,0.007486,0.000228,0.054837,2.501800,0.005155,0.012766,2.489034,0.002601,0.114634
2239,1790556187.762735128,2.500987,0,0,0.007841,0.000207,0.052673,2.275224,0.008942,0.017426,2.257798,0.003500,0.080155
2240,1790556187.862963915,2.474197,0,0,0.008122,0.000288,0.083593,2.206243,0.007584,0.013535,2.192708,0.003351,0.094547
2241,1790556187.963102579,2.597857,0,0,0.009705,0.000246,0.075193,2.387483,0.005133,0.012600,2.374883,0.002566,0.063277
2242,1790556188.063340187,2.944919,0,0,0.007238,0.000173,0.052712,2.739571,0.005526,0.012311,2.727260,0.002237,0.063210
2243,1790556188.163491726,2.928490,0,0,0.006247,0.000226,0.047862,2.710190,0.006384,0.012893,2.697297,0.002009,0.063876
2244,1790556188.263718605,2.680176,0,0,0.006038,0.000178,0.047206,2.482419,0.005856,0.013201,2.469218,0.002126,0.078579
2245,1790556188.363914728,2.971502,0,0,0.012312,0.000405,0.109509,2.715831,0.006375,0.013633,2.702198,0.002162,0.060570
2246,1790556188.464082241,3.056769,0,0,0.012625,0.000227,0.097996,2.744960,0.007256,0.015150,2.729810,0.002957,0.065879
2247,1790556188.564306736,2.859302,0,0,0.010432,0.000288,0.061295,2.580502,0.005828,0.014036,2.566466,0.002844,0.101869
2248,1790556188.664474249,2.910096,0,0,0.008511,0.000248,0.103695,2.619037,0.006297,0.013170,2.605867,0.002843,0.091470
2249,1790556188.764667988,2.545553,0,0,0.008242,0.000295,0.051233,2.340117,0.006160,0.013302,2.326815,0.002631,0.067343
2250,1790556188.864921570,2.794327,0,0,0.011000,0.000288,0.105200,2.475269,0.022340,0.012761,2.462508,0.002406,0.095904
2251,1790556188.965092659,2.754651,0,0,0.008328,0.000198,0.050878,2.506770,0.006013,0.012783,2.493987,0.017004,0.065531
2252,1790556189.065287113,2.827378,0,0,0.025356,0.000318,0.076884,2.539736,0.005973,0.014599,2.525137,0.002216,0.077841
2253,1790556189.165485859,2.244219,0,0,0.009284,0.000266,0.055619,2.028394,0.005755,0.015598,2.012796,0.003072,0.068158
2254,1790556189.265712976,2.810201,0,0,0.010459,0.000472,0.060581,2.499741,0.011324,0.019887,2.479854,0.005101,0.101790
2255,1790556189.365874529,2.404567,0,0,0.008167,0.000298,0.051649,2.199347,0.006134,0.012973,2.186374,0.002773,0.069273
2256,1790556189.466065884,2.771169,0,0,0.009798,0.000304,0.054052,2.524998,0.005687,0.013804,2.511194,0.002160,0.085666
2257,1790556189.566234827,2.659028,0,0,0.008660,0.000218,0.067799,2.401846,0.007608,0.016986,2.384860,0.002638,0.078984
2258,1790556189.666445732,2.877601,0,0,0.012854,0.000441,0.092420,2.589695,0.006724,0.013826,2.575869,0.002285,0.091917
2259,1790556189.766629934,2.817811,0,0,0.008760,0.000295,0.051352,2.592450,0.005923,0.013801,2.578649,0.003437,0.086710
2260,1790556189.866824865,2.478392,0,0,0.008608,0.000317,0.065020,2.279062,0.005234,0.012799,2.266263,0.002221,0.061690
2261,1790556189.967056274,2.402151,0,0,0.008479,0.000324,0.052911,2.140644,0.007888,0.016417,2.124227,0.003239,0.101326
2262,1790556190.067245245,2.661280,0,0,0.008107,0.000217,0.063500,2.366876,0.009991,0.020460,2.346416,0.003909,0.094100
2263,1790556190.167471647,2.577112,0,0,0.010224,0.000318,0.062060,2.329601,0.006429,0.014523,2.315078,0.002719,0.090043
2264,1790556190.267622232,2.660904,0,0,0.007387,0.000305,0.055364,2.396373,0.006417,0.014568,2.381805,0.002590,0.100901
2265,1790556190.367837667,2.640704,0,0,0.008571,0.000316,0.065734,2.406299,0.006214,0.017046,2.389253,0.002714,0.075322
2266,1790556190.468009949,2.382929,0,0,0.012258,0.000237,0.051607,2.138037,0.006826,0.013731,2.124306,0.002560,0.096535
2267,1790556190.568243742,2.251804,0,0,0.006371,0.000214,0.051269,2.032869,0.006524,0.012133,2.020736,0.002470,0.083264
2268,1790556190.668422461,2.818236,0,0,0.011571,0.000323,0.070734,2.564597,0.009270,0.020127,2.544470,0.004062,0.064756
2269,1790556190.768627644,2.408859,0,0,0.008250,0.000267,0.069150,2.114317,0.005586,0.013487,2.100830,0.002221,0.122680
2270,1790556190.868797779,2.804483,0,0,0.009081,0.000294,0.081764,2.534116,0.006941,0.021242,2.512874,0.002717,0.083920
2271,1790556190.968997002,3.401594,0,0,0.012083,0.000588,0.109980,3.111715,0.006663,0.016386,3.095329,0.002290,0.079498
2272,1790556191.069244146,3.199263,0,0,0.009650,0.000276,0.101219,2.907543,0.007373,0.018402,2.889141,0.002917,0.080929
2273,1790556191.169435978,3.133348,0,0,0.009675,0.000307,0.055511,2.794439,0.008777,0.019541,2.774898,0.004357,0.132941
2274,1790556191.269604445,3.025461,0,0,0.008925,0.000385,0.070483,2.686113,0.034178,0.018183,2.667930,0.003986,0.106964
2275,1790556191.369801760,3.089833,0,0,0.008075,0.000235,0.049856,2.896617,0.006050,0.014365,2.882252,0.002332,0.061013
2276,1790556191.470060349,3.187518,0,0,0.013820,0.000328,0.088081,2.741114,0.011077,0.018603,2.722511,0.003287,0.225483
2277,1790556191.570203304,2.304166,0,0,0.008753,0.000273,0.049945,2.073422,0.008428,0.016594,2.056828,0.003451,0.078717
2278,1790556191.670393944,2.380731,0,0,0.008618,0.000258,0.051626,2.152607,0.007666,0.016091,2.136516,0.003755,0.075408
2279,1790556191.770559072,2.286852,0,0,0.008439,0.000307,0.052605,2.082211,0.006468,0.011793,2.070418,0.002528,0.078491
2280,1790556191.870807648,2.456846,0,0,0.008414,0.000289,0.053118,2.228931,0.006354,0.015987,2.212944,0.003451,0.073386
2281,1790556192.071188211,2.320053,0,0,0.012025,0.000201,0.069792,2.044451,0.005991,0.014336,2.030115,0.002757,0.097187
2282,1790556192.171416759,2.394101,0,0,0.008421,0.000278,0.051022,2.192240,0.005405,0.012046,2.180194,0.002138,0.078498
2283,1790556192.271630049,2.497350,0,0,0.005333,0.000272,0.060860,2.303711,0.005650,0.012948,2.290763,0.002255,0.062306
2284,1790556192.371794701,2.193487,0,0,0.006744,0.000180,0.050573,1.998363,0.006165,0.013388,1.984975,0.002460,0.067314
2285,1790556192.572169065,2.496213,0,0,0.008022,0.003797,0.052039,1.996699,0.013032,0.029872,1.966827,0.005582,0.236352
2286,1790556192.672356844,2.205825,0,0,0.007369,0.000336,0.053076,1.985615,0.006766,0.015067,1.970548,0.003020,0.071748
2287,1790556192.772533178,2.694534,0,0,0.008451,0.000314,0.058223,2.494698,0.005856,0.012272,2.482426,0.002134,0.069402
2288,1790556192.872758389,2.609453,0,0,0.006949,0.000236,0.057035,2.393979,0.005673,0.013124,2.380855,0.002654,0.080518
2289,1790556192.972945452,2.510608,0,0,0.007971,0.000235,0.054336,2.284598,0.007686,0.016919,2.267679,0.003445,0.076330
2290,1790556193.073161125,3.142816,0,0,0.007941,0.000162,0.079610,2.886093,0.006805,0.018121,2.867972,0.002570,0.068708
2291,1790556193.173320532,2.783698,0,0,0.007968,0.000345,0.068172,2.545454,0.005204,0.012119,2.533335,0.002307,0.089825
2292,1790556193.273510456,2.528211,0,0,0.008005,0.000275,0.055718,2.252359,0.009399,0.016826,2.235533,0.004019,0.087647
2293,1790556193.373736620,2.360487,0,0,0.007310,0.000241,0.050346,2.113319,0.006123,0.014360,2.098959,0.002583,0.110851
2294,1790556193.473952770,2.528803,0,0,0.009243,0.000271,0.050655,2.241053,0.010679,0.018681,2.222372,0.003618,0.131338
2295,1790556193.574156523,2.604265,0,0,0.008828,0.000422,0.054430,2.364669,0.005424,0.012209,2.352460,0.002141,0.093900
2296,1790556193.674335003,2.994848,0,0,0.010922,0.000409,0.081022,2.731342,0.006717,0.014979,2.716363,0.002615,0.088358
2297,1790556193.774517775,2.430814,0,0,0.009843,0.000251,0.057319,2.210443,0.005913,0.028505,2.181938,0.002523,0.078886
2298,1790556193.874723911,3.576287,0,0,0.012946,0.000353,0.157435,3.242774,0.006897,0.017007,3.225767,0.003111,0.067791
2299,1790556193.974913359,2.557352,0,0,0.009035,0.000408,0.064389,2.347790,0.005929,0.013723,2.334067,0.002173,0.063699
2300,1790556194.075149059,2.654769,0,0,0.008838,0.000283,0.053474,2.355912,0.005725,0.017011,2.338901,0.002737,0.111644
2301,1790556194.175339222,3.049772,0,0,0.012176,0.000678,0.114897,2.764942,0.006079,0.014511,2.750431,0.002283,0.069912
2302,1790556194.275519133,3.428775,0,0,0.012375,0.000288,0.085036,3.175505,0.005991,0.015832,3.159673,0.002819,0.067377
2303,1790556194.375741243,2.816091,0,0,0.008920,0.000308,0.057612,2.596797,0.005614,0.018759,2.578038,0.002539,0.069816
2304,1790556194.475948334,3.163839,0,0,0.006751,0.000235,0.056522,2.906691,0.006938,0.020910,2.885781,0.002898,0.089103
2305,1790556194.576120615,2.447602,0,0,0.011089,0.000525,0.061544,2.177687,0.017518,0.033576,2.144111,0.008110,0.087076
2306,1790556194.776463985,2.359322,0,0,0.008307,0.000301,0.066049,2.140898,0.006029,0.013130,2.127768,0.002601,0.067057
2307,1790556194.876684189,2.165544,0,0,0.009162,0.000282,0.054338,1.921558,0.005683,0.012816,1.908742,0.002620,0.066061
2308,1790556194.976881504,2.555620,0,0,0.008885,0.000216,0.052070,2.325241,0.006913,0.013163,2.312078,0.003010,0.065330
2309,1790556195.077079058,2.291012,0,0,0.008381,0.000271,0.050185,2.028440,0.007745,0.012628,2.015812,0.003386,0.090641
2310,1790556195.177271605,2.467253,0,0,0.008792,0.000224,0.051462,2.251047,0.006095,0.012998,2.238049,0.002526,0.079722
2311,1790556195.277474642,2.266543,0,0,0.008029,0.000591,0.051471,2.044139,0.007854,0.018050,2.026089,0.005025,0.073969
2312,1790556195.377709627,2.383985,0,0,0.019281,0.000823,0.104894,2.135204,0.005934,0.012175,2.123029,0.002393,0.060400
2313,1790556195.477905512,2.462175,0,0,0.006005,0.000170,0.049112,2.239869,0.006416,0.013956,2.225913,0.002558,0.075199
2314,1790556195.578122139,2.649705,0,0,0.010104,0.000314,0.058467,2.443972,0.005448,0.012718,2.431254,0.002386,0.063069
2315,1790556195.678257942,3.181010,0,0,0.008939,0.000234,0.064761,2.876138,0.006057,0.014712,2.861426,0.002505,0.145932
2316,1790556195.778490067,2.474054,0,0,0.009493,0.000274,0.068322,2.252165,0.005845,0.013107,2.239058,0.002567,0.070247
2317,1790556195.878644705,2.690988,0,0,0.008754,0.000292,0.058591,2.442503,0.006009,0.012169,2.430334,0.002220,0.096109
2318,1790556195.978878021,2.990521,0,0,0.008995,0.000180,0.070397,2.758889,0.006275,0.014588,2.744301,0.002513,0.071612
2319,1790556196.079076290,2.784256,0,0,0.007945,0.000178,0.104903,2.489998,0.005771,0.013903,2.476095,0.003180,0.083967
2320,1790556196.179272175,2.762095,0,0,0.013399,0.000285,0.132498,2.445124,0.006185,0.032000,2.413124,0.002575,0.094670
2321,1790556196.279468060,2.294935,0,0,0.009398,0.000229,0.050520,2.081529,0.005792,0.012531,2.068998,0.002512,0.079858
2322,1790556196.379681826,3.021177,0,0,0.006113,0.000354,0.056496,2.756892,0.006619,0.013431,2.743461,0.002620,0.085559
2323,1790556196.479853630,3.257209,0,0,0.009434,0.000256,0.070387,2.906536,0.011921,0.033134,2.873402,0.005844,0.124384
2324,1790556196.580075026,2.486139,0,0,0.009556,0.000265,0.061816,2.248940,0.006326,0.016161,2.232779,0.002880,0.072356
2325,1790556196.680248499,3.418235,0,0,0.010341,0.000338,0.113466,3.110792,0.006202,0.015592,3.095200,0.002597,0.096936
2326,1790556196.780421734,2.903545,0,0,0.009160,0.000312,0.061689,2.643992,0.006665,0.013595,2.630397,0.002734,0.099715
2327,1790556196.880652428,2.587033,0,0,0.008251,0.000287,0.050239,2.277507,0.007271,0.013591,2.263916,0.002715,0.135767
2328,1790556196.980850220,2.283309,0,0,0.008635,0.000370,0.049463,2.084475,0.005595,0.014153,2.070322,0.002894,0.066271
2329,1790556197.181265354,2.570928,0,0,0.008523,0.000191,0.058375,2.229917,0.017548,0.069207,2.160710,0.005354,0.089608
2330,1790556197.281378508,2.856259,0,0,0.007509,0.000202,0.051298,2.623152,0.005346,0.012296,2.610856,0.002262,0.110928
2331,1790556197.381597996,2.743209,0,0,0.006592,0.000249,0.054863,2.525242,0.005385,0.012541,2.512701,0.002064,0.083203
2332,1790556197.481822252,2.313026,0,0,0.005955,0.000247,0.070587,2.108492,0.004957,0.012545,2.095947,0.002785,0.062782
2333,1790556197.682191849,2.557527,0,0,0.006491,0.000205,0.050844,2.343143,0.006151,0.012137,2.331006,0.002630,0.083370
2334,1790556197.782361507,2.273944,0,0,0.007981,0.000230,0.055552,2.084672,0.005579,0.014158,2.070514,0.002645,0.061007
2335,1790556197.882608414,3.379931,0,0,0.013612,0.000307,0.082594,3.069574,0.008936,0.019261,3.050313,0.003322,0.109005
2336,1790556198.083018780,3.002133,0,0,0.009964,0.000326,0.059195,2.641071,0.010363,0.032212,2.608859,0.005613,0.099684
2337,1790556198.183163643,2.795135,0,0,0.009951,0.000229,0.056805,2.594861,0.005291,0.013928,2.580933,0.002280,0.063186
2338,1790556198.283357620,2.530866,0,0,0.010295,0.000376,0.064943,2.315231,0.005439,0.013692,2.301539,0.002283,0.066505
2339,1790556198.383556366,2.421400,0,0,0.009300,0.000360,0.067517,2.155159,0.007039,0.015410,2.139749,0.003001,0.090252
2340,1790556198.483731985,2.398869,0,0,0.009460,0.000248,0.072471,2.134515,0.006607,0.011608,2.122907,0.003615,0.085316
2341,1790556198.583931446,2.387023,0,0,0.024174,0.000282,0.073688,2.120638,0.004966,0.011953,2.108685,0.002153,0.098541
2342,1790556198.684123039,2.527683,0,0,0.013649,0.000520,0.101945,2.279405,0.005880,0.012406,2.266999,0.002325,0.062711
2343,1790556198.784352541,2.537117,0,0,0.008582,0.000250,0.056020,2.247073,0.005598,0.014717,2.232356,0.002780,0.097176
2344,1790556198.884515047,2.428675,0,0,0.012993,0.000457,0.100282,2.170380,0.004971,0.012467,2.157913,0.002749,0.082009
2345,1790556199.084945679,2.353858,0,0,0.013546,0.000413,0.082026,2.118029,0.006443,0.013118,2.104911,0.002373,0.070183
2346,1790556199.185137510,2.818134,0,0,0.023610,0.000284,0.055544,2.533921,0.005364,0.013346,2.520575,0.002635,0.131106
2347,1790556199.285328388,2.729500,0,0,0.011829,0.000377,0.068987,2.469657,0.011153,0.032188,2.437469,0.004070,0.080350
2348,1790556199.385556936,2.760407,0,0,0.031881,0.000576,0.061136,2.455576,0.009465,0.033767,2.421809,0.004112,0.084483
2349,1790556199.485753059,3.020434,0,0,0.009752,0.000257,0.063000,2.695599,0.008200,0.034639,2.660960,0.003577,0.130764
2350,1790556199.585950375,2.698309,0,0,0.008686,0.000252,0.063615,2.426473,0.005064,0.011711,2.414762,0.002339,0.072349
2351,1790556199.686121941,2.883542,0,0,0.009729,0.000192,0.072722,2.613752,0.006494,0.015342,2.598410,0.002304,0.099843
2352,1790556199.786345005,2.684249,0,0,0.008423,0.000340,0.073589,2.460993,0.005686,0.014189,2.446804,0.002396,0.066984
2353,1790556199.886535168,2.733441,0,0,0.009469,0.000243,0.072837,2.462527,0.006370,0.015754,2.446773,0.002978,0.087702
2354,1790556199.986703634,2.760902,0,0,0.006890,0.000212,0.063160,2.487858,0.005925,0.013717,2.474141,0.002436,0.125243
2355,1790556200.086930037,2.484302,0,0,0.005333,0.000174,0.047970,2.244706,0.005739,0.013865,2.230841,0.002665,0.110361
2356,1790556200.187129498,2.703231,0,0,0.008691,0.000301,0.051840,2.500885,0.005873,0.013472,2.487413,0.002303,0.067901
2357,1790556200.287303686,2.609041,0,0,0.007854,0.000276,0.049523,2.396458,0.006361,0.027088,2.369370,0.002936,0.085512
2358,1790556200.387488842,2.362525,0,0,0.008970,0.000306,0.052977,1.993456,0.014421,0.023615,1.969841,0.006965,0.112204
2359,1790556200.487732887,2.245042,0,0,0.008514,0.000298,0.064159,2.035128,0.005305,0.011318,2.023810,0.002033,0.077385
2360,1790556200.587889433,2.640963,0,0,0.009922,0.000407,0.063475,2.409794,0.005969,0.013276,2.396518,0.002687,0.067918
2361,1790556200.688121557,2.589198,0,0,0.010798,0.000478,0.073995,2.341090,0.005831,0.026778,2.314312,0.002800,0.082431
2362,1790556200.788323402,2.392700,0,0,0.006729,0.000185,0.066249,2.175125,0.006822,0.012420,2.162705,0.003238,0.069063
2363,1790556200.888510466,2.661014,0,0,0.008885,0.000205,0.051720,2.426257,0.006198,0.012623,2.413634,0.002992,0.095540
2364,1790556200.988671541,3.079780,0,0,0.013890,0.000518,0.097726,2.799718,0.006281,0.013252,2.786466,0.002582,0.086774
2365,1790556201.088903666,2.223124,0,0,0.006285,0.000250,0.048124,2.014007,0.006708,0.012872,2.001135,0.002781,0.084658
2366,1790556201.189094543,2.564061,0,0,0.008645,0.000367,0.050705,2.377779,0.005253,0.012207,2.365572,0.002420,0.061641
2367,1790556201.289270878,2.429329,0,0,0.007680,0.000292,0.051249,2.222108,0.005461,0.014820,2.207288,0.002774,0.069105
2368,1790556201.389520168,2.669016,0,0,0.011327,0.000292,0.083519,2.351326,0.006279,0.014718,2.336608,0.002974,0.077371
2369,1790556201.489693403,3.096888,0,0,0.009221,0.000216,0.050373,2.867850,0.005823,0.012824,2.855026,0.002177,0.065943
2370,1790556201.589858532,2.946691,0,0,0.011722,0.000306,0.062262,2.670683,0.009273,0.019699,2.650984,0.003664,0.089586
2371,1790556201.690083027,2.320893,0,0,0.007266,0.000235,0.052466,2.047649,0.011650,0.023240,2.024409,0.004950,0.101642
2372,1790556201.790269375,2.359927,0,0,0.006606,0.000172,0.051501,2.061888,0.005375,0.012884,2.049004,0.002381,0.144728
2373,1790556201.890470028,2.334499,0,0,0.006783,0.000281,0.066205,2.143784,0.005185,0.011842,2.131942,0.002477,0.060416
2374,1790556201.990632296,2.806354,0,0,0.006875,0.000331,0.051557,2.567936,0.006238,0.015088,2.552848,0.002743,0.084921
2375,1790556202.090873241,2.808663,0,0,0.008044,0.000257,0.050933,2.509414,0.010295,0.022014,2.487400,0.004597,0.100609
2376,1790556202.191061020,2.759199,0,0,0.008728,0.000250,0.067797,2.531235,0.006008,0.012251,2.518984,0.002414,0.077531
2377,1790556202.291254520,2.588614,0,0,0.009062,0.000319,0.055926,2.340700,0.006298,0.014055,2.326645,0.002560,0.089182
2378,1790556202.391422033,2.597326,0,0,0.008843,0.000294,0.070053,2.370488,0.005196,0.012381,2.358107,0.002728,0.078613
2379,1790556202.491618633,2.631097,0,0,0.009519,0.000271,0.076147,2.378652,0.005394,0.011651,2.367001,0.002238,0.064090
2380,1790556202.591834784,2.689907,0,0,0.014089,0.000597,0.073118,2.437401,0.006372,0.014338,2.423063,0.002396,0.070992
2381,1790556202.692042828,2.966160,0,0,0.013347,0.000395,0.063208,2.691657,0.006245,0.034613,2.657044,0.003124,0.092428
2382,1790556202.792233706,3.405246,0,0,0.012483,0.000380,0.098380,3.127426,0.006878,0.018381,3.109045,0.002790,0.071022
2383,1790556202.892446280,3.065575,0,0,0.006966,0.000227,0.053654,2.837313,0.007816,0.016249,2.821064,0.002926,0.071358
2384,1790556202.992658854,2.801915,0,0,0.010199,0.000338,0.064181,2.570544,0.006229,0.016635,2.553909,0.003027,0.069255
2385,1790556203.092829466,2.713485,0,0,0.013061,0.000327,0.080705,2.458640,0.019527,0.015237,2.443403,0.002313,0.064256
2386,1790556203.193025112,2.558149,0,0,0.007982,0.000210,0.058618,2.319331,0.006138,0.013652,2.305679,0.002461,0.098061
2387,1790556203.293321609,2.692748,0,0,0.010196,0.000315,0.057138,2.434730,0.007741,0.033087,2.401643,0.002705,0.082720
2388,1790556203.393404007,2.834275,0,0,0.010487,0.000244,0.107837,2.520866,0.006733,0.016006,2.504860,0.003106,0.096808
2389,1790556203.493666887,2.857746,0,0,0.010127,0.000314,0.056733,2.585696,0.008453,0.019483,2.566213,0.003899,0.088452
2390,1790556203.593848228,2.280512,0,0,0.007196,0.000254,0.064778,2.066509,0.005073,0.010848,2.055661,0.002046,0.086530
2391,1790556203.794204712,2.752754,0,0,0.009201,0.000318,0.067090,2.475828,0.006471,0.012174,2.463654,0.002517,0.109681
2392,1790556203.894348145,2.871397,0,0,0.008528,0.000295,0.054993,2.600077,0.010201,0.020458,2.579619,0.003898,0.080112
2393,1790556203.994553328,3.471604,0,0,0.007874,0.000193,0.068669,3.103981,0.018403,0.032910,3.071071,0.006394,0.071349
2394,1790556204.094780922,2.929168,0,0,0.006981,0.000262,0.091163,2.659019,0.005439,0.013461,2.645558,0.002776,0.097539
2395,1790556204.194953442,3.048662,0,0,0.011535,0.000295,0.074042,2.793425,0.006024,0.014814,2.778611,0.002558,0.083997
2396,1790556204.295164824,2.985418,0,0,0.008745,0.000318,0.070221,2.723715,0.009089,0.018737,2.704978,0.003146,0.069317
2397,1790556204.395382166,2.843051,0,0,0.009107,0.000170,0.072869,2.561614,0.006037,0.014138,2.547476,0.002700,0.088738
2398,1790556204.495616913,2.960623,0,0,0.008474,0.000195,0.056798,2.725023,0.007353,0.016576,2.708447,0.002959,0.072274
2399,1790556204.595720530,2.706500,0,0,0.013289,0.000794,0.060262,2.389638,0.007330,0.015567,2.374071,0.002405,0.108865
2400,1790556204.796165705,2.754701,0,0,0.010176,0.000430,0.111238,2.429774,0.008761,0.021081,2.408693,0.003745,0.083389
2401,1790556204.896328926,2.674179,0,0,0.006891,0.000229,0.052147,2.411965,0.007558,0.019396,2.392569,0.011537,0.076569
2402,1790556205.096765995,2.945509,0,0,0.006673,0.000261,0.082923,2.684738,0.006678,0.016024,2.668714,0.002961,0.078165
2403,1790556205.196958303,3.828238,0,0,0.008539,0.000312,0.064489,3.537177,0.006039,0.016192,3.520985,0.003245,0.106099
2404,1790556205.297126293,2.768553,0,0,0.007012,0.000284,0.067122,2.527452,0.006525,0.028287,2.499165,0.002524,0.070676
2405,1790556205.397337675,3.211138,0,0,0.008790,0.000174,0.055711,2.915079,0.007856,0.020589,2.894490,0.002854,0.096423
2406,1790556205.497526884,2.882396,0,0,0.009802,0.000223,0.070445,2.622419,0.007354,0.014402,2.608017,0.002845,0.087381
2407,1790556205.597790480,3.107454,0,0,0.006728,0.000233,0.065636,2.856626,0.008481,0.018193,2.838433,0.003745,0.074169
2408,1790556205.697926283,2.900747,0,0,0.008191,0.000252,0.081434,2.606167,0.006389,0.015355,2.590812,0.002376,0.093299
2409,1790556205.798156977,2.686255,0,0,0.012896,0.000305,0.075820,2.389313,0.006623,0.016468,2.372845,0.002899,0.097960
2410,1790556205.898339272,3.164447,0,0,0.012096,0.000359,0.097015,2.856937,0.006257,0.015609,2.841328,0.002710,0.107315
2411,1790556205.998511076,2.695154,0,0,0.022471,0.000175,0.071837,2.398140,0.006159,0.012850,2.385290,0.002513,0.118990
2412,1790556206.098717451,2.596196,0,0,0.005381,0.000267,0.087355,2.322540,0.008271,0.015696,2.306844,0.002981,0.094340
2413,1790556206.198976278,2.762343,0,0,0.008802,0.000639,0.057045,2.546353,0.005989,0.013546,2.532807,0.002353,0.078162
2414,1790556206.299092531,3.476887,0,0,0.010641,0.000367,0.072991,3.094783,0.012362,0.028406,3.066377,0.004755,0.118115
2415,1790556206.399312973,2.724656,0,0,0.007743,0.000258,0.056632,2.491467,0.007121,0.015874,2.475593,0.002720,0.073938
2416,1790556206.599682093,2.648690,0,0,0.025441,0.000326,0.097409,2.330674,0.006891,0.016193,2.314481,0.002246,0.080021
2417,1790556206.699872255,2.396098,0,0,0.020673,0.000215,0.067392,2.160579,0.006227,0.013826,2.146753,0.002651,0.079057
2418,1790556206.800082684,2.495305,0,0,0.006629,0.000244,0.048086,2.286643,0.005085,0.011911,2.274732,0.002780,0.075579
2419,1790556206.900306940,3.731143,0,0,0.022620,0.000536,0.100866,3.366285,0.011265,0.036197,3.330088,0.003884,0.089435
2420,1790556207.000442266,2.435564,0,0,0.008107,0.000367,0.057967,2.209712,0.005843,0.013095,2.196617,0.002578,0.086978
2421,1790556207.100710869,2.719212,0,0,0.010151,0.000444,0.078661,2.448683,0.005920,0.014576,2.434107,0.002703,0.094980
2422,1790556207.200860739,3.140645,0,0,0.012092,0.000647,0.106466,2.835827,0.006649,0.015547,2.820280,0.002523,0.071117
2423,1790556207.301088810,3.011196,0,0,0.012985,0.000401,0.091229,2.740644,0.006368,0.015200,2.725444,0.002376,0.081774
2424,1790556207.401260376,2.643037,0,0,0.008315,0.000263,0.056486,2.368234,0.006936,0.015570,2.352664,0.002763,0.094229
2425,1790556207.501448154,3.376806,0,0,0.011012,0.000305,0.062657,3.106556,0.006054,0.016531,3.090025,0.003032,0.077474
2426,1790556207.601683378,3.077259,0,0,0.009568,0.000604,0.073519,2.798619,0.022474,0.014601,2.784018,0.002602,0.084657
2427,1790556207.701898336,2.411271,0,0,0.008301,0.000294,0.066982,2.130253,0.008906,0.023070,2.107183,0.004192,0.079065
2428,1790556207.902269840,2.646703,0,0,0.010790,0.000384,0.064980,2.415307,0.006562,0.015905,2.399402,0.002716,0.072004
2429,1790556208.002411127,3.031822,0,0,0.041990,0.000343,0.077889,2.697272,0.006233,0.014701,2.682571,0.019847,0.095959
2430,1790556208.102641582,2.593394,0,0,0.012875,0.000215,0.058841,2.364784,0.006497,0.015428,2.349356,0.002667,0.069122
2431,1790556208.303027391,2.495275,0,0,0.009756,0.000340,0.067737,2.235009,0.019105,0.027713,2.207296,0.002556,0.064505
2432,1790556208.403227091,2.272601,0,0,0.008705,0.000423,0.051438,2.069941,0.005269,0.012487,2.057454,0.002399,0.077607
2433,1790556208.503420353,2.414192,0,0,0.008631,0.000431,0.053103,2.172585,0.006275,0.016957,2.155628,0.003125,0.082495
2434,1790556208.603604555,2.344495,0,0,0.008421,0.000204,0.067912,2.121812,0.004974,0.011882,2.109930,0.002743,0.065481
2435,1790556208.703784943,2.457365,0,0,0.008367,0.000219,0.053887,2.214955,0.004973,0.011937,2.203018,0.002435,0.084665
2436,1790556208.804009914,2.343898,0,0,0.008712,0.000299,0.052211,2.107879,0.005691,0.012303,2.095576,0.002931,0.098200
2437,1790556208.904211521,2.274498,0,0,0.008083,0.000292,0.051517,2.071360,0.005726,0.015195,2.056165,0.002573,0.062342
2438,1790556209.004395485,2.334164,0,0,0.008554,0.000289,0.050347,2.119848,0.007089,0.012802,2.107046,0.002898,0.070373
2439,1790556209.104608536,2.544023,0,0,0.008717,0.000236,0.056683,2.215423,0.007926,0.035749,2.179674,0.003738,0.138365
2440,1790556209.204821587,2.502485,0,0,0.009258,0.000281,0.054652,2.276961,0.008165,0.021483,2.255478,0.003657,0.072968
2441,1790556209.305025578,2.350176,0,0,0.009630,0.000211,0.057307,2.132184,0.005630,0.013875,2.118309,0.002895,0.072980
2442,1790556209.405190945,2.162775,0,0,0.008867,0.000218,0.051060,1.904567,0.005143,0.011643,1.892924,0.002384,0.100364
2443,1790556209.505414724,2.600603,0,0,0.008986,0.000210,0.066612,2.253706,0.013761,0.020558,2.233148,0.005253,0.112381
2444,1790556209.605581760,2.718061,0,0,0.011189,0.000287,0.068432,2.355390,0.012833,0.023614,2.331776,0.005844,0.113076
2445,1790556209.705772877,2.388267,0,0,0.008592,0.000352,0.051667,2.086418,0.013250,0.022514,2.063904,0.005738,0.113157
2446,1790556209.805963039,3.518510,0,0,0.007873,0.000418,0.082845,2.996180,0.023282,0.048429,2.947751,0.014434,0.146589
2447,1790556209.906192064,2.687771,0,0,0.005230,0.000234,0.047296,2.336235,0.011980,0.022550,2.313685,0.004403,0.124356
2448,1790556210.006372690,2.601822,0,0,0.005909,0.000180,0.064802,2.268782,0.014741,0.015942,2.252840,0.004983,0.109830
2449,1790556210.106593609,2.564513,0,0,0.010130,0.000272,0.068767,2.349463,0.005949,0.012850,2.336613,0.002140,0.062511
2450,1790556210.206789970,2.326077,0,0,0.005019,0.000170,0.047036,2.078406,0.006603,0.015683,2.062723,0.002420,0.115695
2451,1790556210.306948900,2.381155,0,0,0.006844,0.000205,0.049470,2.029274,0.007278,0.020053,2.009221,0.005154,0.153238
2452,1790556210.407187223,2.448990,0,0,0.005907,0.000180,0.050785,2.152702,0.005772,0.026449,2.126253,0.002208,0.141631
2453,1790556210.507370234,2.292367,0,0,0.005706,0.000216,0.077416,2.073014,0.005914,0.012572,2.060442,0.003100,0.068362
2454,1790556210.607567787,2.645333,0,0,0.006269,0.000251,0.047028,2.366266,0.014062,0.022959,2.343307,0.006079,0.087790
2455,1790556210.707744598,2.670258,0,0,0.011271,0.000256,0.077060,2.449601,0.005672,0.013229,2.436372,0.002516,0.062753
2456,1790556210.807974815,2.507551,0,0,0.008720,0.000268,0.053670,2.299716,0.005505,0.014276,2.285440,0.002845,0.073930
2457,1790556210.908237934,2.492466,0,0,0.009405,0.000294,0.065608,2.255287,0.007928,0.014993,2.240294,0.003071,0.072372
2458,1790556211.008353472,2.933859,0,0,0.011169,0.000410,0.060127,2.702169,0.007075,0.022440,2.679729,0.003049,0.067309
2459,1790556211.108583212,2.640849,0,0,0.005909,0.000232,0.063571,2.456857,0.005010,0.011168,2.445689,0.002071,0.058678
2460,1790556211.208724022,2.553646,0,0,0.007066,0.000235,0.064792,2.338193,0.005962,0.012835,2.325358,0.002642,0.074548
2461,1790556211.308938265,2.438211,0,0,0.005686,0.000234,0.047938,2.236123,0.006117,0.013287,2.222836,0.002115,0.079906
2462,1790556211.409116745,2.622405,0,0,0.007515,0.000167,0.055584,2.428078,0.006038,0.013371,2.414707,0.002919,0.062360
2463,1790556211.509323120,2.179134,0,0,0.009567,0.000346,0.053868,1.978718,0.005116,0.012045,1.966673,0.002501,0.075671
2464,1790556211.709727526,3.692607,0,0,0.023723,0.000353,0.081218,3.326029,0.006715,0.021118,3.304911,0.003138,0.094005
2465,1790556211.809869766,2.754047,0,0,0.009987,0.000256,0.065204,2.481865,0.006422,0.016509,2.465356,0.002971,0.109009
2466,1790556212.010300636,3.127967,0,0,0.013489,0.000367,0.087182,2.877911,0.006030,0.015862,2.862049,0.002740,0.067895
2467,1790556212.110519648,2.319841,0,0,0.009483,0.000296,0.050882,2.067638,0.008866,0.020635,2.047003,0.003506,0.081702
2468,1790556212.210693598,2.351345,0,0,0.008797,0.000221,0.051696,2.171555,0.005106,0.011379,2.160176,0.002039,0.061087
2469,1790556212.310890198,2.380092,0,0,0.005525,0.000275,0.047794,2.215573,0.004869,0.011319,2.204254,0.002253,0.057417
2470,1790556212.411086082,2.482661,0,0,0.006503,0.000200,0.067285,2.276489,0.005617,0.012400,2.264089,0.002788,0.062882
2471,1790556212.511309862,2.519578,0,0,0.006455,0.000255,0.047869,2.289002,0.005476,0.013523,2.275479,0.002939,0.065718
2472,1790556212.611516476,2.370713,0,0,0.007099,0.000393,0.051047,2.163263,0.005803,0.013948,2.149315,0.002249,0.079019
2473,1790556212.811895370,2.277560,0,0,0.009444,0.000339,0.053354,2.032234,0.008350,0.018519,2.013715,0.003146,0.082652
2474,1790556212.912106276,2.378976,0,0,0.008739,0.000322,0.055293,2.102217,0.006884,0.015662,2.086555,0.003020,0.096918
2475,1790556213.012300014,2.407283,0,0,0.008236,0.000284,0.052610,2.131955,0.006464,0.013815,2.118140,0.002634,0.107942
2476,1790556213.112501144,2.254030,0,0,0.008682,0.000234,0.052838,2.047421,0.005586,0.016322,2.031099,0.002835,0.067711
2477,1790556213.212653399,2.537307,0,0,0.008861,0.000318,0.052965,2.315382,0.006497,0.013331,2.302051,0.002597,0.070024
2478,1790556213.413063765,2.348481,0,0,0.009108,0.000234,0.052534,2.121615,0.006401,0.015080,2.106535,0.003109,0.075805
2479,1790556213.513256550,2.459320,0,0,0.008695,0.000252,0.054688,2.177468,0.008081,0.020427,2.157041,0.004352,0.107007
2480,1790556213.613412857,2.358850,0,0,0.008962,0.000225,0.057725,2.111888,0.006422,0.012796,2.099092,0.002535,0.100488
2481,1790556213.813824415,2.356886,0,0,0.009371,0.000274,0.053886,2.118117,0.006698,0.014852,2.103265,0.002324,0.080286
2482,1790556213.914044380,2.266152,0,0,0.018683,0.000276,0.057476,2.037305,0.006112,0.015238,2.022067,0.002573,0.069054
2483,1790556214.014238834,2.394359,0,0,0.013093,0.000499,0.085298,2.119658,0.006211,0.013610,2.106048,0.002832,0.072166
2484,1790556214.214624882,2.492419,0,0,0.009413,0.000359,0.059943,2.266992,0.006246,0.013340,2.253652,0.002473,0.070754
2485,1790556214.415008545,2.291194,0,0,0.011427,0.000233,0.062756,2.081501,0.006055,0.013435,2.068066,0.002763,0.067858
2486,1790556214.515232801,2.508729,0,0,0.009183,0.000332,0.052640,2.147647,0.012857,0.021065,2.126582,0.006647,0.126330
2487,1790556214.815838099,3.340245,0,0,0.012210,0.000387,0.108808,2.614898,0.027389,0.042337,2.572561,0.128346,0.198352
2488,1790556215.216604233,2.803475,0,0,0.008846,0.000270,0.076527,2.549367,0.006258,0.014122,2.535245,0.002328,0.085683
2489,1790556215.317005634,2.866483,0,0,0.008643,0.000261,0.099922,2.576619,0.006536,0.015413,2.561206,0.002807,0.092971
2490,1790556215.417017937,2.672241,0,0,0.012797,0.000367,0.092472,2.394009,0.006263,0.015355,2.378654,0.002504,0.080623
2491,1790556215.517195940,3.148353,0,0,0.007195,0.000276,0.101440,2.873214,0.007867,0.017798,2.855416,0.003342,0.070731
2492,1790556215.617342710,2.960614,0,0,0.010270,0.000271,0.060266,2.676584,0.005862,0.036371,2.640213,0.003126,0.097288
2493,1790556215.717561007,2.566742,0,0,0.009062,0.000260,0.111490,2.285532,0.006156,0.015905,2.269627,0.002560,0.072372
2494,1790556215.917960644,2.748276,0,0,0.010835,0.000325,0.059757,2.184784,0.014741,0.029312,2.155472,0.008197,0.176426
2495,1790556216.018167734,2.462984,0,0,0.009367,0.000260,0.073904,2.221055,0.005873,0.011555,2.209500,0.002400,0.077579
2496,1790556216.118380547,2.388686,0,0,0.008425,0.000282,0.064535,2.177128,0.006071,0.014148,2.162980,0.002529,0.066071
2497,1790556216.218558788,2.992788,0,0,0.012171,0.000221,0.056880,2.562088,0.014535,0.027398,2.534690,0.004827,0.169587
2498,1790556216.318776369,2.739517,0,0,0.009498,0.000199,0.057335,2.501147,0.006490,0.021286,2.479861,0.002837,0.079134
2499,1790556216.418956757,2.323287,0,0,0.009125,0.000278,0.050487,2.037821,0.010585,0.021043,2.016778,0.004118,0.090191
2500,1790556216.519109726,2.771188,0,0,0.012448,0.000352,0.068892,2.426616,0.010237,0.018865,2.407751,0.004994,0.117582
2501,1790556216.619323969,2.374409,0,0,0.008678,0.000345,0.060017,2.159694,0.006405,0.014203,2.145491,0.002445,0.066926
2502,1790556216.719572067,2.400026,0,0,0.023385,0.000823,0.137516,2.109392,0.005626,0.012256,2.097136,0.002574,0.064484
2503,1790556217.020159960,2.933431,0,0,0.005839,0.000303,0.054126,2.643311,0.009238,0.021591,2.621720,0.005312,0.093922
2504,1790556217.120319128,2.779731,0,0,0.017413,0.000226,0.065022,2.547725,0.006384,0.015064,2.532661,0.002392,0.069024
2505,1790556217.220555067,2.712352,0,0,0.010757,0.000250,0.125695,2.416936,0.006981,0.015892,2.401044,0.003102,0.069589
2506,1790556217.320717573,2.425215,0,0,0.008280,0.000249,0.053474,2.220962,0.005533,0.013057,2.207905,0.003128,0.069488
2507,1790556217.420935392,2.860381,0,0,0.006586,0.000160,0.049423,2.657365,0.006792,0.013697,2.643668,0.002557,0.070766
2508,1790556217.521132708,2.799948,0,0,0.008260,0.000274,0.057756,2.582497,0.019154,0.013449,2.569048,0.003330,0.064152
2509,1790556217.621304989,2.751153,0,0,0.008390,0.000230,0.089235,2.489006,0.006235,0.017577,2.471429,0.002496,0.082142
2510,1790556217.721527100,2.518699,0,0,0.010484,0.000552,0.063713,2.253646,0.005126,0.012979,2.240667,0.002686,0.109690
2511,1790556217.821702242,2.636414,0,0,0.008082,0.000535,0.069630,2.407773,0.021121,0.011681,2.396092,0.002252,0.060529
2512,1790556217.921902895,2.677541,0,0,0.009847,0.000198,0.095545,2.461800,0.004739,0.010911,2.450889,0.002068,0.058205
2513,1790556218.022085428,2.390321,0,0,0.005824,0.000168,0.049767,2.222194,0.004968,0.011185,2.211009,0.001951,0.059532
2514,1790556218.122282028,2.425774,0,0,0.008743,0.000253,0.060054,2.194426,0.006754,0.013215,2.181211,0.002205,0.083577
2515,1790556218.222454309,2.563974,0,0,0.014038,0.000321,0.066869,2.308744,0.006455,0.015753,2.292991,0.002666,0.089320
2516,1790556218.322689772,2.213325,0,0,0.006616,0.000211,0.064746,2.008706,0.005785,0.013261,1.995445,0.002737,0.067471
2517,1790556218.422869444,2.438915,0,0,0.007168,0.000382,0.057238,2.217956,0.005724,0.025442,2.192514,0.002105,0.083906
2518,1790556218.523096800,2.341924,0,0,0.006951,0.000232,0.051748,2.108297,0.008106,0.015458,2.092839,0.002552,0.092276
2519,1790556218.623296738,2.406937,0,0,0.007259,0.000258,0.055766,2.193616,0.006375,0.012775,2.180841,0.002336,0.078810
2520,1790556218.723511219,2.288519,0,0,0.007512,0.000357,0.054069,2.053881,0.006995,0.017312,2.036569,0.002530,0.072149
2521,1790556219.124276638,2.446281,0,0,0.007419,0.000296,0.068765,2.211351,0.006606,0.013598,2.197753,0.002537,0.079568
2522,1790556219.224416256,2.555288,0,0,0.007923,0.000191,0.056332,2.310855,0.006405,0.013993,2.296862,0.002458,0.093467
2523,1790556219.324676037,2.719517,0,0,0.009769,0.000308,0.071452,2.370006,0.007103,0.018811,2.351195,0.003066,0.165491
2524,1790556219.424860001,2.329357,0,0,0.007708,0.000263,0.050924,2.077807,0.008445,0.014021,2.063786,0.004064,0.078231
2525,1790556219.525070906,2.175128,0,0,0.011909,0.000316,0.066613,1.952272,0.007546,0.017490,1.934782,0.002540,0.066590
2526,1790556219.625226974,2.346386,0,0,0.008487,0.000247,0.057552,2.080553,0.009654,0.020750,2.059803,0.004140,0.098800
2527,1790556219.725438833,2.455964,0,0,0.010734,0.000339,0.067655,2.175081,0.007082,0.031005,2.144076,0.002645,0.070664
2528,1790556219.825665474,2.333315,0,0,0.008332,0.000287,0.053557,2.017631,0.010764,0.035057,1.982574,0.004543,0.131567
2529,1790556219.925828934,2.484862,0,0,0.009078,0.000405,0.053916,2.212647,0.007558,0.033580,2.179067,0.003089,0.075384
2530,1790556220.026048660,2.515463,0,0,0.009625,0.000201,0.055329,2.143468,0.010379,0.026672,2.116796,0.007624,0.124201
2531,1790556220.226444960,2.521095,0,0,0.008257,0.000233,0.053198,2.298893,0.006391,0.015418,2.283475,0.002731,0.075664
2532,1790556220.326663733,2.279372,0,0,0.008888,0.000318,0.057181,2.038918,0.019368,0.014588,2.024330,0.002786,0.081694
2533,1790556220.426811457,3.240971,0,0,0.011837,0.000292,0.075849,2.730586,0.017206,0.045751,2.684835,0.006692,0.190903
2534,1790556220.627236128,2.472219,0,0,0.009438,0.000565,0.056971,2.128835,0.012926,0.025201,2.103634,0.004453,0.089028
2535,1790556220.727599382,2.628251,0,0,0.006132,0.000249,0.051010,2.231043,0.010652,0.018610,2.212433,0.004185,0.131274
2536,1790556220.827598572,2.667446,0,0,0.006362,0.000227,0.050016,2.282322,0.007510,0.019244,2.263078,0.021190,0.131677
2537,1790556220.927779675,2.226232,0,0,0.006760,0.000169,0.056279,1.991848,0.006509,0.015494,1.976354,0.002931,0.081098
2538,1790556221.027956724,2.413585,0,0,0.005925,0.000175,0.071591,2.190314,0.006487,0.014280,2.176034,0.002895,0.064254
2539,1790556221.128177166,2.267010,0,0,0.008529,0.000301,0.051077,2.003134,0.005897,0.012517,1.990617,0.002693,0.128659
2540,1790556221.228372335,2.619663,0,0,0.008979,0.000389,0.073686,2.319057,0.009266,0.034235,2.284822,0.004562,0.110055
2541,1790556221.328602076,2.538899,0,0,0.009678,0.000259,0.054806,2.317270,0.006061,0.013927,2.303343,0.002707,0.089833
2542,1790556221.428794146,2.380637,0,0,0.009356,0.000600,0.053531,2.187887,0.005592,0.012804,2.175083,0.002422,0.062858
2543,1790556221.528966665,2.423281,0,0,0.006072,0.000241,0.048989,2.208402,0.004629,0.011066,2.197336,0.002132,0.105457
2544,1790556221.629192114,2.573987,0,0,0.006336,0.000242,0.049110,2.402223,0.005322,0.011658,2.390565,0.002127,0.060581
2545,1790556221.729388475,2.804596,0,0,0.006467,0.000186,0.053220,2.592113,0.005100,0.011867,2.580246,0.002297,0.091687
2546,1790556221.829590321,2.734497,0,0,0.016963,0.000267,0.101514,2.451265,0.008504,0.018596,2.432669,0.003886,0.080572
2547,1790556221.929780960,2.389299,0,0,0.008211,0.000295,0.057585,2.133533,0.007000,0.016067,2.117466,0.003241,0.083682
2548,1790556222.029982090,2.284106,0,0,0.006387,0.000230,0.049017,2.049806,0.006250,0.013751,2.036055,0.002681,0.096972
2549,1790556222.130145788,2.500417,0,0,0.007283,0.000269,0.051007,2.233235,0.008447,0.017789,2.215446,0.003094,0.115298
2550,1790556222.330518723,2.518411,0,0,0.007698,0.000342,0.051935,2.214117,0.007857,0.015897,2.198220,0.003581,0.110306
2551,1790556222.430783272,2.177484,0,0,0.012455,0.000258,0.069212,1.979501,0.005350,0.011555,1.967946,0.002257,0.060033
2552,1790556222.530945778,2.319726,0,0,0.009625,0.000289,0.065967,2.102218,0.005560,0.012024,2.090194,0.002308,0.074337
2553,1790556222.631173134,2.481335,0,0,0.006543,0.000270,0.052618,2.274317,0.005002,0.012531,2.261786,0.002036,0.075927
2554,1790556222.731324911,2.414729,0,0,0.005975,0.000246,0.050354,2.228660,0.005529,0.014856,2.213804,0.002198,0.060872
2555,1790556222.831547499,2.542593,0,0,0.006749,0.000197,0.050640,2.331074,0.006240,0.011739,2.319335,0.002170,0.077601
2556,1790556222.931710243,2.593806,0,0,0.007373,0.000166,0.051573,2.368814,0.005592,0.013072,2.355742,0.002320,0.095979
2557,1790556223.031958580,2.635317,0,0,0.007825,0.000270,0.051675,2.414473,0.007059,0.018666,2.395807,0.002672,0.078537
2558,1790556223.132148027,2.510520,0,0,0.007919,0.000256,0.054803,2.299361,0.006272,0.014497,2.284864,0.002481,0.064378
2559,1790556223.232345581,2.798399,0,0,0.007940,0.000271,0.052461,2.580767,0.006693,0.012655,2.568112,0.002341,0.081038
2560,1790556223.332514524,2.734197,0,0,0.008907,0.000229,0.063382,2.512135,0.006297,0.013056,2.499079,0.002664,0.071663
2561,1790556223.432738066,2.636376,0,0,0.009332,0.000326,0.063452,2.412263,0.006693,0.015342,2.396921,0.002771,0.063336
2562,1790556223.532943964,2.468044,0,0,0.008402,0.000703,0.051398,2.261039,0.005540,0.013450,2.247589,0.003093,0.068059
2563,1790556223.633098841,3.040677,0,0,0.013382,0.000722,0.082384,2.775811,0.006627,0.013914,2.761897,0.002650,0.086070
2564,1790556223.733314276,2.683286,0,0,0.007829,0.000322,0.049230,2.461824,0.007433,0.016749,2.445075,0.002875,0.078124
2565,1790556223.833463907,2.531153,0,0,0.009692,0.000226,0.057578,2.273814,0.008798,0.018708,2.255106,0.003940,0.086065
2566,1790556224.033895731,2.275403,0,0,0.014300,0.000302,0.075771,2.022746,0.006263,0.014195,2.008551,0.002493,0.077179
2567,1790556224.134112358,2.326085,0,0,0.010482,0.000225,0.064938,2.086489,0.006810,0.015323,2.071166,0.003350,0.074211
2568,1790556224.234306574,2.280547,0,0,0.009106,0.000224,0.096693,2.033190,0.005946,0.013438,2.019752,0.002297,0.067682
2569,1790556224.434709549,2.226042,0,0,0.009151,0.000223,0.055210,2.009785,0.005504,0.011716,1.998069,0.002253,0.062793
2570,1790556224.534893036,2.278741,0,0,0.008751,0.000221,0.051302,2.072134,0.005543,0.011836,2.060298,0.002298,0.069737
2571,1790556224.635090828,2.336056,0,0,0.009124,0.000260,0.050846,2.123720,0.005817,0.015774,2.107946,0.002391,0.073776
2572,1790556224.735297680,2.286665,0,0,0.009676,0.000228,0.053463,2.051535,0.005548,0.011839,2.039696,0.002310,0.091406
2573,1790556224.835455418,2.896906,0,0,0.010876,0.000368,0.065838,2.547552,0.014779,0.020854,2.526698,0.004256,0.113507
2574,1790556224.935660124,2.579407,0,0,0.015645,0.000528,0.087508,2.288218,0.008516,0.018895,2.269323,0.003961,0.080938
2575,1790556225.035848141,2.264451,0,0,0.013376,0.000433,0.103770,2.014223,0.005444,0.012357,2.001866,0.002159,0.074697
2576,1790556225.136047602,2.435426,0,0,0.012631,0.000266,0.069302,2.194100,0.006207,0.011616,2.182484,0.002584,0.101403
2577,1790556225.236240387,2.496315,0,0,0.008731,0.000270,0.051709,2.305762,0.005449,0.011888,2.293874,0.002035,0.068268
2578,1790556225.336420536,2.603702,0,0,0.012937,0.000199,0.064672,2.404872,0.005385,0.011354,2.393518,0.002382,0.063716
2579,1790556225.436613560,2.578883,0,0,0.008253,0.000249,0.053030,2.378192,0.007739,0.014738,2.363454,0.003281,0.062924
2580,1790556225.536857367,2.645306,0,0,0.018426,0.000290,0.062133,2.422044,0.007347,0.012604,2.409440,0.002912,0.069258
2581,1790556225.637033939,2.275147,0,0,0.009371,0.000243,0.050896,2.083884,0.005359,0.012901,2.070983,0.002176,0.062161
2582,1790556225.737228632,2.674978,0,0,0.013800,0.000421,0.054773,2.420532,0.010838,0.020263,2.400269,0.003540,0.075475
2583,1790556225.837424994,2.641231,0,0,0.026146,0.000244,0.054045,2.418210,0.006206,0.013823,2.404387,0.002338,0.066731
2584,1790556225.937644482,2.524938,0,0,0.008934,0.000307,0.057333,2.311543,0.006191,0.013444,2.298099,0.002266,0.076534
2585,1790556226.037857771,2.572065,0,0,0.009230,0.000219,0.053326,2.334027,0.007930,0.028804,2.305223,0.003636,0.084286
2586,1790556226.138001442,2.577469,0,0,0.009659,0.000576,0.054458,2.344838,0.007083,0.013884,2.330954,0.002884,0.079812
2587,1790556226.238232613,2.246675,0,0,0.008509,0.000474,0.053012,2.040093,0.006253,0.013492,2.026601,0.002875,0.064813
2588,1790556226.438595295,2.412907,0,0,0.006130,0.000231,0.050342,2.198147,0.005798,0.011488,2.186659,0.002250,0.063199
2589,1790556226.538794041,2.359323,0,0,0.010307,0.000249,0.055303,2.113885,0.008394,0.012462,2.101423,0.002661,0.065371
2590,1790556226.639011860,2.809111,0,0,0.010465,0.000404,0.087465,2.537074,0.005488,0.014836,2.522238,0.002604,0.064463
2591,1790556226.739223957,2.597814,0,0,0.008024,0.000602,0.066697,2.337854,0.008363,0.017408,2.320446,0.003067,0.098158
2592,1790556226.839375019,2.547826,0,0,0.006893,0.000247,0.047201,2.328525,0.006238,0.018833,2.309692,0.002980,0.094083
2593,1790556226.939609289,2.508906,0,0,0.013647,0.000543,0.077997,2.191929,0.008988,0.024309,2.167620,0.004768,0.103448
2594,1790556227.039811611,2.333923,0,0,0.008568,0.000337,0.068889,2.080735,0.007888,0.015521,2.065214,0.003417,0.083881
2595,1790556227.140002728,2.408031,0,0,0.006315,0.000288,0.050450,2.121104,0.006120,0.012902,2.108202,0.002569,0.121088
2596,1790556227.240165949,2.277125,0,0,0.007370,0.000300,0.054274,1.992245,0.005387,0.013284,1.978961,0.002482,0.083121
2597,1790556227.340336084,2.754490,0,0,0.007689,0.000276,0.063966,2.443243,0.023812,0.020677,2.422566,0.002586,0.115354
2598,1790556227.440613747,2.324492,0,0,0.007358,0.000282,0.055438,2.119539,0.005756,0.012249,2.107290,0.002685,0.063847
2599,1790556227.540759325,2.456981,0,0,0.007822,0.000232,0.056516,2.225626,0.008347,0.015632,2.209994,0.003844,0.082332
2600,1790556227.640990257,2.644220,0,0,0.024183,0.000665,0.131376,2.341944,0.006068,0.015441,2.326503,0.003180,0.068380
2601,1790556227.741195917,2.848560,0,0,0.009695,0.000277,0.055067,2.641419,0.007045,0.013337,2.628082,0.002724,0.063899
2602,1790556227.841381550,2.430935,0,0,0.008071,0.000199,0.049732,2.236602,0.005872,0.013541,2.223061,0.002692,0.067080
2603,1790556227.941557646,2.431283,0,0,0.010344,0.000634,0.067845,2.146537,0.007579,0.018019,2.128518,0.003928,0.100468
2604,1790556228.041742802,2.466908,0,0,0.007852,0.000250,0.050920,2.256665,0.007705,0.017303,2.239362,0.003642,0.066796
2605,1790556228.141975641,5.529350,0,0,0.008593,0.000193,0.068739,5.307912,0.005651,0.012460,5.295452,0.002224,0.081440
2606,1790556228.242158413,2.881809,0,0,0.007220,0.000250,0.056792,2.662109,0.006887,0.014831,2.647278,0.002350,0.069357
2607,1790556228.342328072,3.025814,0,0,0.006841,0.000256,0.053206,2.722002,0.007893,0.017204,2.704798,0.002735,0.125865
2608,1790556228.442579269,2.726698,0,0,0.009680,0.000292,0.065680,2.486450,0.005916,0.013190,2.473260,0.002386,0.092045
2609,1790556228.642927885,2.562061,0,0,0.007129,0.000227,0.048596,2.359405,0.006513,0.013118,2.346287,0.002399,0.066176
2610,1790556228.743155003,2.199485,0,0,0.008440,0.000269,0.055255,1.941125,0.008006,0.014389,1.926736,0.003748,0.096457
2611,1790556229.043745518,2.324650,0,0,0.008934,0.000244,0.051956,2.126738,0.005789,0.014210,2.112528,0.002618,0.065504
2612,1790556229.244121790,2.357264,0,0,0.012887,0.000211,0.072841,2.103309,0.006263,0.013510,2.089799,0.002609,0.085979
2613,1790556229.544697523,2.297128,0,0,0.008236,0.000167,0.051344,2.109875,0.005971,0.012358,2.097517,0.002366,0.065425
2614,1790556229.644923210,2.515393,0,0,0.010327,0.000225,0.056021,2.277860,0.007193,0.015927,2.261933,0.002712,0.077675
2615,1790556229.745081186,2.280733,0,0,0.011943,0.000293,0.057852,2.044033,0.006554,0.015483,2.028550,0.002982,0.076947
2616,1790556229.845301151,2.187706,0,0,0.008714,0.000212,0.060004,1.981200,0.006473,0.013445,1.967755,0.002591,0.064860
2617,1790556229.945447683,2.272335,0,0,0.009040,0.000260,0.051439,2.001228,0.005929,0.016360,1.984868,0.002761,0.114986
2618,1790556230.045679092,2.413600,0,0,0.008888,0.000279,0.052316,2.148786,0.006207,0.014283,2.134503,0.002991,0.116476
2619,1790556230.145892143,2.368798,0,0,0.013136,0.000308,0.074822,2.116404,0.006181,0.013107,2.103297,0.002404,0.083731
2620,1790556230.246563435,3.134482,0,0,0.013109,0.000530,0.081580,2.741134,0.012568,0.029192,2.711942,0.006381,0.125249
2621,1790556230.346264362,2.590730,0,0,0.007955,0.000242,0.062777,2.368006,0.007186,0.015946,2.352060,0.002748,0.069429
2622,1790556230.546727657,2.526382,0,0,0.008980,0.000288,0.054170,2.286464,0.006639,0.015329,2.271135,0.002886,0.080895
2623,1790556230.646858454,2.339092,0,0,0.009448,0.000280,0.056151,2.131101,0.006621,0.013761,2.117340,0.002310,0.062727
2624,1790556230.847243786,2.568441,0,0,0.011715,0.000439,0.070545,2.302600,0.005995,0.015100,2.287500,0.002490,0.077683
2625,1790556230.947436571,3.043562,0,0,0.005998,0.000240,0.054417,2.713649,0.009883,0.027729,2.685920,0.004557,0.121654
2626,1790556231.047650814,2.786067,0,0,0.012141,0.000701,0.085043,2.493376,0.007002,0.016799,2.476577,0.002825,0.089146
2627,1790556231.147843599,2.789322,0,0,0.005659,0.000264,0.050450,2.504175,0.009139,0.021226,2.482949,0.003134,0.093532
2628,1790556231.248052120,2.358760,0,0,0.006010,0.000196,0.049587,2.079640,0.008427,0.027547,2.052093,0.004322,0.102225
2629,1790556231.448444843,2.490906,0,0,0.008531,0.000289,0.049183,2.256969,0.007244,0.018516,2.238453,0.003923,0.087900
2630,1790556231.648815632,2.373673,0,0,0.008072,0.000258,0.049020,2.096650,0.008029,0.019382,2.077268,0.003535,0.099327
2631,1790556231.849182606,3.054936,0,0,0.009933,0.000311,0.062726,2.790186,0.007735,0.019387,2.770799,0.003555,0.083637
2632,1790556232.149805307,2.827880,0,0,0.010882,0.000245,0.056083,2.564255,0.010260,0.023829,2.540426,0.004180,0.080541
2633,1790556232.350214005,3.094780,0,0,0.007991,0.000275,0.053063,2.854587,0.006561,0.015449,2.839138,0.002302,0.065534
2634,1790556232.450388432,2.926280,0,0,0.006715,0.000271,0.059721,2.673384,0.006673,0.015722,2.657662,0.002424,0.095683
2635,1790556232.550607920,3.000028,0,0,0.007003,0.000284,0.048918,2.783875,0.005806,0.014069,2.769806,0.002536,0.070101
2636,1790556232.650805950,2.615116,0,0,0.008051,0.000293,0.056267,2.359765,0.010976,0.016507,2.343258,0.003399,0.074059
2637,1790556232.851180553,2.828828,0,0,0.010204,0.000346,0.060384,2.591582,0.006830,0.016415,2.575167,0.002804,0.070307
2638,1790556232.951371431,2.669776,0,0,0.009703,0.000387,0.064312,2.384049,0.006855,0.025947,2.358102,0.002526,0.102381
2639,1790556233.151796579,2.467970,0,0,0.009332,0.000285,0.051447,2.195542,0.008881,0.021758,2.173784,0.003588,0.086770
2640,1790556233.352160692,2.923186,0,0,0.011308,0.000271,0.058976,2.655888,0.006272,0.015057,2.640831,0.002608,0.082716
2641,1790556233.452380419,2.214027,0,0,0.008769,0.000242,0.054952,1.994268,0.005241,0.013568,1.980700,0.002634,0.094805
2642,1790556233.552608013,2.950210,0,0,0.021191,0.000250,0.050279,2.717763,0.006611,0.015851,2.701912,0.002630,0.068058
2643,1790556233.652726889,2.989186,0,0,0.012783,0.000521,0.104513,2.674569,0.007020,0.032809,2.641760,0.002912,0.079784
2644,1790556233.752954483,2.760925,0,0,0.005914,0.000162,0.048793,2.539781,0.007057,0.015819,2.523962,0.003020,0.073532
2645,1790556233.853130102,2.510636,0,0,0.006832,0.000177,0.052233,2.262153,0.007908,0.019280,2.242873,0.003417,0.094373
2646,1790556234.053567648,2.368077,0,0,0.008102,0.000618,0.050428,2.188017,0.005650,0.011634,2.176383,0.002201,0.064659
2647,1790556234.153782129,2.211666,0,0,0.008372,0.000229,0.047454,2.032473,0.005810,0.012494,2.019979,0.002155,0.062610
2648,1790556234.253972769,2.448934,0,0,0.008812,0.000363,0.054428,2.248007,0.007047,0.012591,2.235416,0.002289,0.066735
2649,1790556234.354154825,2.566262,0,0,0.009006,0.000319,0.059708,2.360695,0.005785,0.013391,2.347304,0.002775,0.063753
2650,1790556234.454424620,2.183252,0,0,0.020781,0.000297,0.050012,1.999274,0.005334,0.011051,1.988223,0.002585,0.057405
2651,1790556234.654719591,2.293920,0,0,0.015423,0.000638,0.082566,2.022834,0.006232,0.014503,2.008331,0.002712,0.078817
2652,1790556234.855141878,2.249724,0,0,0.013403,0.000511,0.064359,1.991109,0.005602,0.012947,1.978162,0.002830,0.079813
2653,1790556234.955331087,2.312694,0,0,0.005926,0.000273,0.049261,2.118171,0.005978,0.012489,2.105682,0.002460,0.058501
2654,1790556235.055524349,2.496116,0,0,0.006672,0.000213,0.050402,2.150954,0.025927,0.015412,2.135542,0.003013,0.138014
2655,1790556235.255899429,2.241540,0,0,0.006022,0.000268,0.051949,2.038131,0.005945,0.013397,2.024734,0.002535,0.071467
2656,1790556235.356094122,2.443592,0,0,0.009138,0.000256,0.056961,2.221492,0.006401,0.015642,2.205850,0.002253,0.069057
2657,1790556235.456280947,2.638636,0,0,0.008673,0.000343,0.051702,2.426833,0.006214,0.012821,2.414012,0.002450,0.070942
2658,1790556235.556478739,2.646044,0,0,0.008958,0.000238,0.053695,2.397655,0.021855,0.014227,2.383428,0.002428,0.077307
2659,1790556235.656718493,3.230705,0,0,0.018776,0.000262,0.056120,2.916272,0.006468,0.014893,2.901379,0.002583,0.149241
2660,1790556235.756907463,3.034350,0,0,0.012240,0.000294,0.092779,2.685296,0.006441,0.014578,2.670718,0.002780,0.103180
2661,1790556235.857102156,3.016831,0,0,0.006429,0.000291,0.052686,2.797647,0.005876,0.015322,2.782325,0.002849,0.071913
2662,1790556235.957267284,3.078923,0,0,0.007364,0.000201,0.053418,2.776780,0.005857,0.015718,2.761062,0.002468,0.125222
2663,1790556236.057467937,2.694588,0,0,0.008909,0.000338,0.062653,2.460084,0.006443,0.015375,2.444709,0.002397,0.072825
2664,1790556236.157662630,3.113106,0,0,0.007288,0.000238,0.061107,2.846685,0.006287,0.014633,2.832052,0.002746,0.114645
2665,1790556236.257857800,2.823634,0,0,0.007274,0.000238,0.050418,2.601449,0.006461,0.015367,2.586082,0.002685,0.076231
2666,1790556236.358079433,2.917904,0,0,0.012046,0.000459,0.067847,2.665791,0.005945,0.015038,2.650753,0.002520,0.075457
2667,1790556236.458255529,2.922663,0,0,0.013620,0.000361,0.123209,2.614143,0.006779,0.018748,2.595395,0.002852,0.074687
2668,1790556236.558426619,2.920926,0,0,0.010639,0.000293,0.056025,2.601624,0.008304,0.018853,2.582771,0.003552,0.132681
2669,1790556236.658692122,3.245123,0,0,0.008167,0.000230,0.060960,2.875754,0.010568,0.046759,2.828995,0.003792,0.095655
2670,1790556236.758878946,2.585102,0,0,0.009703,0.000267,0.066529,2.329184,0.007621,0.020632,2.308552,0.003389,0.076968
2671,1790556236.859041691,2.219407,0,0,0.012379,0.000198,0.051700,2.024116,0.005415,0.012555,2.011561,0.002854,0.065121
2672,1790556237.059466124,2.526468,0,0,0.007795,0.000278,0.064810,2.278278,0.007408,0.019126,2.259152,0.002932,0.077685
2673,1790556237.159626961,2.375454,0,0,0.007099,0.000300,0.051458,2.167101,0.005882,0.014069,2.153032,0.002625,0.069251
2674,1790556237.259826422,2.401942,0,0,0.006956,0.000231,0.053870,2.115665,0.023033,0.036673,2.078992,0.003622,0.065664
2675,1790556237.359991074,2.536320,0,0,0.008701,0.000355,0.060984,2.270640,0.005794,0.013081,2.257559,0.002553,0.074590
2676,1790556237.460191488,2.352464,0,0,0.009207,0.000258,0.056483,2.103877,0.006931,0.017865,2.086012,0.002911,0.077188
2677,1790556237.560410261,2.380035,0,0,0.007700,0.000322,0.054131,2.129901,0.007235,0.016927,2.112974,0.002785,0.093542
2678,1790556237.660598516,2.338141,0,0,0.006438,0.000191,0.052761,2.129667,0.005635,0.014460,2.115207,0.003231,0.069967
2679,1790556237.760837078,2.272667,0,0,0.007576,0.000238,0.057512,2.074999,0.005277,0.011924,2.063075,0.002807,0.066334
2680,1790556237.861021042,2.427628,0,0,0.009263,0.000250,0.057155,2.158745,0.011939,0.017173,2.141572,0.003593,0.087706
2681,1790556237.961218596,2.316985,0,0,0.007603,0.000230,0.050758,2.098636,0.005695,0.016809,2.081827,0.003340,0.091085
2682,1790556238.061400890,2.363667,0,0,0.008085,0.000212,0.052066,2.095355,0.026637,0.012801,2.082554,0.003126,0.084649
2683,1790556238.161656141,2.417883,0,0,0.006868,0.000175,0.050916,2.131920,0.006090,0.012256,2.119664,0.002711,0.112758
2684,1790556238.261844635,2.241190,0,0,0.007719,0.000254,0.049237,2.051211,0.004599,0.010592,2.040619,0.002441,0.075412
2685,1790556238.361963987,2.714549,0,0,0.007948,0.000234,0.059368,2.459937,0.006701,0.018043,2.441894,0.003113,0.106774
2686,1790556238.462205172,2.219228,0,0,0.008550,0.000242,0.053504,2.019503,0.005209,0.012685,2.006818,0.002660,0.078967
2687,1790556238.562409401,2.321311,0,0,0.013847,0.000440,0.077475,2.063658,0.005489,0.011684,2.051974,0.002302,0.107908
2688,1790556238.662553072,2.470714,0,0,0.008233,0.000219,0.051906,2.287965,0.004925,0.011700,2.276265,0.002598,0.065414
2689,1790556238.762812853,3.019060,0,0,0.022167,0.000510,0.121795,2.726871,0.006332,0.015069,2.711802,0.002837,0.068588
2690,1790556238.862971067,2.363971,0,0,0.007976,0.000220,0.063428,2.094720,0.008010,0.017373,2.077347,0.004541,0.103233
2691,1790556238.963188410,2.244578,0,0,0.010230,0.000218,0.052990,1.995241,0.005206,0.012099,1.983142,0.002471,0.069562
2692,1790556239.063398361,2.803685,0,0,0.018625,0.000317,0.074368,2.560014,0.006369,0.015419,2.544595,0.002951,0.066741
2693,1790556239.263762236,2.733745,0,0,0.008343,0.000215,0.116156,2.424312,0.005981,0.014685,2.409627,0.016531,0.066574
2694,1790556239.464141607,2.339209,0,0,0.008034,0.000260,0.049680,2.072893,0.008785,0.018453,2.054440,0.004520,0.103457
2695,1790556239.564349413,2.660877,0,0,0.011953,0.000186,0.105266,2.410901,0.005982,0.013167,2.397734,0.002335,0.064673
2696,1790556239.764715672,2.396255,0,0,0.013698,0.000431,0.078273,2.183383,0.005240,0.011664,2.171719,0.002105,0.063448
2697,1790556239.864919186,2.286225,0,0,0.007936,0.000653,0.052512,2.053167,0.007817,0.016416,2.036751,0.003963,0.075686
2698,1790556239.965133667,2.162496,0,0,0.009547,0.000279,0.053456,1.954577,0.008762,0.013594,1.940983,0.003356,0.069449
2699,1790556240.065337658,2.299678,0,0,0.008923,0.000269,0.053769,2.088183,0.006100,0.013937,2.074246,0.002678,0.070641
2700,1790556240.165534735,2.445400,0,0,0.010326,0.000278,0.081237,2.188293,0.006565,0.013769,2.174524,0.003146,0.081672
2701,1790556240.265723228,2.188768,0,0,0.009145,0.000246,0.056103,1.982192,0.006216,0.013206,1.968986,0.002750,0.066987
2702,1790556240.365917683,2.160517,0,0,0.009252,0.000283,0.053188,1.958694,0.005600,0.012441,1.946253,0.002299,0.068410
2703,1790556240.466121674,2.323805,0,0,0.009054,0.000210,0.054723,2.062671,0.005334,0.012655,2.050016,0.003399,0.099299
2704,1790556240.566362143,2.207165,0,0,0.007896,0.000242,0.052038,1.994938,0.005921,0.013006,1.981932,0.002313,0.071780
2705,1790556240.666529894,2.432578,0,0,0.007602,0.000238,0.052668,2.135629,0.010965,0.022726,2.112903,0.004656,0.101835
2706,1790556240.766689301,2.927497,0,0,0.007294,0.000197,0.050562,2.712225,0.006397,0.018218,2.694007,0.002633,0.069609
2707,1790556240.866907120,2.202342,0,0,0.008066,0.000300,0.051789,2.027624,0.004997,0.011467,2.016157,0.002343,0.061154
2708,1790556240.967144012,2.410103,0,0,0.011093,0.000270,0.075603,2.135840,0.005283,0.010759,2.125081,0.002409,0.134636
2709,1790556241.067328215,2.481250,0,0,0.009020,0.000216,0.050390,2.308424,0.005003,0.011149,2.297275,0.001981,0.058760
2710,1790556241.167525053,2.290429,0,0,0.006483,0.000190,0.052891,2.017975,0.008286,0.017288,2.000687,0.003564,0.108623
2711,1790556241.568283796,2.410670,0,0,0.005895,0.000248,0.049178,2.169567,0.005363,0.025780,2.143787,0.002353,0.113949
2712,1790556241.668511391,2.879704,0,0,0.013791,0.000346,0.066841,2.633647,0.006408,0.016348,2.617299,0.002790,0.079792
2713,1790556241.768643141,2.983831,0,0,0.007725,0.000271,0.051761,2.549151,0.014619,0.027305,2.521846,0.005908,0.166772
2714,1790556241.868893623,2.499550,0,0,0.007886,0.000204,0.050590,2.130401,0.012334,0.022915,2.107486,0.005505,0.137178
2715,1790556241.969066381,2.331556,0,0,0.007737,0.000276,0.050046,2.106947,0.005914,0.013092,2.093855,0.002531,0.095692
2716,1790556242.069266319,2.460377,0,0,0.008096,0.000238,0.051761,2.042437,0.008155,0.018856,2.023581,0.003365,0.208761
2717,1790556242.169465780,2.474852,0,0,0.007100,0.000273,0.063848,2.229024,0.006707,0.017332,2.211692,0.002888,0.080776
2718,1790556242.269651890,2.630131,0,0,0.008678,0.000213,0.052626,2.360075,0.009357,0.021555,2.338520,0.004264,0.076571
2719,1790556242.369875431,2.842203,0,0,0.009115,0.000232,0.052628,2.526226,0.012582,0.027074,2.499152,0.004273,0.093914
2720,1790556242.470050097,2.684406,0,0,0.008219,0.000220,0.052673,2.356049,0.021143,0.049578,2.306471,0.009174,0.081240
2721,1790556242.570238352,2.361019,0,0,0.007417,0.000306,0.051109,2.120688,0.006525,0.018927,2.101761,0.003031,0.086903
2722,1790556242.670433998,2.485740,0,0,0.025902,0.000370,0.084576,2.166942,0.005525,0.011656,2.155286,0.002625,0.124521
2723,1790556242.770642519,2.273048,0,0,0.007742,0.000295,0.052257,2.091415,0.005058,0.012027,2.079388,0.002156,0.060396
2724,1790556242.870837688,2.208703,0,0,0.020871,0.000207,0.050312,2.008730,0.006081,0.012302,1.996428,0.002652,0.062493
2725,1790556242.971036196,2.358970,0,0,0.007995,0.000210,0.069964,2.148020,0.005600,0.012516,2.135504,0.002369,0.064025
2726,1790556243.071340084,2.341169,0,0,0.007348,0.000234,0.047737,2.067848,0.007416,0.035338,2.032510,0.003422,0.117847
2727,1790556243.171395302,2.869688,0,0,0.008594,0.000262,0.061682,2.573389,0.009418,0.020783,2.552606,0.003524,0.100833
2728,1790556243.271620274,2.666303,0,0,0.008528,0.000185,0.067472,2.458923,0.007428,0.016451,2.442472,0.003628,0.060925
2729,1790556243.371838093,2.498219,0,0,0.006739,0.000233,0.057504,2.269804,0.006229,0.013420,2.256384,0.002340,0.085721
2730,1790556243.472027063,2.513262,0,0,0.009543,0.000343,0.056364,2.242603,0.009099,0.020289,2.222314,0.004102,0.088674
2731,1790556243.572226286,2.389167,0,0,0.006434,0.000222,0.050425,2.168562,0.004958,0.012044,2.156518,0.002547,0.084916
2732,1790556243.672403812,2.713701,0,0,0.007413,0.000166,0.068913,2.460177,0.006791,0.034471,2.425706,0.002857,0.078108
2733,1790556243.772585392,2.256352,0,0,0.007625,0.000369,0.050034,2.064158,0.005272,0.011885,2.052273,0.002530,0.066778
2734,1790556243.872833729,3.673186,0,0,0.010484,0.000461,0.069837,3.247334,0.013106,0.038178,3.209156,0.003968,0.180353
2735,1790556243.973033190,2.614535,0,0,0.023409,0.000293,0.063060,2.325029,0.005476,0.015796,2.309233,0.003178,0.102096
2736,1790556244.073228359,2.343817,0,0,0.008028,0.000289,0.051165,2.091808,0.005056,0.014326,2.077482,0.002347,0.092018
2737,1790556244.173378706,2.717108,0,0,0.008209,0.000209,0.050117,2.282047,0.028109,0.023960,2.258087,0.004842,0.154226
2738,1790556244.273571491,3.097138,0,0,0.008071,0.000338,0.050371,2.720932,0.013573,0.032671,2.688261,0.004490,0.147574
2739,1790556244.473983049,2.464738,0,0,0.009080,0.000307,0.055922,2.248978,0.005793,0.014845,2.234133,0.002571,0.068259
2740,1790556244.574176073,2.359486,0,0,0.008159,0.000318,0.049708,2.077155,0.005798,0.011679,2.065476,0.002212,0.108922
2741,1790556244.774576187,2.208130,0,0,0.009382,0.000227,0.051024,2.021484,0.005395,0.011846,2.009638,0.002526,0.063180
2742,1790556244.874791145,2.483218,0,0,0.009638,0.000328,0.051935,2.276122,0.006609,0.013686,2.262436,0.002701,0.071499
2743,1790556244.974993706,2.306933,0,0,0.008950,0.000241,0.051646,2.108577,0.006137,0.013128,2.095449,0.002720,0.066873
2744,1790556245.075157404,2.381299,0,0,0.010519,0.000295,0.051657,2.178392,0.005908,0.012524,2.165868,0.002745,0.068255
2745,1790556245.175348997,2.445796,0,0,0.008879,0.000211,0.084768,2.194300,0.006150,0.011881,2.182419,0.002206,0.067891
2746,1790556245.275520325,2.208641,0,0,0.008372,0.000361,0.051219,2.010715,0.006331,0.012118,1.998597,0.002394,0.065582
2747,1790556245.375748634,2.337377,0,0,0.008643,0.000358,0.052491,2.061093,0.009171,0.021886,2.039207,0.004672,0.099065
2748,1790556245.475915670,2.344830,0,0,0.009017,0.000274,0.051773,2.072299,0.009533,0.019755,2.052544,0.003887,0.093685
2749,1790556245.576139450,3.297622,0,0,0.014889,0.000639,0.079875,2.858927,0.024952,0.051470,2.807457,0.004561,0.148453
2750,1790556245.676363230,3.582302,0,0,0.009197,0.000606,0.071272,2.842472,0.026385,0.031724,2.810748,0.011806,0.236595
2751,1790556245.776563644,2.516556,0,0,0.010179,0.000318,0.053711,2.287948,0.011467,0.020515,2.267433,0.007018,0.076560
2752,1790556245.876742601,2.831926,0,0,0.012024,0.000640,0.082084,2.384704,0.010714,0.023931,2.360773,0.005514,0.196883
2753,1790556245.976956367,3.116642,0,0,0.012434,0.000326,0.114908,2.602925,0.008561,0.023524,2.579401,0.003042,0.172585
2754,1790556246.077130079,3.021878,0,0,0.016098,0.000686,0.091486,2.702336,0.017368,0.026545,2.675791,0.011731,0.075638
2755,1790556246.177322865,2.708723,0,0,0.007592,0.000220,0.052246,2.216439,0.018043,0.033974,2.182465,0.006394,0.140467
2756,1790556246.277523756,3.000576,0,0,0.011648,0.000314,0.064159,2.683052,0.015272,0.036077,2.646975,0.007031,0.090356
2757,1790556246.377744675,4.060866,0,0,0.012713,0.000431,0.077934,3.693890,0.013866,0.029359,3.664531,0.005613,0.116988
2758,1790556246.477928638,2.976678,0,0,0.015354,0.000421,0.096521,2.691396,0.007090,0.016272,2.675124,0.002543,0.082423
2759,1790556246.578145981,2.333056,0,0,0.008856,0.000236,0.053996,2.055522,0.010477,0.019361,2.036161,0.004799,0.101988
2760,1790556246.678297997,3.081405,0,0,0.012259,0.000236,0.087501,2.800029,0.008684,0.018634,2.781395,0.003468,0.079817
2761,1790556246.778530359,2.823972,0,0,0.011624,0.000423,0.079091,2.580417,0.006381,0.015956,2.564461,0.002458,0.066098
2762,1790556246.878728151,3.185712,0,0,0.017366,0.000514,0.096185,2.890519,0.006831,0.014102,2.876417,0.002338,0.093234
2763,1790556246.978935003,2.513915,0,0,0.007858,0.000186,0.110422,2.253417,0.005846,0.012091,2.241326,0.002335,0.083613
2764,1790556247.079088449,2.486697,0,0,0.014450,0.000761,0.079920,2.245922,0.006217,0.012392,2.233530,0.002454,0.077108
2765,1790556247.179319859,2.425092,0,0,0.005778,0.000286,0.049816,2.232304,0.005025,0.012352,2.219952,0.002392,0.076310
2766,1790556247.279483557,3.574165,0,0,0.032419,0.000939,0.158924,3.009174,0.020984,0.037807,2.971367,0.007201,0.131303
2767,1790556247.379718542,2.281359,0,0,0.007463,0.000298,0.050267,2.073213,0.005349,0.014167,2.059046,0.002501,0.081197
2768,1790556247.479902029,2.368924,0,0,0.009471,0.000323,0.059128,2.114640,0.006490,0.014666,2.099974,0.002655,0.096706
2769,1790556247.580065727,2.890896,0,0,0.007976,0.000597,0.052282,2.549571,0.015425,0.024765,2.524806,0.006073,0.123190
2770,1790556247.680313110,2.246379,0,0,0.005655,0.000180,0.053133,2.065318,0.005055,0.011928,2.053390,0.002736,0.059611
2771,1790556247.780468941,2.464993,0,0,0.006027,0.000426,0.047285,2.282061,0.004820,0.011387,2.270674,0.002284,0.072894
2772,1790556247.880686522,2.464853,0,0,0.006112,0.000285,0.048368,2.278160,0.005723,0.012282,2.265878,0.002625,0.064910
2773,1790556247.980889559,2.639011,0,0,0.007209,0.000176,0.067730,2.379846,0.006388,0.016906,2.362940,0.002875,0.093887
2774,1790556248.181255341,2.482905,0,0,0.009037,0.000348,0.061106,2.279279,0.005834,0.014084,2.265195,0.002710,0.062592
2775,1790556248.381663322,2.149175,0,0,0.008160,0.000237,0.055078,1.918786,0.005558,0.013652,1.905134,0.002492,0.077031
2776,1790556248.481809378,2.405746,0,0,0.005975,0.000220,0.046954,2.187860,0.019013,0.032387,2.155473,0.002788,0.098065
2777,1790556248.682231188,2.587401,0,0,0.011102,0.000305,0.056325,2.315333,0.007398,0.017493,2.297840,0.002637,0.101148
2778,1790556248.782463074,3.927376,0,0,0.012325,0.000263,0.082014,3.364023,0.027712,0.058739,3.305284,0.012407,0.157647
2779,1790556248.882653713,2.449986,0,0,0.005583,0.000227,0.052949,2.256648,0.006287,0.013270,2.243378,0.002763,0.062965
2780,1790556249.083019495,3.008046,0,0,0.022014,0.000601,0.054647,2.489882,0.021155,0.088905,2.400977,0.009494,0.149240
2781,1790556249.183226109,2.649183,0,0,0.009574,0.000323,0.056081,2.291070,0.017932,0.033554,2.257516,0.007636,0.080236
2782,1790556249.283426285,2.627107,0,0,0.011579,0.000398,0.096500,2.194437,0.011661,0.032201,2.162236,0.005359,0.122025
2783,1790556249.383584261,2.908402,0,0,0.011886,0.000291,0.066002,2.659750,0.006673,0.018054,2.641696,0.003206,0.072794
2784,1790556249.584002733,2.719938,0,0,0.010613,0.000434,0.071911,2.391371,0.006187,0.016945,2.374426,0.002959,0.134084
2785,1790556249.884606838,2.581209,0,0,0.009381,0.000268,0.054440,2.312749,0.007464,0.019992,2.292757,0.002899,0.097485
2786,1790556249.984761715,2.443854,0,0,0.009210,0.000288,0.069402,2.129845,0.008888,0.022049,2.107796,0.007873,0.108622
2787,1790556250.085004568,2.926615,0,0,0.010836,0.000293,0.070047,2.670565,0.006556,0.015949,2.654616,0.002724,0.085795
2788,1790556250.185150385,2.363083,0,0,0.010258,0.000298,0.054425,2.102486,0.007581,0.024012,2.078474,0.003333,0.080679
2789,1790556250.285348654,2.706893,0,0,0.010078,0.000330,0.056628,2.358017,0.022240,0.047081,2.310936,0.012954,0.077438
2790,1790556250.385552406,2.639889,0,0,0.007998,0.000383,0.075425,2.368018,0.008957,0.023041,2.344977,0.004725,0.072073
2791,1790556250.585996628,3.054813,0,0,0.006312,0.000447,0.052903,2.814342,0.007033,0.019976,2.794366,0.003149,0.077833
2792,1790556250.686207771,2.989335,0,0,0.010927,0.000273,0.106377,2.650866,0.006262,0.013350,2.637516,0.002218,0.100041
2793,1790556250.786381483,2.982366,0,0,0.007315,0.000234,0.053446,2.769706,0.007281,0.016885,2.752821,0.002380,0.064276
2794,1790556250.886584997,3.118385,0,0,0.008931,0.000301,0.061893,2.837241,0.009278,0.035330,2.801911,0.003584,0.093393
2795,1790556250.986759186,2.933920,0,0,0.016164,0.000373,0.118576,2.601068,0.006350,0.014794,2.586274,0.002786,0.084823
2796,1790556251.086983919,2.713494,0,0,0.010494,0.000256,0.063810,2.470537,0.006236,0.014038,2.456499,0.002401,0.072907
2797,1790556251.187171936,3.391556,0,0,0.009313,0.000301,0.075360,3.142281,0.005800,0.028666,3.113615,0.002663,0.073930
2798,1790556251.287375927,2.324591,0,0,0.011986,0.000333,0.062490,2.116222,0.005321,0.013980,2.102242,0.003212,0.060339
2799,1790556251.487769365,2.313397,0,0,0.009632,0.000224,0.060912,2.054192,0.005700,0.026010,2.028182,0.002260,0.108199
2800,1790556251.587904453,2.284061,0,0,0.010519,0.000227,0.058403,2.067353,0.019046,0.013418,2.053935,0.002789,0.065147
2801,1790556251.688102007,2.270038,0,0,0.005955,0.000294,0.050298,2.046389,0.009087,0.014723,2.031666,0.003250,0.085652
2802,1790556251.788348198,2.387881,0,0,0.013501,0.000310,0.067601,2.139225,0.006119,0.014750,2.124475,0.002551,0.086567
2803,1790556251.888526917,2.297495,0,0,0.005255,0.000262,0.048662,2.079081,0.006321,0.017036,2.062045,0.003790,0.090020
2804,1790556251.988722086,2.292282,0,0,0.008851,0.000261,0.053503,2.098454,0.005784,0.012305,2.086149,0.002284,0.063808
2805,1790556252.088949203,2.526308,0,0,0.007223,0.000220,0.050689,2.264265,0.005121,0.015113,2.249152,0.003637,0.109884
2806,1790556252.189138889,2.232643,0,0,0.005647,0.000246,0.050791,2.053432,0.006059,0.011185,2.042247,0.002328,0.061658
2807,1790556252.389529228,2.172504,0,0,0.005587,0.000259,0.048204,1.992762,0.006015,0.012342,1.980420,0.002260,0.061846
2808,1790556252.489685774,2.329500,0,0,0.006406,0.000273,0.049829,2.108837,0.006044,0.021872,2.086965,0.002771,0.083941
2809,1790556252.589928627,2.363598,0,0,0.005813,0.000186,0.055214,2.144352,0.006251,0.013965,2.130387,0.002544,0.083294
2810,1790556252.690136433,2.413589,0,0,0.006608,0.000176,0.055026,2.208261,0.005483,0.012632,2.195629,0.002657,0.080830
2811,1790556252.790299654,2.561945,0,0,0.006102,0.000366,0.065018,2.239523,0.022048,0.033235,2.206288,0.039645,0.110138
2812,1790556252.890507698,2.481360,0,0,0.006745,0.000298,0.050472,2.226231,0.005588,0.012652,2.213579,0.002837,0.083988
2813,1790556252.990720510,2.266224,0,0,0.006843,0.000259,0.048927,2.075704,0.005327,0.012016,2.063688,0.002244,0.076511
2814,1790556253.090891361,2.991136,0,0,0.021681,0.000246,0.081712,2.649320,0.010030,0.022206,2.627114,0.003926,0.086613
2815,1790556253.191083431,2.308167,0,0,0.009985,0.000227,0.058918,2.079939,0.010152,0.013629,2.066310,0.002367,0.090350
2816,1790556253.291270494,2.510022,0,0,0.006882,0.000256,0.055304,2.319185,0.006149,0.012840,2.306345,0.002405,0.064799
2817,1790556253.391498089,2.776894,0,0,0.006076,0.000233,0.072042,2.515780,0.005793,0.013468,2.502312,0.002631,0.082479
2818,1790556253.491659880,2.499738,0,0,0.006622,0.000153,0.052170,2.308892,0.005724,0.026775,2.282117,0.002416,0.063044
2819,1790556253.591882944,2.726873,0,0,0.006481,0.000167,0.060732,2.533589,0.006003,0.012050,2.521539,0.002210,0.061843
2820,1790556253.692087412,2.658810,0,0,0.009002,0.000234,0.064062,2.462945,0.005283,0.011576,2.451369,0.002160,0.063054
2821,1790556253.792301893,2.245404,0,0,0.007000,0.000254,0.053474,2.034589,0.005999,0.014307,2.020282,0.003216,0.073491
2822,1790556253.892460585,3.096939,0,0,0.011948,0.000255,0.070932,2.765427,0.006573,0.015343,2.750084,0.002291,0.114906
2823,1790556253.992686272,2.598690,0,0,0.008015,0.000349,0.062393,2.389811,0.006608,0.027817,2.361994,0.002561,0.063954
2824,1790556254.092852592,2.954045,0,0,0.007915,0.000303,0.051942,2.722279,0.006517,0.014758,2.707521,0.003085,0.088478
2825,1790556254.293257952,2.580903,0,0,0.008050,0.000242,0.082523,2.241173,0.013764,0.027089,2.214084,0.005405,0.085963
2826,1790556254.593832493,2.645708,0,0,0.009029,0.000383,0.085770,2.337139,0.007774,0.049820,2.287319,0.016136,0.081557
2827,1790556254.794197798,2.953165,0,0,0.009275,0.000252,0.067929,2.684290,0.007261,0.016259,2.668031,0.003300,0.067104
2828,1790556254.894396305,2.873212,0,0,0.008519,0.000327,0.080156,2.607302,0.007266,0.028259,2.579043,0.002793,0.087563
2829,1790556255.094809532,2.321150,0,0,0.007246,0.000263,0.051558,2.126429,0.006058,0.012008,2.114421,0.002253,0.074556
2830,1790556255.195016623,2.810275,0,0,0.007574,0.000268,0.059460,2.452048,0.016494,0.031221,2.420827,0.006000,0.110611
2831,1790556255.395430565,2.469264,0,0,0.007241,0.000230,0.062154,2.156240,0.012177,0.021911,2.134329,0.003914,0.113296
2832,1790556255.595790625,2.347369,0,0,0.007164,0.000539,0.049727,2.112537,0.010047,0.014738,2.097799,0.003849,0.084388
2833,1790556255.695995808,3.298715,0,0,0.006681,0.000273,0.051908,2.957935,0.010933,0.018767,2.939168,0.004794,0.119501
2834,1790556255.796217203,2.486008,0,0,0.008815,0.000240,0.052796,2.279356,0.018237,0.012091,2.267265,0.002283,0.074442
2835,1790556255.896409035,2.404398,0,0,0.008897,0.000319,0.051690,2.209716,0.004902,0.012137,2.197579,0.002138,0.064149
2836,1790556255.996596336,2.373688,0,0,0.008048,0.000266,0.050853,2.182607,0.004960,0.016583,2.166024,0.002697,0.074915
2837,1790556256.096783876,3.759922,0,0,0.008622,0.000242,0.050783,2.381624,0.005373,0.012277,2.369347,0.002250,1.245879
2838,1790556256.197010994,2.499627,0,0,0.009791,0.000320,0.053141,2.318741,0.005671,0.011659,2.307082,0.002173,0.059639
2839,1790556256.297173262,3.220806,0,0,0.006865,0.000282,0.055456,2.958462,0.008532,0.017570,2.940892,0.002673,0.095787
2840,1790556256.397362709,2.171349,0,0,0.009245,0.000266,0.053762,1.968234,0.005889,0.013980,1.954254,0.003249,0.064607
2841,1790556256.497538805,2.846461,0,0,0.008058,0.000278,0.085886,2.534464,0.008510,0.015586,2.518878,0.002877,0.099607
2842,1790556256.597786903,2.551946,0,0,0.005740,0.000181,0.058275,2.207040,0.014390,0.017727,2.189313,0.003936,0.124631
2843,1790556256.697965860,2.220542,0,0,0.009834,0.000312,0.054966,1.988191,0.005832,0.012778,1.975413,0.002868,0.090042
2844,1790556256.798161745,2.190318,0,0,0.011041,0.000293,0.061737,1.978960,0.006091,0.013612,1.965348,0.002458,0.069340
2845,1790556256.898356676,2.414127,0,0,0.006653,0.000166,0.050664,2.169318,0.007403,0.018020,2.151298,0.004038,0.078153
2846,1790556256.998567104,2.418894,0,0,0.006624,0.000244,0.054870,2.184517,0.007062,0.027879,2.156638,0.003194,0.089803
2847,1790556257.098738909,2.149111,0,0,0.006623,0.000588,0.055697,1.950198,0.005488,0.012343,1.937855,0.002915,0.067924
2848,1790556257.198935747,2.336307,0,0,0.008601,0.000261,0.054149,2.124958,0.006447,0.013000,2.111958,0.002944,0.069036
2849,1790556257.299173594,2.360698,0,0,0.008006,0.000745,0.062132,2.053920,0.006063,0.012866,2.041054,0.002701,0.105680
2850,1790556257.399337769,2.218502,0,0,0.021110,0.000236,0.065683,1.975997,0.005774,0.013252,1.962745,0.003120,0.078909
2851,1790556257.499577284,2.381195,0,0,0.007299,0.000195,0.049759,2.169084,0.006406,0.013209,2.155875,0.002528,0.071216
2852,1790556257.599725485,2.428234,0,0,0.005663,0.000234,0.050474,2.231850,0.005914,0.013895,2.217955,0.002491,0.068138
2853,1790556257.699913025,2.511544,0,0,0.010549,0.000330,0.072304,2.279359,0.005401,0.013024,2.266335,0.002805,0.066689
2854,1790556257.800112009,2.522458,0,0,0.008683,0.000223,0.052581,2.320485,0.021589,0.011335,2.309150,0.002718,0.062455
2855,1790556257.900330067,2.517024,0,0,0.008374,0.000306,0.049410,2.342494,0.005685,0.012348,2.330146,0.001896,0.058694
2856,1790556258.000520229,2.585695,0,0,0.005253,0.000204,0.049218,2.399178,0.004872,0.011206,2.387972,0.002594,0.074197
2857,1790556258.100707293,2.622789,0,0,0.005500,0.000228,0.048735,2.419079,0.006372,0.011858,2.407221,0.001958,0.084854
2858,1790556258.200906038,2.817564,0,0,0.010091,0.000296,0.062191,2.538978,0.009088,0.019047,2.519931,0.002948,0.098589
2859,1790556258.301098824,2.584047,0,0,0.007983,0.000248,0.051407,2.211182,0.006962,0.014940,2.196242,0.002351,0.185608
2860,1790556258.401302099,2.245984,0,0,0.008625,0.000264,0.051663,1.992262,0.005298,0.012213,1.980049,0.002293,0.129982
2861,1790556258.501474142,2.591096,0,0,0.008847,0.000287,0.050259,2.365702,0.006931,0.016941,2.348761,0.002589,0.076022
2862,1790556258.601701260,2.436089,0,0,0.008145,0.000269,0.051921,2.186584,0.008248,0.015665,2.170919,0.003096,0.106462
2863,1790556258.701886892,2.369087,0,0,0.009236,0.000277,0.059722,2.180532,0.005390,0.011918,2.168614,0.002555,0.060672
2864,1790556258.802092552,2.447002,0,0,0.006925,0.000196,0.051381,2.244930,0.005455,0.012931,2.231999,0.002312,0.079415
2865,1790556258.902261257,2.704048,0,0,0.008443,0.000179,0.054296,2.493824,0.005918,0.012878,2.480946,0.002687,0.078117
2866,1790556259.003151894,2.530094,0,0,0.008657,0.000272,0.065574,2.252603,0.009160,0.014047,2.238556,0.003383,0.088441
2867,1790556259.102684021,3.116832,0,0,0.008166,0.000240,0.075762,2.855382,0.007076,0.014466,2.840916,0.002840,0.066205
2868,1790556259.202880859,2.823076,0,0,0.010432,0.000223,0.086854,2.560802,0.006141,0.013746,2.547056,0.002309,0.085514
2869,1790556259.303163052,2.694143,0,0,0.024480,0.000342,0.087400,2.433252,0.005529,0.027313,2.405939,0.002318,0.069169
2870,1790556259.403237104,2.972222,0,0,0.010805,0.000362,0.070843,2.715463,0.006541,0.014698,2.700765,0.002409,0.065335
2871,1790556259.503435612,2.569669,0,0,0.006717,0.000178,0.050782,2.290659,0.011331,0.023181,2.267478,0.004619,0.085612
2872,1790556259.603652954,2.563590,0,0,0.009265,0.000297,0.052681,2.345687,0.006059,0.013583,2.332104,0.002775,0.078630
2873,1790556259.703864574,2.626963,0,0,0.005598,0.000336,0.047931,2.415630,0.005499,0.011639,2.403991,0.002614,0.071402
2874,1790556259.804073334,2.531975,0,0,0.009152,0.000316,0.052501,2.287013,0.007399,0.030599,2.256414,0.003246,0.078805
2875,1790556259.904224873,2.545326,0,0,0.010199,0.000690,0.089024,2.280044,0.005537,0.013414,2.266630,0.002401,0.094243
2876,1790556260.004520178,2.895976,0,0,0.011716,0.000259,0.072356,2.651476,0.006222,0.015439,2.636037,0.002457,0.067616
2877,1790556260.104722500,2.970898,0,0,0.008642,0.000683,0.065032,2.731932,0.005826,0.015369,2.716563,0.003304,0.060666
2878,1790556260.204885721,2.314409,0,0,0.009479,0.000400,0.056490,2.093950,0.005609,0.013020,2.080930,0.002652,0.082322
2879,1790556260.505422592,3.326409,0,0,0.009975,0.000241,0.054170,3.020153,0.010210,0.016648,3.003505,0.004878,0.104708
2880,1790556260.605641842,2.574235,0,0,0.005826,0.000296,0.051687,2.368067,0.005391,0.012476,2.355591,0.002473,0.064035
2881,1790556260.705812931,2.917785,0,0,0.010702,0.000258,0.066704,2.649892,0.006405,0.015145,2.634747,0.002397,0.110037
2882,1790556260.806026459,2.893341,0,0,0.025079,0.000424,0.082350,2.627209,0.007446,0.014821,2.612388,0.002787,0.073837
2883,1790556260.906249046,3.111220,0,0,0.010807,0.000374,0.079440,2.854562,0.006065,0.044503,2.810059,0.002619,0.080178
2884,1790556261.006407976,3.290677,0,0,0.007692,0.000561,0.060161,3.062113,0.006293,0.013647,3.048466,0.002611,0.073153
2885,1790556261.106707096,3.048156,0,0,0.013172,0.000576,0.072634,2.778485,0.006491,0.013851,2.764634,0.002519,0.096651
2886,1790556261.206827879,3.134515,0,0,0.006834,0.000228,0.048861,2.894250,0.010490,0.018489,2.875761,0.003621,0.075264
2887,1790556261.307031631,3.123915,0,0,0.007461,0.000292,0.107767,2.716721,0.022220,0.016304,2.700417,0.003269,0.159294
2888,1790556261.407232761,3.024088,0,0,0.007633,0.000242,0.059862,2.780214,0.006329,0.015776,2.764438,0.002551,0.079991
2889,1790556261.507418394,2.871910,0,0,0.008416,0.000287,0.053837,2.576961,0.010654,0.016404,2.560557,0.003251,0.078056
2890,1790556261.607566833,2.544790,0,0,0.007728,0.000256,0.057299,2.277735,0.009143,0.019601,2.258134,0.003539,0.099817
2891,1790556261.707786322,2.691975,0,0,0.007213,0.000210,0.053109,2.488934,0.006024,0.013220,2.475714,0.002351,0.065652
2892,1790556261.808007240,3.058990,0,0,0.010181,0.000736,0.073513,2.785568,0.008914,0.030564,2.755004,0.003286,0.088994
2893,1790556261.908218384,2.678704,0,0,0.009392,0.000454,0.065741,2.419848,0.020693,0.015306,2.404542,0.002537,0.085099
2894,1790556262.008370161,2.844528,0,0,0.010932,0.000321,0.070542,2.588421,0.005849,0.014438,2.573983,0.002445,0.086742
2895,1790556262.108562946,2.603537,0,0,0.023066,0.000298,0.053283,2.390506,0.005260,0.026854,2.363652,0.002560,0.070177
2896,1790556262.208757162,2.949911,0,0,0.009595,0.000419,0.088586,2.641800,0.008882,0.017514,2.624286,0.003261,0.101729
2897,1790556262.308961868,2.500425,0,0,0.005500,0.000298,0.053869,2.286768,0.006314,0.012838,2.273930,0.002630,0.084478
2898,1790556262.409219265,2.520641,0,0,0.009105,0.000285,0.118517,2.239616,0.006125,0.014558,2.225058,0.002500,0.078634
2899,1790556262.509382248,2.521434,0,0,0.007879,0.000188,0.076768,2.266591,0.005877,0.016746,2.249845,0.002746,0.088290
2900,1790556262.609527588,2.493010,0,0,0.007812,0.000290,0.051407,2.295882,0.005642,0.012758,2.283124,0.002851,0.067127
2901,1790556262.709828854,2.895856,0,0,0.008834,0.000284,0.071023,2.636151,0.006070,0.014333,2.621818,0.002592,0.085618
2902,1790556262.809983969,2.885218,0,0,0.007540,0.000297,0.064311,2.598167,0.006588,0.014206,2.583961,0.003498,0.104151
2903,1790556262.910178661,2.971191,0,0,0.010906,0.000376,0.069851,2.734702,0.006336,0.014279,2.720423,0.002740,0.064853
2904,1790556263.010367155,3.207124,0,0,0.010416,0.000448,0.073540,2.932894,0.009716,0.050697,2.882197,0.004462,0.079441
2905,1790556263.110535860,2.768158,0,0,0.008534,0.000334,0.055219,2.533848,0.005911,0.014073,2.519775,0.002578,0.084627
2906,1790556263.210765362,2.612922,0,0,0.011077,0.000214,0.064539,2.363312,0.006507,0.030047,2.333265,0.002469,0.082450
2907,1790556263.310972929,2.830547,0,0,0.008188,0.000217,0.049446,2.518406,0.012376,0.013632,2.504774,0.002435,0.114621
2908,1790556263.411134005,3.046781,0,0,0.008638,0.000324,0.095579,2.771377,0.006226,0.034552,2.736825,0.002626,0.084292
2909,1790556263.511347532,2.897249,0,0,0.008321,0.000300,0.129707,2.586211,0.006021,0.036909,2.549302,0.002394,0.080871
2910,1790556263.611495972,2.625824,0,0,0.007230,0.000264,0.050662,2.375075,0.007723,0.029473,2.345602,0.003513,0.086421
2911,1790556263.711720228,2.886996,0,0,0.009518,0.000312,0.055503,2.562701,0.009142,0.019311,2.543390,0.003794,0.119738
2912,1790556263.811931133,2.980013,0,0,0.010496,0.000232,0.087345,2.697039,0.006300,0.018184,2.678855,0.003373,0.090809
2913,1790556263.912106752,2.602416,0,0,0.027311,0.000276,0.059878,2.312031,0.006323,0.016631,2.295400,0.002697,0.114813
2914,1790556264.012308836,2.509653,0,0,0.011170,0.000357,0.056157,2.145438,0.027214,0.036338,2.109100,0.003981,0.129547
2915,1790556264.212723255,2.315122,0,0,0.007266,0.000226,0.053410,2.093445,0.006391,0.015906,2.077539,0.002551,0.073689
2916,1790556264.312954903,2.260730,0,0,0.008514,0.000256,0.053958,2.024126,0.007057,0.016443,2.007683,0.003049,0.076846
2917,1790556264.413111448,2.325347,0,0,0.009854,0.000468,0.055471,2.077192,0.006782,0.014676,2.062516,0.002867,0.082145
2918,1790556264.513326168,2.395622,0,0,0.009524,0.000515,0.057255,2.150082,0.006144,0.016724,2.133358,0.002990,0.089399
2919,1790556264.613536596,2.542473,0,0,0.008241,0.000293,0.052276,2.284956,0.006700,0.014255,2.270701,0.002709,0.104718
2920,1790556264.713676691,2.276273,0,0,0.009719,0.000368,0.055703,1.945508,0.006853,0.016098,1.929410,0.002745,0.166862
2921,1790556264.914195538,2.277436,0,0,0.008875,0.000243,0.066613,2.032332,0.006206,0.014797,2.017535,0.002867,0.088119
2922,1790556265.314867258,2.285868,0,0,0.010318,0.000409,0.063470,2.044033,0.019819,0.013895,2.030138,0.003031,0.084504
2923,1790556265.815874577,2.788577,0,0,0.009185,0.000384,0.080757,2.556776,0.006075,0.013556,2.543220,0.002280,0.063003
2924,1790556265.916043043,2.452640,0,0,0.008483,0.000387,0.056343,2.162327,0.010444,0.017779,2.144548,0.004743,0.094850
2925,1790556266.216652632,2.919342,0,0,0.012238,0.000278,0.070543,2.637973,0.008014,0.025212,2.612761,0.003295,0.086113
2926,1790556266.316796064,2.541573,0,0,0.017446,0.000524,0.080608,2.257869,0.009414,0.017952,2.239917,0.003230,0.077469
2927,1790556266.416996241,3.274983,0,0,0.008873,0.000200,0.057269,2.792763,0.013121,0.029520,2.763243,0.021556,0.191954
2928,1790556266.517188311,2.357796,0,0,0.010203,0.000307,0.063768,2.082516,0.009317,0.020480,2.062036,0.004947,0.086153
2929,1790556266.617406130,2.599897,0,0,0.011808,0.000324,0.067723,2.347779,0.011826,0.030127,2.317652,0.004509,0.068107
2930,1790556266.717581987,2.416016,0,0,0.010164,0.000332,0.059677,2.104491,0.008722,0.020304,2.084187,0.003749,0.114645
2931,1790556266.817806244,3.342647,0,0,0.011994,0.000374,0.077599,2.966264,0.007182,0.023545,2.942719,0.004192,0.111408
2932,1790556267.118432760,2.925345,0,0,0.011053,0.000298,0.061318,2.669035,0.006894,0.015756,2.653279,0.002986,0.089087
2933,1790556267.218615532,2.472319,0,0,0.014148,0.000343,0.062611,2.193582,0.006229,0.015901,2.177681,0.002891,0.098002
2934,1790556267.318823576,2.415158,0,0,0.179347,0.000239,0.066511,2.026679,0.006626,0.029457,1.997222,0.002827,0.066225
2935,1790556267.419021845,2.394534,0,0,0.016967,0.001252,0.092463,2.142963,0.006986,0.014786,2.128177,0.002622,0.065797
2936,1790556267.519204378,2.298547,0,0,0.008644,0.000256,0.058179,2.035522,0.010952,0.021432,2.014090,0.003864,0.106045
2937,1790556267.619377613,2.441332,0,0,0.008802,0.000280,0.051980,2.148633,0.010228,0.028605,2.120028,0.004382,0.103459
2938,1790556267.719562769,2.252154,0,0,0.008233,0.000246,0.049297,2.036771,0.006426,0.013362,2.023409,0.002340,0.078499
2939,1790556267.819784641,2.689113,0,0,0.014687,0.000884,0.086578,2.410485,0.006683,0.015267,2.395218,0.002441,0.074248
2940,1790556267.919997692,2.867128,0,0,0.005902,0.000317,0.065541,2.562675,0.009845,0.023192,2.539483,0.004661,0.101175
2941,1790556268.020196199,2.319080,0,0,0.010428,0.000333,0.054521,2.103199,0.019464,0.013222,2.089977,0.003072,0.064313
2942,1790556268.220559359,2.465929,0,0,0.005427,0.000221,0.050438,2.208856,0.007250,0.015787,2.193069,0.002922,0.093229
2943,1790556268.320783138,2.161280,0,0,0.008826,0.000231,0.053960,1.955890,0.006259,0.013394,1.942496,0.002568,0.069595
2944,1790556268.420923471,2.256760,0,0,0.005785,0.000260,0.049009,2.022259,0.006933,0.015778,2.006481,0.003409,0.072388
2945,1790556268.521180391,2.363001,0,0,0.005999,0.000214,0.048588,2.063398,0.013563,0.023610,2.039788,0.004627,0.111815
2946,1790556268.621351719,2.360793,0,0,0.006470,0.000211,0.049310,2.071641,0.006654,0.013895,2.057746,0.002794,0.108046
2947,1790556268.721568823,2.285870,0,0,0.005529,0.000171,0.062830,2.032997,0.008777,0.013306,2.019691,0.003223,0.109250
2948,1790556268.821736336,2.312168,0,0,0.006205,0.000576,0.053081,2.115870,0.005968,0.013515,2.102355,0.002588,0.065183
2949,1790556268.921964645,2.273698,0,0,0.006511,0.000258,0.067073,2.051342,0.005446,0.013158,2.038184,0.002476,0.079918
2950,1790556269.022150040,2.267196,0,0,0.006968,0.000211,0.052967,2.036558,0.005785,0.012581,2.023977,0.002776,0.082794
2951,1790556269.122356176,3.538786,0,0,0.007471,0.000275,0.064265,3.177321,0.014403,0.034358,3.142963,0.005536,0.108186
2952,1790556269.222528934,3.014003,0,0,0.021074,0.000346,0.068217,2.537149,0.013840,0.029034,2.508115,0.005980,0.141807
2953,1790556269.322727442,3.085912,0,0,0.008431,0.000335,0.059822,2.739988,0.012084,0.033398,2.706590,0.005264,0.130499
2954,1790556269.422954082,3.076466,0,0,0.007551,0.000238,0.078709,2.588372,0.018875,0.033454,2.554918,0.007126,0.198811
2955,1790556269.523148537,2.660266,0,0,0.014927,0.000411,0.083370,2.385280,0.005969,0.014538,2.370742,0.002834,0.096065
2956,1790556269.623314142,2.612062,0,0,0.006472,0.000235,0.050250,2.428070,0.005944,0.012484,2.415586,0.002317,0.064248
2957,1790556269.723516703,2.754057,0,0,0.006416,0.000231,0.051742,2.566744,0.005557,0.012923,2.553821,0.002272,0.063468
2958,1790556269.823740482,2.651461,0,0,0.006179,0.000358,0.059600,2.436795,0.005871,0.013209,2.423586,0.003035,0.067471
2959,1790556269.923913240,2.153936,0,0,0.011995,0.000548,0.059089,1.953117,0.005306,0.012315,1.940802,0.002399,0.062506
2960,1790556270.124321699,2.277739,0,0,0.005571,0.000229,0.052823,2.083169,0.005253,0.012421,2.070748,0.002402,0.075861
2961,1790556270.224488258,4.741990,0,0,0.010448,0.000260,0.065433,4.405716,0.010382,0.021800,4.383916,0.004065,0.112559
2962,1790556270.324689388,3.707650,0,0,0.011616,0.000638,0.070014,3.158355,0.017483,0.040963,3.117392,0.006499,0.183636
2963,1790556270.424886465,3.800679,0,0,0.012331,0.000249,0.074096,3.356660,0.020103,0.046194,3.310466,0.009055,0.141270
2964,1790556270.525079966,3.444494,0,0,0.015083,0.000306,0.082659,2.901521,0.015344,0.037788,2.863733,0.006855,0.195777
2965,1790556270.625278234,3.638919,0,0,0.010800,0.000271,0.071710,3.124382,0.031579,0.051474,3.072908,0.017700,0.113423
2966,1790556270.725471735,3.053920,0,0,0.010334,0.000241,0.058324,2.546143,0.012687,0.026954,2.519189,0.021852,0.174844
2967,1790556270.825674295,2.521723,0,0,0.008706,0.000285,0.054036,2.324001,0.005712,0.012911,2.311090,0.002380,0.067475
2968,1790556270.925840616,2.501887,0,0,0.009448,0.000343,0.056640,2.292339,0.005879,0.016859,2.275480,0.002461,0.070003
2969,1790556271.026086569,2.465254,0,0,0.008362,0.000226,0.051845,2.263749,0.005799,0.014526,2.249223,0.002818,0.070394
2970,1790556271.126266956,2.664513,0,0,0.010183,0.000251,0.075602,2.452715,0.005535,0.012986,2.439729,0.002320,0.060329
2971,1790556271.226447821,2.496730,0,0,0.008942,0.000293,0.067424,2.287079,0.005694,0.012165,2.274914,0.002415,0.064237
2972,1790556271.326626062,2.638901,0,0,0.006321,0.000185,0.048812,2.445921,0.005192,0.011618,2.434303,0.001882,0.077077
2973,1790556271.426852942,2.754734,0,0,0.006092,0.000238,0.062604,2.566923,0.005732,0.012401,2.554522,0.002245,0.059928
2974,1790556271.527048588,2.636843,0,0,0.006561,0.000240,0.066001,2.421434,0.006148,0.042485,2.378949,0.002264,0.078240
2975,1790556271.627241611,2.467899,0,0,0.005923,0.000281,0.048688,2.283559,0.006106,0.012360,2.271199,0.002104,0.063100
2976,1790556271.727410316,2.796140,0,0,0.006898,0.000253,0.052532,2.596244,0.006125,0.013486,2.582758,0.002564,0.067018
2977,1790556271.827630997,3.466359,1,0,0.069567,0.000248,0.083230,2.999858,0.006066,0.636357,2.363501,0.003035,0.221401
2978,1790556271.927833080,4.094774,0,0,0.005910,0.000278,0.045765,3.717821,0.022325,0.998485,2.719336,0.003153,0.204705
2979,1790556272.028001308,3.142215,0,0,0.009974,0.000196,0.073938,2.904126,0.005569,0.601002,2.303124,0.002636,0.067414
2980,1790556272.228424311,3.707174,0,0,0.019642,0.000302,0.099498,3.424596,0.005758,0.923864,2.500732,0.002527,0.080868
2981,1790556272.328638554,3.709701,0,0,0.009200,0.000178,0.059088,3.454261,0.005712,0.781923,2.672338,0.002486,0.087358
2982,1790556272.428811073,3.503317,0,0,0.010198,0.000283,0.072704,3.232409,0.008146,0.726552,2.505857,0.003158,0.079200
2983,1790556272.529014111,4.144087,0,0,0.009656,0.000325,0.076284,3.898691,0.005626,0.794207,3.104484,0.002756,0.069107
2984,1790556272.629237652,3.606483,0,0,0.006041,0.000483,0.050301,3.347497,0.006021,0.823653,2.523844,0.002557,0.081467
2985,1790556272.729400158,3.672305,0,0,0.006713,0.000274,0.054614,3.448016,0.006000,0.691686,2.756330,0.002867,0.077284
2986,1790556272.829638720,3.206668,0,0,0.007427,0.000211,0.109711,2.870687,0.005235,0.036835,2.833852,0.018191,0.086540
2987,1790556272.929830074,3.150056,0,0,0.009654,0.000510,0.095730,2.846482,0.006506,0.017124,2.829358,0.003184,0.101103
2988,1790556273.030042887,3.759402,0,0,0.009513,0.000246,0.122769,3.433941,0.006444,0.016965,3.416976,0.002859,0.102917
2989,1790556273.130213261,2.562954,0,0,0.006859,0.000187,0.057258,2.266078,0.005993,0.013824,2.252254,0.002308,0.131899
2990,1790556273.330577374,2.753769,0,0,0.008858,0.000296,0.057162,2.474944,0.010237,0.020037,2.454907,0.004058,0.079353
2991,1790556273.430827618,2.654260,0,0,0.016492,0.000875,0.072281,2.399825,0.005426,0.013479,2.386346,0.002539,0.080335
2992,1790556273.531014204,2.456600,0,0,0.008353,0.000259,0.056481,2.137731,0.009549,0.019331,2.118400,0.003895,0.095218
2993,1790556273.631215096,2.262285,0,0,0.008307,0.000203,0.062008,2.017463,0.007667,0.021057,1.996406,0.003474,0.090672
2994,1790556273.731401443,2.328715,0,0,0.007613,0.000278,0.052572,2.093605,0.005192,0.013043,2.080562,0.002969,0.105853
2995,1790556273.831551313,2.172298,0,0,0.008161,0.000254,0.053479,1.962824,0.006620,0.013067,1.949757,0.002731,0.074228
2996,1790556273.931759357,2.210368,0,0,0.008653,0.000267,0.053596,2.009520,0.005828,0.013394,1.996126,0.002466,0.066565
2997,1790556274.031962633,2.193025,0,0,0.006334,0.000303,0.048883,1.960060,0.005843,0.015968,1.944092,0.002505,0.092460
2998,1790556274.132148504,2.160914,0,0,0.007457,0.000230,0.051351,1.962264,0.004973,0.011622,1.950642,0.001947,0.077402
2999,1790556274.232374668,2.438850,0,0,0.009814,0.000285,0.062299,2.245145,0.006002,0.011760,2.233385,0.002131,0.063496
3000,1790556274.332594633,2.425900,0,0,0.006716,0.000260,0.112171,2.149341,0.005266,0.011510,2.137831,0.002099,0.098140
3001,1790556274.432778597,2.408800,0,0,0.006125,0.000461,0.050044,2.170940,0.018570,0.012113,2.158827,0.002274,0.091928
3002,1790556274.532948256,2.737986,0,0,0.006220,0.000212,0.050110,2.516422,0.005832,0.012849,2.503573,0.002488,0.081562
3003,1790556274.633114576,2.632157,0,0,0.007697,0.000225,0.085327,2.407532,0.005411,0.012436,2.395096,0.002379,0.065776
3004,1790556274.733521938,2.410442,0,0,0.008006,0.000284,0.050951,2.171701,0.005200,0.012788,2.158913,0.002289,0.093887
3005,1790556274.833540201,2.513539,0,0,0.008807,0.000249,0.052756,2.306400,0.005430,0.013712,2.292688,0.002788,0.073489
3006,1790556274.933751106,2.703771,0,0,0.006909,0.000218,0.064997,2.486470,0.005943,0.029345,2.457125,0.002424,0.073513
3007,1790556275.033927202,2.274510,0,0,0.005999,0.000192,0.045924,2.085769,0.005281,0.028749,2.057020,0.003208,0.067612
3008,1790556275.234293938,2.360220,0,0,0.010215,0.000280,0.065892,2.118203,0.005821,0.014392,2.103811,0.002658,0.068184
3009,1790556275.334544420,2.415811,0,0,0.009533,0.000288,0.057070,2.183476,0.006617,0.013379,2.170097,0.002683,0.084702
3010,1790556275.434735060,2.867526,0,0,0.025508,0.000208,0.065459,2.525287,0.010075,0.036439,2.488848,0.006516,0.103772
3011,1790556275.635102510,2.211539,0,0,0.008457,0.000450,0.054211,2.012064,0.005748,0.012223,1.999841,0.002249,0.065017
3012,1790556275.735279799,2.618242,0,0,0.009188,0.000324,0.062769,2.373603,0.005967,0.014327,2.359276,0.002637,0.096284
3013,1790556275.835478306,2.458928,0,0,0.007686,0.000603,0.109793,2.156063,0.005633,0.016248,2.139815,0.002420,0.097540
3014,1790556275.935724497,2.400831,0,0,0.007358,0.000185,0.066931,2.175833,0.005957,0.014464,2.161369,0.002741,0.068583
3015,1790556276.035874605,2.585497,0,0,0.005728,0.000230,0.048512,2.379410,0.005902,0.015508,2.363902,0.002542,0.068053
3016,1790556276.136235476,2.499140,0,0,0.009174,0.000334,0.092350,2.251966,0.005779,0.014774,2.237192,0.002879,0.068454
3017,1790556276.236255646,2.532326,0,0,0.005299,0.000241,0.046750,2.309910,0.006594,0.016461,2.293449,0.002739,0.079838
3018,1790556276.336472750,2.402637,0,0,0.006300,0.000258,0.048632,2.129700,0.008140,0.014923,2.114777,0.002712,0.088291
3019,1790556276.436678171,2.674973,0,0,0.009508,0.000240,0.052785,2.466082,0.005882,0.012946,2.453136,0.002193,0.081759
3020,1790556276.536880016,2.596057,0,0,0.013121,0.000389,0.064334,2.361503,0.007793,0.014456,2.347047,0.003296,0.073486
3021,1790556276.637075663,2.739126,0,0,0.010979,0.000413,0.063455,2.525569,0.005999,0.012551,2.513018,0.002209,0.064969
3022,1790556276.737282991,2.626235,0,0,0.006243,0.000245,0.046457,2.406416,0.005320,0.016044,2.390372,0.003164,0.077295
3023,1790556276.837458849,2.301633,0,0,0.007472,0.000167,0.066241,2.086505,0.005354,0.013248,2.073257,0.003013,0.070390
3024,1790556276.937657356,3.197698,0,0,0.007985,0.000773,0.051800,2.809436,0.011306,0.025432,2.784004,0.004866,0.119346
3025,1790556277.037863731,3.046060,0,0,0.006317,0.000216,0.049348,2.768336,0.006039,0.017754,2.750582,0.002938,0.087713
3026,1790556277.138065577,2.584432,0,0,0.006222,0.000177,0.062846,2.351953,0.006990,0.014831,2.337122,0.002509,0.080075
3027,1790556277.238261938,2.622758,0,0,0.009157,0.000198,0.059131,2.341541,0.008201,0.016187,2.325354,0.003133,0.076021
3028,1790556277.338509321,2.454681,0,0,0.011657,0.000164,0.084533,2.201983,0.005802,0.014431,2.187552,0.002647,0.088125
3029,1790556277.438642502,2.644844,0,0,0.007398,0.000182,0.055720,2.382013,0.006629,0.013379,2.368634,0.002665,0.121697
3030,1790556277.538829088,3.069920,0,0,0.008526,0.000166,0.061514,2.846085,0.006215,0.015723,2.830362,0.003157,0.066856
3031,1790556277.639040947,3.100065,0,0,0.010391,0.000290,0.083700,2.837203,0.006559,0.014207,2.822996,0.002970,0.068747
3032,1790556277.739268780,2.330374,0,0,0.009555,0.000305,0.052622,2.150957,0.005283,0.011020,2.139937,0.002236,0.060274
3033,1790556277.939622641,2.385781,0,0,0.007092,0.000490,0.051937,2.195606,0.005168,0.012518,2.183088,0.002739,0.064644
3034,1790556278.039845467,2.406876,0,0,0.008756,0.000373,0.057341,2.151134,0.006461,0.014012,2.137122,0.018885,0.094433
3035,1790556278.140030146,2.297761,0,0,0.007070,0.000220,0.051644,2.037658,0.005422,0.012984,2.024674,0.002864,0.116274
3036,1790556278.240241289,2.326531,0,0,0.006575,0.000261,0.049211,2.087850,0.007614,0.015484,2.072366,0.003172,0.083835
3037,1790556278.340446234,2.550772,0,0,0.013065,0.000566,0.088644,2.243882,0.007690,0.015233,2.228649,0.003060,0.100286
3038,1790556278.540830135,2.247685,0,0,0.005589,0.000173,0.047815,2.041172,0.005077,0.012360,2.028812,0.002578,0.088846
3039,1790556278.641028166,2.320227,0,0,0.007214,0.000243,0.048368,2.132895,0.005312,0.011962,2.120933,0.002227,0.068750
3040,1790556278.741231203,2.444999,0,0,0.007373,0.000257,0.050877,2.209550,0.006751,0.012880,2.196670,0.002604,0.087240
3041,1790556278.841398001,2.707996,0,0,0.009038,0.000242,0.073501,2.321813,0.014143,0.022616,2.299197,0.005356,0.137127
3042,1790556278.941575766,2.232269,0,0,0.007908,0.000305,0.051646,2.027481,0.005990,0.011777,2.015704,0.002169,0.075968
3043,1790556279.041787386,2.935492,0,0,0.026831,0.000428,0.110467,2.564894,0.005666,0.013468,2.551426,0.002403,0.066181
3044,1790556279.142016411,3.052053,0,0,0.008534,0.000355,0.051438,2.809583,0.010133,0.021170,2.788413,0.003878,0.075182
3045,1790556279.242201090,2.473578,0,0,0.006614,0.000214,0.049364,2.241287,0.007786,0.017031,2.224256,0.004589,0.084044
3046,1790556279.342429399,2.482359,0,0,0.007881,0.000235,0.049607,2.253824,0.007035,0.031367,2.222457,0.002780,0.098477
3047,1790556279.442579031,2.855580,0,0,0.017675,0.000757,0.108074,2.537270,0.006257,0.013812,2.523458,0.002971,0.079699
3048,1790556279.542767525,3.268915,0,0,0.008186,0.000294,0.051622,3.058845,0.005822,0.015706,3.043139,0.003348,0.064853
3049,1790556279.642972469,2.744057,0,0,0.019427,0.000270,0.064946,2.472526,0.005985,0.015016,2.457510,0.017523,0.061464
3050,1790556279.843391657,2.442272,0,0,0.008456,0.000289,0.050541,2.225781,0.005269,0.017324,2.208457,0.002694,0.076534
3051,1790556280.143983364,2.367120,0,0,0.006621,0.000223,0.063006,2.157147,0.005347,0.013476,2.143671,0.002579,0.070135
3052,1790556280.244138718,2.461265,0,0,0.011219,0.000273,0.057507,2.195703,0.006581,0.016719,2.178984,0.003465,0.098998
3053,1790556280.544758081,2.327398,0,0,0.008197,0.000286,0.062454,2.089046,0.006705,0.014860,2.074186,0.002498,0.081484
3054,1790556280.644961834,2.315052,0,0,0.008849,0.000182,0.054961,2.071631,0.007301,0.017232,2.054399,0.004029,0.086271
3055,1790556280.745127439,2.469362,0,0,0.009879,0.000311,0.066927,2.190049,0.008227,0.018797,2.171252,0.003875,0.096092
3056,1790556280.845302820,2.437243,0,0,0.009856,0.000327,0.053063,2.207408,0.008134,0.021419,2.185989,0.003096,0.075366
3057,1790556280.945493221,2.243817,0,0,0.013579,0.000205,0.058135,2.007088,0.006702,0.014261,1.992827,0.002684,0.085434
3058,1790556281.145944834,2.351291,0,0,0.013684,0.000530,0.063300,2.121903,0.006567,0.013311,2.108592,0.002559,0.076800
3059,1790556281.246117592,2.450244,0,0,0.009703,0.000174,0.053988,2.230557,0.007640,0.014823,2.215734,0.003149,0.066424
3060,1790556281.346341133,2.608676,0,0,0.014640,0.000242,0.056426,2.360943,0.008639,0.019024,2.341919,0.003622,0.067794
3061,1790556281.446501970,2.513844,0,0,0.009416,0.000212,0.051656,2.175308,0.012044,0.024476,2.150832,0.006589,0.130305
3062,1790556281.546697140,2.735677,0,0,0.012320,0.000455,0.067460,2.463100,0.006545,0.018501,2.444599,0.002994,0.082491
3063,1790556281.646896362,2.331648,0,0,0.010226,0.000224,0.057307,2.126152,0.006353,0.013293,2.112859,0.002490,0.062548
3064,1790556281.747130871,2.369482,0,0,0.009839,0.000330,0.056873,2.146789,0.005637,0.012555,2.134234,0.002632,0.080500
3065,1790556281.847296953,2.355968,0,0,0.009103,0.000246,0.058670,2.083102,0.006580,0.015294,2.067808,0.002912,0.081736
3066,1790556282.047696829,2.426874,0,0,0.008973,0.000257,0.054381,2.215659,0.007197,0.013765,2.201894,0.003172,0.064274
3067,1790556282.147910118,3.269055,0,0,0.010297,0.000222,0.060984,2.835690,0.015979,0.036257,2.799433,0.005908,0.149935
3068,1790556282.348305941,2.380881,0,0,0.009975,0.000336,0.060223,2.144223,0.005770,0.013364,2.130859,0.002327,0.082688
3069,1790556282.448475838,2.727599,0,0,0.010815,0.000214,0.057313,2.400421,0.011268,0.023369,2.377052,0.004401,0.111439
3070,1790556282.849294186,2.829161,0,0,0.010309,0.000337,0.057794,2.589320,0.008760,0.023246,2.566074,0.003766,0.074237
3071,1790556282.949454546,2.213853,0,0,0.005687,0.000178,0.048329,1.988108,0.007052,0.015853,1.972255,0.003277,0.079067
3072,1790556283.049649239,2.354714,0,0,0.016673,0.000266,0.051961,2.116769,0.006762,0.015657,2.101112,0.003142,0.073866
3073,1790556283.149868011,2.248281,0,0,0.008768,0.000224,0.048311,1.975859,0.010228,0.019934,1.955925,0.004781,0.097167
3074,1790556283.250081301,2.472314,0,0,0.005295,0.000233,0.046700,2.168001,0.008230,0.020765,2.147236,0.004145,0.128568
3075,1790556283.350211620,2.456056,0,0,0.011799,0.000282,0.071942,2.223198,0.006032,0.014896,2.208302,0.002521,0.067600
3076,1790556283.450408936,2.710602,0,0,0.009213,0.000401,0.057470,2.494671,0.006244,0.014502,2.480169,0.002447,0.066595
3077,1790556283.550603151,2.890608,0,0,0.014586,0.000424,0.101448,2.569426,0.008080,0.020820,2.548606,0.003539,0.098479
3078,1790556283.650859118,2.774383,0,0,0.010164,0.000252,0.054155,2.552726,0.006356,0.016321,2.536405,0.002679,0.070393
3079,1790556283.751030445,2.382877,0,0,0.007212,0.000251,0.053745,2.187311,0.005241,0.012298,2.175013,0.002339,0.074009
3080,1790556283.851223707,3.174930,0,0,0.012043,0.000326,0.069705,2.696142,0.027859,0.048481,2.647661,0.009995,0.129009
3081,1790556283.951389790,2.897452,0,0,0.006616,0.000210,0.065021,2.686859,0.006089,0.014842,2.672017,0.002481,0.069416
3082,1790556284.051614761,2.260366,0,0,0.011958,0.000478,0.071982,2.027011,0.019528,0.011635,2.015376,0.002151,0.059706
3083,1790556284.151834726,2.411254,0,0,0.009396,0.000520,0.052157,2.223114,0.005375,0.012216,2.210898,0.002979,0.063792
3084,1790556284.252009630,2.619179,0,0,0.009006,0.000218,0.053516,2.435981,0.005296,0.012072,2.423909,0.002774,0.061316
3085,1790556284.352239847,2.795841,0,0,0.010227,0.000296,0.065414,2.564260,0.007698,0.014812,2.549448,0.003065,0.067987
3086,1790556284.452429771,2.716537,0,0,0.008346,0.000334,0.049663,2.536903,0.005132,0.012961,2.523942,0.002589,0.063555
3087,1790556284.552636147,2.640565,0,0,0.005143,0.000196,0.047447,2.427987,0.005703,0.011230,2.416757,0.002625,0.102849
3088,1790556284.652823925,2.486760,0,0,0.006631,0.000233,0.048559,2.294682,0.026641,0.011619,2.283063,0.002588,0.059764
3089,1790556284.753023386,2.329127,0,0,0.007207,0.000168,0.050956,2.135821,0.005984,0.029626,2.106195,0.002139,0.061286
3090,1790556284.953384876,2.345395,0,0,0.008646,0.000197,0.051052,2.120849,0.005989,0.011322,2.109527,0.002110,0.079762
3091,1790556285.053776026,2.761825,0,0,0.005739,0.000270,0.061774,2.409525,0.013539,0.025996,2.383529,0.006107,0.123225
3092,1790556285.153809547,2.390875,0,0,0.010113,0.000223,0.061865,2.197451,0.004986,0.013016,2.184435,0.002725,0.064386
3093,1790556285.354177952,2.281052,0,0,0.009279,0.000240,0.051975,1.983536,0.006575,0.014261,1.969275,0.003402,0.140462
3094,1790556285.454392910,2.766302,0,0,0.007199,0.000264,0.060205,2.566862,0.005773,0.013889,2.552973,0.002719,0.063447
3095,1790556285.554620981,2.834628,0,0,0.006888,0.000300,0.055151,2.608823,0.009328,0.024128,2.584695,0.003595,0.070864
3096,1790556285.654760599,2.336273,0,0,0.018840,0.000690,0.135120,2.057059,0.005973,0.012159,2.044900,0.002226,0.061563
3097,1790556285.855157852,2.348622,0,0,0.007404,0.000240,0.064026,2.135860,0.006273,0.014524,2.121336,0.002382,0.067678
3098,1790556285.955345392,2.338313,0,0,0.009848,0.000188,0.072615,2.126083,0.005343,0.011825,2.114258,0.002332,0.063820
3099,1790556286.155758619,2.785803,0,0,0.008464,0.000313,0.071602,2.400123,0.013598,0.023115,2.377008,0.004407,0.156433
3100,1790556286.255964279,2.457192,0,0,0.010530,0.000293,0.059195,2.256509,0.005305,0.012416,2.244093,0.002139,0.068168
3101,1790556286.356215954,2.687258,0,0,0.009138,0.000498,0.054499,2.417115,0.005659,0.013629,2.403486,0.002872,0.114439
3102,1790556286.456353903,2.532234,0,0,0.009140,0.000258,0.097853,2.289978,0.006126,0.013786,2.276192,0.002467,0.063646
3103,1790556286.556576490,2.618052,0,0,0.023122,0.000213,0.051545,2.397440,0.006048,0.014208,2.383232,0.002353,0.068336
3104,1790556286.656757355,2.550726,0,0,0.009408,0.000385,0.058698,2.348816,0.005881,0.014002,2.334814,0.002942,0.063845
3105,1790556286.756929398,2.525205,0,0,0.010389,0.000254,0.065670,2.301562,0.005419,0.013776,2.287786,0.002682,0.080219
3106,1790556286.957340002,2.150304,0,0,0.009589,0.000400,0.053538,1.966092,0.004966,0.011657,1.954435,0.002743,0.061803
3107,1790556287.057489872,2.229979,0,0,0.009649,0.000348,0.050990,2.045566,0.006208,0.011404,2.034162,0.002113,0.061878
3108,1790556287.157705307,2.607313,0,0,0.010796,0.000266,0.058544,2.388632,0.006043,0.013066,2.375566,0.002230,0.076033
3109,1790556287.257993460,2.418473,0,0,0.006764,0.000212,0.063466,2.233543,0.005479,0.011052,2.222491,0.002301,0.059229
3110,1790556287.358151197,2.424417,0,0,0.007163,0.000185,0.055071,2.244777,0.004924,0.010974,2.233803,0.002337,0.061226
3111,1790556287.458327532,2.577593,0,0,0.005779,0.000187,0.046859,2.392075,0.004969,0.011227,2.380848,0.002654,0.075334
3112,1790556287.558531761,2.512708,0,0,0.006170,0.000247,0.047726,2.340768,0.005255,0.011656,2.329112,0.002175,0.061393
3113,1790556287.658717394,2.535775,0,0,0.007263,0.000282,0.050787,2.357706,0.005267,0.011602,2.346104,0.002283,0.061002
3114,1790556287.758891106,2.425196,0,0,0.006696,0.000176,0.051365,2.241728,0.005769,0.011404,2.230324,0.002458,0.064959
3115,1790556287.859092712,2.389154,0,0,0.007645,0.000347,0.062133,2.169571,0.005373,0.015514,2.154057,0.002747,0.073958
3116,1790556288.059514284,3.104380,0,0,0.013723,0.000355,0.085275,2.852068,0.006111,0.015551,2.836517,0.002572,0.065750
3117,1790556288.159714222,3.301688,0,0,0.023556,0.000256,0.089268,3.019466,0.006057,0.015038,3.004428,0.002427,0.076652
3118,1790556288.259882450,3.506747,0,0,0.008332,0.000231,0.053790,3.109434,0.014712,0.033174,3.076260,0.005282,0.121792
3119,1790556288.360079288,3.104420,0,0,0.006256,0.000238,0.086140,2.806368,0.024656,0.038746,2.767622,0.003866,0.072735
3120,1790556288.460272074,2.620329,0,0,0.010015,0.000294,0.060645,2.409257,0.005380,0.012304,2.396953,0.002564,0.065032
3121,1790556288.560437441,2.870504,0,0,0.007709,0.000280,0.053133,2.631500,0.006144,0.014107,2.617393,0.002466,0.073865
3122,1790556288.660648823,3.363959,0,0,0.011559,0.000292,0.105056,2.978311,0.006350,0.014594,2.963717,0.003332,0.106922
3123,1790556288.760849476,2.965373,0,0,0.008612,0.000284,0.061469,2.682091,0.006576,0.028928,2.653163,0.003854,0.091745
3124,1790556288.861027241,3.462707,0,0,0.013776,0.000278,0.116544,3.115216,0.008885,0.035673,3.079543,0.003475,0.109492
3125,1790556288.961287737,2.889231,0,0,0.009278,0.000256,0.063063,2.638871,0.008943,0.014887,2.623984,0.002344,0.067977
3126,1790556289.061478138,2.396806,0,0,0.010746,0.000251,0.055955,2.187620,0.006021,0.013777,2.173843,0.002788,0.062243
3127,1790556289.261839151,3.022236,0,0,0.006450,0.000660,0.149840,2.691921,0.006310,0.016059,2.675862,0.002515,0.077709
3128,1790556289.362066269,3.138195,0,0,0.013146,0.000440,0.114804,2.837435,0.006631,0.016199,2.821236,0.002816,0.077136
3129,1790556289.462229729,3.121996,0,0,0.009852,0.000499,0.062696,2.853189,0.006343,0.014486,2.838703,0.002625,0.092493
3130,1790556289.562450171,3.019492,0,0,0.025504,0.000260,0.069929,2.772058,0.005963,0.014763,2.757295,0.002524,0.069985
3131,1790556289.662627697,2.883632,0,0,0.011240,0.000254,0.081896,2.624159,0.005446,0.018846,2.605313,0.002860,0.086566
3132,1790556289.762837648,3.342824,0,0,0.026554,0.000252,0.151118,3.007507,0.006864,0.014854,2.992653,0.002323,0.070169
3133,1790556289.863029480,2.935984,0,0,0.010944,0.000279,0.071819,2.671774,0.006641,0.016305,2.655469,0.002766,0.092171
3134,1790556289.963408709,3.265018,0,0,0.008442,0.000247,0.076486,3.016197,0.008315,0.018583,2.997614,0.003358,0.071353
3135,1790556290.163629055,2.702126,0,0,0.010195,0.000190,0.070947,2.444542,0.005569,0.013161,2.431381,0.006433,0.085969
3136,1790556290.263801336,2.197677,0,0,0.006928,0.000395,0.051869,2.007056,0.005852,0.012278,1.994778,0.002346,0.063405
3137,1790556290.364008188,3.261566,0,0,0.007248,0.000203,0.075431,2.982826,0.008235,0.017906,2.964920,0.003985,0.104967
3138,1790556290.464169264,2.656861,0,0,0.008347,0.000290,0.052778,2.281045,0.021734,0.039691,2.241354,0.010193,0.098980
3139,1790556290.564363480,2.264573,0,0,0.008498,0.000264,0.054246,2.049190,0.006095,0.012317,2.036873,0.002639,0.073920
3140,1790556290.664591074,2.111116,0,0,0.008140,0.000308,0.052483,1.915657,0.005356,0.012848,1.902809,0.002254,0.066787
3141,1790556290.764791727,2.339694,0,0,0.010085,0.000556,0.060625,2.090289,0.007538,0.019993,2.070296,0.003587,0.078187
3142,1790556290.864954710,2.257331,0,0,0.007788,0.000176,0.049973,2.073395,0.005011,0.011754,2.061641,0.002971,0.063606
3143,1790556290.965180635,2.347602,0,0,0.007796,0.000184,0.051294,2.108604,0.008723,0.015770,2.092834,0.003803,0.089243
3144,1790556291.065394402,2.520303,0,0,0.010731,0.000417,0.069837,2.270722,0.008248,0.016958,2.253764,0.003661,0.086954
3145,1790556291.165557623,2.840757,0,0,0.014004,0.000359,0.130590,2.546658,0.005346,0.012470,2.534188,0.002397,0.081689
3146,1790556291.265772104,2.482800,0,0,0.009153,0.000246,0.049900,2.279786,0.005432,0.012237,2.267549,0.001908,0.073924
3147,1790556291.365967989,2.348250,0,0,0.008466,0.000343,0.052482,2.149629,0.005319,0.012066,2.137563,0.002176,0.076506
3148,1790556291.466155767,2.570767,0,0,0.008496,0.000295,0.050317,2.350474,0.005078,0.011114,2.339360,0.001986,0.081647
3149,1790556291.566410542,2.414898,0,0,0.008818,0.000229,0.052407,2.238980,0.005150,0.010945,2.228035,0.002472,0.058479
3150,1790556291.666572094,2.537138,0,0,0.008782,0.000324,0.053891,2.359935,0.005328,0.011502,2.348433,0.001917,0.059252
3151,1790556291.766787291,2.387827,0,0,0.008340,0.000232,0.050815,2.180059,0.005278,0.010939,2.169120,0.002067,0.090473
3152,1790556291.866966724,2.450993,0,0,0.008155,0.000222,0.050244,2.245793,0.005676,0.011656,2.234137,0.002300,0.060139
3153,1790556291.967180967,2.340635,0,0,0.008910,0.000235,0.055766,2.163181,0.004676,0.011244,2.151937,0.002148,0.060238
3154,1790556292.067360401,2.378222,0,0,0.012917,0.000234,0.067324,2.164869,0.005270,0.011424,2.153445,0.002507,0.076264
3155,1790556292.167563438,2.528139,0,0,0.008905,0.000271,0.052095,2.332026,0.006475,0.011790,2.320236,0.001996,0.061775
3156,1790556292.267756224,2.214480,0,0,0.008830,0.000227,0.055990,2.001961,0.005793,0.012841,1.989120,0.002330,0.065652
3157,1790556292.468141079,2.305371,0,0,0.005851,0.000186,0.052305,2.110794,0.005912,0.012057,2.098737,0.002862,0.068275
3158,1790556292.568382740,2.317359,0,0,0.009438,0.000261,0.064558,2.121463,0.005032,0.012016,2.109447,0.002394,0.060143
3159,1790556292.668528080,3.415507,0,0,0.010245,0.000287,0.090961,3.141670,0.005744,0.014164,3.127506,0.002818,0.088943
3160,1790556292.768693209,2.278509,0,0,0.008818,0.000227,0.051355,2.012946,0.009463,0.020413,1.992533,0.003718,0.093196
3161,1790556292.969121933,2.413924,0,0,0.009523,0.000283,0.060240,2.158636,0.020517,0.059876,2.098760,0.002854,0.083622
3162,1790556293.069306850,2.298295,0,0,0.005776,0.000180,0.048859,2.084608,0.005361,0.011951,2.072657,0.002958,0.078767
3163,1790556293.169482470,2.350522,0,0,0.006366,0.000242,0.064904,2.144557,0.005603,0.012688,2.131869,0.002614,0.068296
3164,1790556293.269735336,2.195178,0,0,0.005417,0.000177,0.049352,2.002700,0.005652,0.011564,1.991136,0.002189,0.076459
3165,1790556293.369892836,2.724438,0,0,0.007542,0.000259,0.060785,2.340595,0.007464,0.014178,2.326417,0.003064,0.167875
3166,1790556293.470102787,3.187990,0,0,0.011818,0.000239,0.075326,2.933158,0.006051,0.015423,2.917735,0.002790,0.082657
3167,1790556293.570280552,2.753572,0,0,0.007111,0.000273,0.063711,2.527662,0.005882,0.016110,2.511552,0.002709,0.070399
3168,1790556293.670524120,2.530574,0,0,0.009383,0.000187,0.077600,2.300292,0.006736,0.030045,2.270247,0.003064,0.064269
3169,1790556293.770717859,2.479764,0,0,0.019736,0.000633,0.153430,2.173543,0.005366,0.012796,2.160747,0.002578,0.065900
3170,1790556293.971072197,2.352749,0,0,0.009127,0.000245,0.054519,2.120126,0.007325,0.015848,2.104278,0.003437,0.080400
3171,1790556294.071267605,2.328701,0,0,0.008675,0.000219,0.054042,2.135486,0.005483,0.013338,2.122148,0.002666,0.065506
3172,1790556294.171438932,2.289210,0,0,0.021013,0.000228,0.050723,2.072113,0.005204,0.011498,2.060615,0.002566,0.081152
3173,1790556294.271694899,2.452865,0,0,0.007584,0.000584,0.049567,2.129969,0.025171,0.015762,2.114207,0.004504,0.119631
3174,1790556294.371858835,2.820831,0,0,0.005655,0.000183,0.055533,2.618913,0.006229,0.013618,2.605295,0.002671,0.068234
3175,1790556294.472052336,2.708147,0,0,0.006265,0.000575,0.056674,2.472508,0.005962,0.013548,2.458960,0.002686,0.096814
3176,1790556294.572218418,2.287925,0,0,0.005911,0.000261,0.088417,2.048883,0.005334,0.011939,2.036944,0.002960,0.078481
3177,1790556294.772676945,2.379838,0,0,0.007283,0.000223,0.064296,2.117444,0.005256,0.025213,2.092231,0.002469,0.100842
3178,1790556294.872930288,2.757074,0,0,0.009235,0.000288,0.060495,2.474651,0.009017,0.016975,2.457676,0.004341,0.099452
3179,1790556294.973043680,3.129771,0,0,0.014725,0.000331,0.091112,2.865475,0.006466,0.015429,2.850046,0.002633,0.077427
3180,1790556295.073235273,2.524631,0,0,0.008063,0.000260,0.054728,2.323592,0.005948,0.012942,2.310650,0.002292,0.066608
3181,1790556295.173455000,2.485809,0,0,0.009781,0.000215,0.062707,2.288010,0.005340,0.012128,2.275882,0.002344,0.065196
3182,1790556295.273622990,3.207985,0,0,0.008930,0.000375,0.056982,2.991238,0.005737,0.014544,2.976694,0.002875,0.066400
3183,1790556295.373797655,3.019001,0,0,0.006349,0.000255,0.067552,2.757681,0.010341,0.017259,2.740422,0.003395,0.073951
3184,1790556295.474023104,2.932880,0,0,0.006622,0.000180,0.073586,2.595390,0.006002,0.013511,2.581879,0.002302,0.178018
3185,1790556295.574250221,2.687417,0,0,0.007620,0.000307,0.081108,2.414853,0.008050,0.016629,2.398224,0.003430,0.067316
3186,1790556295.774630547,2.915239,0,0,0.010998,0.000344,0.064603,2.663845,0.006876,0.014881,2.648964,0.002689,0.073062
3187,1790556295.874811172,3.195411,0,0,0.013149,0.000358,0.068235,2.960148,0.006883,0.015570,2.944578,0.002556,0.069197
3188,1790556295.975018740,3.347538,0,0,0.007868,0.000257,0.067780,2.988290,0.006809,0.022490,2.965800,0.002560,0.107499
3189,1790556296.075197458,2.477329,0,0,0.011019,0.000246,0.084533,2.179906,0.006103,0.014199,2.165707,0.002487,0.085812
3190,1790556296.375801086,2.898717,0,0,0.009986,0.000286,0.064540,2.597174,0.007627,0.035597,2.561577,0.002780,0.118990
3191,1790556296.475985050,3.267757,0,0,0.006043,0.000280,0.058452,3.003220,0.007065,0.022428,2.980792,0.003133,0.094222
3192,1790556296.676378250,2.679806,0,0,0.008842,0.000274,0.063020,2.447783,0.007883,0.020184,2.427599,0.003414,0.070112
3193,1790556296.776586056,2.347495,0,0,0.012693,0.000228,0.064600,2.120217,0.005945,0.015198,2.105019,0.003036,0.066880
3194,1790556296.976969004,2.956606,0,0,0.010279,0.000270,0.060413,2.733274,0.006680,0.015744,2.717530,0.002576,0.069274
3195,1790556297.077163696,2.570328,0,0,0.009344,0.000269,0.066020,2.368309,0.005584,0.012465,2.355844,0.002459,0.060958
3196,1790556297.177372456,2.892168,0,0,0.007096,0.000260,0.067556,2.583415,0.006900,0.014543,2.568872,0.002964,0.090981
3197,1790556297.277580500,3.011431,0,0,0.007529,0.000281,0.060375,2.788056,0.005626,0.014766,2.773290,0.002823,0.069995
3198,1790556297.377782345,2.653995,0,0,0.011293,0.000228,0.091037,2.382317,0.005446,0.013165,2.369152,0.002504,0.088058
3199,1790556297.477916956,3.499078,0,0,0.014630,0.000486,0.099686,3.221938,0.007298,0.016177,3.205761,0.002687,0.069933
3200,1790556297.578192949,2.649593,0,0,0.016138,0.000241,0.100537,2.349153,0.005251,0.014099,2.335054,0.002807,0.113795
3201,1790556297.678335905,2.963848,0,0,0.012543,0.000439,0.093576,2.672710,0.006243,0.016059,2.656651,0.002816,0.098700
3202,1790556297.878766537,2.340034,0,0,0.010037,0.000718,0.051852,2.099998,0.006775,0.015630,2.084368,0.002859,0.092497
3203,1790556297.978966475,2.286701,0,0,0.008744,0.000396,0.071409,2.050274,0.005699,0.013503,2.036771,0.002919,0.082190
3204,1790556298.079117537,2.514436,0,0,0.006382,0.000172,0.051814,2.212458,0.012460,0.027549,2.184909,0.005277,0.092037
3205,1790556298.179319620,2.299120,0,0,0.005636,0.000275,0.049466,2.026958,0.009681,0.023802,2.003156,0.003794,0.090410
3206,1790556298.279522657,2.576713,0,0,0.008323,0.000242,0.050086,2.210727,0.023276,0.030573,2.180154,0.004862,0.142598
3207,1790556298.379741669,2.530649,0,0,0.007407,0.000221,0.052152,2.028204,0.029057,0.043021,1.985183,0.010659,0.241966
3208,1790556298.479949236,2.446948,0,0,0.008148,0.000280,0.051159,2.129493,0.010462,0.027321,2.102172,0.004506,0.105078
3209,1790556298.580148220,2.431054,0,0,0.008691,0.000287,0.051004,2.174662,0.008564,0.019241,2.155421,0.003602,0.084261
3210,1790556298.680349588,2.276363,0,0,0.007757,0.000317,0.053733,2.070000,0.005381,0.012447,2.057553,0.002356,0.072368
3211,1790556298.780540705,2.282871,0,0,0.008887,0.000266,0.051266,1.985570,0.022688,0.016610,1.968960,0.004247,0.095168
3212,1790556298.880695343,2.469509,0,0,0.008224,0.000344,0.050585,2.169687,0.008447,0.019141,2.150546,0.004133,0.106116
3213,1790556298.980892897,3.653809,0,0,0.011267,0.000323,0.074853,2.994162,0.014747,0.052050,2.942112,0.007826,0.247054
3214,1790556299.081098557,2.760551,0,0,0.008597,0.000192,0.074663,2.421722,0.009048,0.015150,2.406572,0.003514,0.113175
3215,1790556299.181280851,2.514753,0,0,0.009687,0.000385,0.058478,2.280083,0.005712,0.013790,2.266293,0.002739,0.099956
3216,1790556299.281480074,2.372917,0,0,0.005822,0.000161,0.062637,2.106336,0.005580,0.011101,2.095235,0.015561,0.109124
3217,1790556299.481904268,2.324385,0,0,0.007674,0.000194,0.053269,2.085321,0.006247,0.013498,2.071823,0.002584,0.082209
3218,1790556299.582075834,2.465975,0,0,0.011767,0.000311,0.060058,2.195629,0.005745,0.026297,2.169332,0.002637,0.108253
3219,1790556299.682262182,2.202553,0,0,0.005781,0.000264,0.048597,2.017112,0.004751,0.011092,2.006020,0.002471,0.058368
3220,1790556299.882672787,2.361854,0,0,0.008290,0.000377,0.050501,2.135638,0.006194,0.015551,2.120087,0.002882,0.072098
3221,1790556299.982858181,2.424531,0,0,0.006403,0.000311,0.067108,2.227524,0.005706,0.012396,2.215128,0.002598,0.059955
3222,1790556300.183246374,2.457167,0,0,0.007324,0.000271,0.052913,2.204171,0.007440,0.016127,2.188044,0.003708,0.085217
3223,1790556300.283414602,2.471011,0,0,0.009572,0.000278,0.055915,2.128237,0.008562,0.016163,2.112074,0.004191,0.142835
3224,1790556300.383668423,3.034390,0,0,0.011375,0.000278,0.097316,2.451570,0.016863,0.043154,2.408416,0.006491,0.171148
3225,1790556300.483836889,2.701380,0,0,0.008259,0.000331,0.053924,2.407923,0.007832,0.023291,2.384632,0.004087,0.111230
3226,1790556300.584039450,2.426628,0,0,0.005235,0.000326,0.048650,2.221771,0.005247,0.012705,2.209066,0.006016,0.075117
3227,1790556300.684261084,2.462327,0,0,0.007677,0.000245,0.049882,2.277865,0.005339,0.012179,2.265686,0.002320,0.064343
3228,1790556300.784420490,3.121415,0,0,0.009591,0.000250,0.067015,2.827137,0.010107,0.015889,2.811248,0.003705,0.096872
3229,1790556300.884653091,3.074826,0,0,0.017593,0.000424,0.114965,2.777971,0.006574,0.015896,2.762075,0.003281,0.068912
3230,1790556301.085036516,3.120704,0,0,0.012190,0.000248,0.079763,2.830740,0.007019,0.019897,2.810843,0.002554,0.091989
3231,1790556301.185214520,3.133638,0,0,0.008131,0.000571,0.061740,2.864270,0.006599,0.014808,2.849462,0.002486,0.083437
3232,1790556301.285402298,2.893345,0,0,0.008703,0.000469,0.065100,2.652206,0.005744,0.014649,2.637557,0.002853,0.079807
3233,1790556301.385608196,3.000507,0,0,0.010293,0.000267,0.062917,2.757148,0.006409,0.014112,2.743036,0.002593,0.086140
3234,1790556301.485832691,3.068140,0,0,0.009028,0.000334,0.056600,2.777796,0.007072,0.016193,2.761603,0.006131,0.069391
3235,1790556301.586007833,3.098921,0,0,0.009215,0.000188,0.096522,2.814267,0.006603,0.014374,2.799893,0.002553,0.090405
3236,1790556301.686198711,2.962923,0,0,0.009207,0.000187,0.082072,2.709346,0.006326,0.013941,2.695405,0.002780,0.072800
3237,1790556301.786386490,2.688428,0,0,0.012066,0.000397,0.066827,2.460938,0.006153,0.014480,2.446458,0.002429,0.067332
3238,1790556301.886566639,3.365782,0,0,0.007045,0.000244,0.053849,3.132002,0.006625,0.018874,3.113128,0.002938,0.075724
3239,1790556301.986974239,3.300095,0,0,0.007679,0.000180,0.067677,3.024128,0.006495,0.015048,3.009080,0.003069,0.106018
3240,1790556302.087014914,2.836897,0,0,0.013034,0.000489,0.084547,2.562389,0.006909,0.016503,2.545886,0.004052,0.074746
3241,1790556302.187201977,2.820275,0,0,0.009747,0.000705,0.084528,2.536157,0.007102,0.014922,2.521235,0.003297,0.087801
3242,1790556302.287401199,2.593756,0,0,0.021824,0.000309,0.051225,2.380551,0.006127,0.012863,2.367688,0.002230,0.060425
3243,1790556302.387619019,2.533019,0,0,0.006541,0.000252,0.051190,2.345093,0.005641,0.013088,2.332005,0.002628,0.063731
3244,1790556302.487816334,3.140504,0,0,0.010732,0.000414,0.059588,2.881960,0.006223,0.013104,2.868856,0.002677,0.105757
3245,1790556302.587966681,3.199825,0,0,0.012128,0.000362,0.085318,2.944882,0.006073,0.031009,2.913873,0.002689,0.071424
3246,1790556302.688190937,2.748241,0,0,0.007016,0.000379,0.084313,2.476198,0.005717,0.017449,2.458749,0.002935,0.090387
3247,1790556302.788382769,2.559914,0,0,0.006184,0.000176,0.049862,2.260602,0.020216,0.032385,2.228217,0.003796,0.105978
3248,1790556302.888633966,2.641030,0,0,0.007214,0.000295,0.051627,2.429108,0.006767,0.014895,2.414213,0.002639,0.072843
3249,1790556302.988776445,2.516263,0,0,0.007051,0.000199,0.049365,2.288320,0.006163,0.015762,2.272558,0.002985,0.092061
3250,1790556303.088966370,2.685303,0,0,0.007901,0.000295,0.052220,2.469094,0.005856,0.029059,2.440035,0.002577,0.066834
3251,1790556303.189171791,2.771275,0,0,0.006355,0.000178,0.055545,2.512001,0.005791,0.014346,2.497655,0.002954,0.097920
3252,1790556303.289402008,3.124977,0,0,0.012822,0.000229,0.078325,2.795247,0.005937,0.015565,2.779682,0.003279,0.150321
3253,1790556303.389540434,2.453833,0,0,0.006236,0.000230,0.048034,2.286441,0.005038,0.011335,2.275106,0.002053,0.059608
3254,1790556303.489747286,3.167112,0,0,0.028473,0.000209,0.099300,2.868718,0.006348,0.015153,2.853565,0.002932,0.089405
3255,1790556303.589957237,2.515994,0,0,0.008492,0.000245,0.052712,2.291730,0.006260,0.018732,2.272998,0.002793,0.082133
3256,1790556303.690151691,2.557295,0,0,0.007829,0.000249,0.051200,2.341531,0.006565,0.013472,2.328059,0.002427,0.073771
3257,1790556303.790360212,3.235278,0,0,0.012891,0.000291,0.111816,2.863487,0.007179,0.057019,2.806468,0.003059,0.123345
3258,1790556303.890572548,2.579293,0,0,0.010713,0.000189,0.048753,2.368111,0.006372,0.014358,2.353753,0.002405,0.070874
3259,1790556303.990722656,2.649579,0,0,0.008322,0.000309,0.070959,2.411852,0.005750,0.013073,2.398779,0.010001,0.074430
3260,1790556304.090929270,2.822718,0,0,0.044072,0.000296,0.155178,2.439193,0.007915,0.013482,2.425711,0.003002,0.089714
3261,1790556304.191142082,2.524755,0,0,0.006794,0.000208,0.050077,2.331004,0.005191,0.012563,2.318441,0.002627,0.067331
3262,1790556304.291319370,2.506993,0,0,0.006196,0.000190,0.049113,2.257867,0.005898,0.012986,2.244881,0.002287,0.125336
3263,1790556304.391523361,2.505436,0,0,0.008694,0.000284,0.053898,2.244872,0.009110,0.019657,2.225215,0.003948,0.074903
3264,1790556304.491724730,2.455675,0,0,0.007177,0.000261,0.051485,2.218519,0.009575,0.017816,2.200703,0.003184,0.068062
3265,1790556304.591892004,2.996376,0,0,0.008386,0.000349,0.055895,2.780644,0.005799,0.014241,2.766403,0.002966,0.069342
3266,1790556304.692124128,2.917374,0,0,0.009364,0.000280,0.055802,2.652135,0.009533,0.020186,2.631949,0.003568,0.083395
3267,1790556304.792315245,2.678340,0,0,0.013598,0.000402,0.070328,2.422808,0.006722,0.017342,2.405466,0.002945,0.073358
3268,1790556304.892474174,2.636953,0,0,0.008377,0.000244,0.069409,2.391476,0.009498,0.019313,2.372163,0.004673,0.072764
3269,1790556304.992679596,2.423309,0,0,0.007995,0.000306,0.066513,2.190289,0.006316,0.014542,2.175747,0.002522,0.074570
3270,1790556305.193037748,2.702768,0,0,0.011610,0.000357,0.111143,2.368830,0.005738,0.026777,2.342053,0.002139,0.087357
3271,1790556305.293289900,2.377440,0,0,0.010300,0.000367,0.078870,2.140243,0.006492,0.014874,2.125369,0.002815,0.066699
3272,1790556305.493654966,2.398655,0,0,0.008005,0.000300,0.052536,2.200633,0.005414,0.011646,2.188987,0.002928,0.068698
3273,1790556305.694046021,2.271510,0,0,0.007885,0.000215,0.064071,2.043369,0.005704,0.013243,2.030126,0.002826,0.071702
3274,1790556305.794250727,2.284929,0,0,0.007953,0.000258,0.051814,1.989508,0.005414,0.013377,1.976131,0.002753,0.140526
3275,1790556305.894466877,3.303839,0,0,0.008262,0.000225,0.085155,2.978541,0.008172,0.018856,2.959685,0.003262,0.126877
3276,1790556305.994644642,2.647137,0,0,0.008460,0.000224,0.054394,2.308175,0.013091,0.019396,2.288779,0.003083,0.154133
3277,1790556306.094862223,2.556432,0,0,0.034298,0.000254,0.066240,2.187291,0.036924,0.018893,2.168398,0.004347,0.138230
3278,1790556306.295231342,2.559810,0,0,0.008012,0.000305,0.052628,2.274023,0.006543,0.019712,2.254311,0.002528,0.125237
3279,1790556306.395427942,2.233148,0,0,0.021609,0.000415,0.068828,2.000395,0.006191,0.015441,1.984954,0.002985,0.071395
3280,1790556306.495645285,2.700589,0,0,0.009601,0.000276,0.063513,2.396666,0.028386,0.025192,2.371474,0.004043,0.088396
3281,1790556306.796245575,2.438038,0,0,0.008080,0.000298,0.067316,2.201963,0.005211,0.012464,2.189499,0.002594,0.081289
3282,1790556306.896452427,2.414506,0,0,0.009297,0.000264,0.069166,2.128615,0.009411,0.013419,2.115196,0.002607,0.087446
3283,1790556306.996606350,2.281329,0,0,0.009654,0.000316,0.054138,2.047905,0.006397,0.012001,2.035904,0.002508,0.079154
3284,1790556307.096832514,2.141733,0,0,0.009062,0.000439,0.051537,1.943576,0.007040,0.014107,1.929469,0.003001,0.064992
3285,1790556307.196991920,2.425866,0,0,0.008788,0.000265,0.050937,2.158006,0.008869,0.020701,2.137305,0.004456,0.088708
3286,1790556307.297216654,3.254620,0,0,0.021916,0.000311,0.075037,2.908684,0.007942,0.021294,2.887390,0.003732,0.120041
3287,1790556307.397383690,2.618189,0,0,0.009056,0.000250,0.059189,2.359957,0.010834,0.020273,2.339684,0.004225,0.080738
3288,1790556307.497584105,2.525172,0,0,0.022103,0.000239,0.050880,2.199373,0.010031,0.033361,2.166012,0.004448,0.101804
3289,1790556307.597806454,2.317657,0,0,0.005268,0.000360,0.047895,2.055729,0.005921,0.012815,2.042914,0.002972,0.101536
3290,1790556307.697947502,2.254135,0,0,0.006784,0.000240,0.048646,2.009716,0.012356,0.018924,1.990792,0.003636,0.096595
3291,1790556307.898399830,2.342430,0,0,0.008222,0.000245,0.050838,2.065357,0.007363,0.014566,2.050791,0.003306,0.111430
3292,1790556307.998618126,2.782928,0,0,0.008243,0.000249,0.056609,2.553327,0.006755,0.016016,2.537311,0.003108,0.070804
3293,1790556308.098775148,2.468109,0,0,0.007001,0.000274,0.051710,2.228506,0.007432,0.015058,2.213448,0.004095,0.082907
3294,1790556308.198962927,2.432550,0,0,0.007605,0.000303,0.054788,2.136727,0.011459,0.034495,2.102232,0.006726,0.081373
3295,1790556308.299154758,2.310045,0,0,0.007822,0.000261,0.060956,2.020122,0.006111,0.016575,2.003547,0.002810,0.141002
3296,1790556308.399349451,2.538106,0,0,0.008402,0.000220,0.057110,2.167569,0.007951,0.032412,2.135157,0.003142,0.170167
3297,1790556308.499569178,2.631399,0,0,0.007782,0.000466,0.056523,2.260578,0.009613,0.018437,2.242141,0.004805,0.120543
3298,1790556308.599745989,2.345148,0,0,0.007325,0.000179,0.054747,2.119509,0.006218,0.012999,2.106510,0.002506,0.084537
3299,1790556308.699961662,2.333561,0,0,0.007143,0.000273,0.074956,2.079245,0.005744,0.012742,2.066503,0.002884,0.094170
3300,1790556308.800164938,2.515182,0,0,0.008460,0.000363,0.056445,2.144221,0.007148,0.032852,2.111369,0.003275,0.141835
3301,1790556308.900353193,2.354249,0,0,0.008399,0.000221,0.050532,2.113489,0.006045,0.030466,2.083023,0.002549,0.112389
3302,1790556309.100728512,2.143987,0,0,0.013567,0.000301,0.052716,1.916537,0.005094,0.012298,1.904239,0.002436,0.092594
3303,1790556309.200975895,2.538491,0,0,0.008522,0.000517,0.069495,2.226249,0.022984,0.029952,2.196297,0.003066,0.117720
3304,1790556309.301159382,2.376933,0,0,0.007674,0.000226,0.049239,2.084431,0.010140,0.019191,2.065240,0.005178,0.109234
3305,1790556309.401330948,2.660340,0,0,0.011357,0.000241,0.059581,2.399674,0.009996,0.016103,2.383571,0.003568,0.088356
3306,1790556309.501485825,2.610532,0,0,0.007675,0.000190,0.098686,2.361550,0.005357,0.013667,2.347883,0.002169,0.083876
3307,1790556309.601705551,2.547990,0,0,0.021183,0.000326,0.085705,2.316347,0.005306,0.012671,2.303676,0.002517,0.060845
3308,1790556309.702499151,2.706578,0,0,0.005291,0.000240,0.047460,2.483386,0.006132,0.013676,2.469710,0.003262,0.095114
3309,1790556309.802415133,2.319102,0,0,0.010750,0.000192,0.050593,2.124646,0.006178,0.012803,2.111843,0.002281,0.064675
3310,1790556310.002498865,2.322320,0,0,0.007814,0.000208,0.049923,2.104692,0.005870,0.039899,2.064793,0.002130,0.095588
3311,1790556310.102667809,2.293493,0,0,0.008382,0.000327,0.065404,2.094358,0.005489,0.011910,2.082448,0.002626,0.063190
3312,1790556310.202894449,2.466762,0,0,0.008533,0.000269,0.049751,2.128509,0.008544,0.015892,2.112617,0.003769,0.155902
3313,1790556310.303078651,2.400434,0,0,0.009975,0.000606,0.055448,2.192299,0.006207,0.013745,2.178554,0.002810,0.070051
3314,1790556310.403246880,2.493294,0,0,0.006685,0.000232,0.079635,2.238614,0.005685,0.013767,2.224847,0.002925,0.088693
3315,1790556310.503468990,2.472613,0,0,0.006634,0.000232,0.054430,2.252614,0.006418,0.012818,2.239796,0.003032,0.081712
3316,1790556310.603695154,2.718282,0,0,0.007475,0.000262,0.052949,2.487587,0.005398,0.013338,2.474249,0.002598,0.099647
3317,1790556310.703863382,2.377516,0,0,0.009918,0.000247,0.078961,2.124348,0.027610,0.015690,2.108658,0.002782,0.060379
3318,1790556310.904288054,2.292851,0,0,0.008423,0.000230,0.069680,2.085364,0.005609,0.011995,2.073369,0.002580,0.063202
3319,1790556311.004472256,2.266093,0,0,0.008566,0.000313,0.052367,2.078926,0.005362,0.011917,2.067009,0.002219,0.061870
3320,1790556311.204899549,2.256365,0,0,0.007938,0.000416,0.052364,2.011168,0.006403,0.013694,1.997474,0.002435,0.095650
3321,1790556311.405266762,2.203880,0,0,0.008567,0.000382,0.053201,2.003011,0.005698,0.012717,1.990294,0.003064,0.068757
3322,1790556311.505432129,2.196556,0,0,0.009740,0.000288,0.054224,2.002496,0.005672,0.012585,1.989911,0.002454,0.062673
3323,1790556311.605671167,2.288530,0,0,0.009373,0.000346,0.053840,2.060274,0.006243,0.013349,2.046925,0.002518,0.080370
3324,1790556311.705831051,2.858596,0,0,0.005382,0.000184,0.047094,2.583089,0.009678,0.025902,2.557187,0.004888,0.078365
3325,1790556311.806039572,2.365696,0,0,0.009230,0.000268,0.054371,2.145898,0.009586,0.013856,2.132042,0.002529,0.068039
3326,1790556311.906241894,2.360112,0,0,0.009179,0.000236,0.050651,2.119048,0.007743,0.014698,2.104350,0.003233,0.094694
3327,1790556312.006456375,2.983495,0,0,0.008447,0.000279,0.050743,2.509659,0.011682,0.022759,2.486900,0.004491,0.167248
3328,1790556312.106647015,3.768924,0,0,0.007698,0.000177,0.065040,3.209331,0.025408,0.053931,3.155400,0.010224,0.172806
3329,1790556312.206846237,2.435402,0,0,0.011411,0.000403,0.067429,2.159785,0.009138,0.016782,2.143003,0.002741,0.096830
3330,1790556312.307164669,3.659319,0,0,0.009571,0.000315,0.066751,3.013674,0.047256,0.054161,2.959513,0.024786,0.201629
3331,1790556312.407198668,2.433401,0,0,0.005982,0.000308,0.047833,2.115578,0.014178,0.021360,2.094218,0.004407,0.114864
3332,1790556312.607614040,2.264058,0,0,0.008912,0.000675,0.067439,2.046612,0.005879,0.014894,2.031718,0.002269,0.065364
3333,1790556312.707798719,2.247024,0,0,0.009530,0.000664,0.056264,2.022402,0.006294,0.015062,2.007340,0.002937,0.069777
3334,1790556312.808022976,2.308888,0,0,0.022505,0.000189,0.053136,2.082911,0.006383,0.015503,2.067408,0.002462,0.068839
3335,1790556312.908191919,2.487720,0,0,0.009953,0.000255,0.059317,2.230190,0.007390,0.022985,2.207205,0.002617,0.091159
3336,1790556313.008411884,2.379353,0,0,0.006742,0.000175,0.058264,2.133009,0.006131,0.014199,2.118810,0.002341,0.101928
3337,1790556313.108615875,2.311204,0,0,0.009374,0.000248,0.075469,2.053674,0.006059,0.014532,2.039142,0.002665,0.089096
3338,1790556313.208839417,2.468871,0,0,0.006908,0.000247,0.051979,2.108221,0.017907,0.030329,2.077892,0.004605,0.114610
3339,1790556313.309006453,2.167081,0,0,0.006098,0.000250,0.050085,1.941922,0.007495,0.015283,1.926639,0.003088,0.083270
3340,1790556313.409178019,2.942474,0,0,0.009122,0.000203,0.071425,2.581403,0.012433,0.022970,2.558433,0.004673,0.133563
3341,1790556313.509394169,2.549310,0,0,0.007095,0.000186,0.068631,2.290527,0.017847,0.017110,2.273417,0.004138,0.068289
3342,1790556313.609611750,3.165563,0,0,0.008086,0.000290,0.053858,2.943138,0.006148,0.016331,2.926807,0.003206,0.072307
3343,1790556313.709759474,2.992243,0,0,0.012228,0.000619,0.077512,2.757174,0.006600,0.013886,2.743288,0.002415,0.068713
3344,1790556313.809946775,2.400771,0,0,0.007959,0.000339,0.055145,2.046022,0.005879,0.013480,2.032542,0.002199,0.214849
3345,1790556313.910187006,2.281339,0,0,0.007214,0.000296,0.051307,1.966084,0.009545,0.018812,1.947272,0.004009,0.132638
3346,1790556314.010350227,3.155401,0,0,0.010394,0.000460,0.085661,2.666627,0.009174,0.020410,2.646217,0.003758,0.222356
3347,1790556314.110555410,2.529784,0,0,0.016812,0.000519,0.116350,2.274134,0.005860,0.012331,2.261803,0.002271,0.061704
3348,1790556314.210766077,2.254250,0,0,0.008157,0.000332,0.051712,2.074376,0.005204,0.011416,2.062960,0.002539,0.061082
3349,1790556314.411165237,2.410061,0,0,0.007531,0.000409,0.073960,2.125659,0.006499,0.014921,2.110738,0.002738,0.114260
3350,1790556314.511331320,2.314616,0,0,0.008480,0.000234,0.055639,2.056775,0.006409,0.014804,2.041971,0.002640,0.096328
3351,1790556314.611530542,2.227864,0,0,0.007275,0.000180,0.049700,2.016750,0.005154,0.014468,2.002282,0.002431,0.075850
3352,1790556314.711739302,2.291801,0,0,0.007504,0.000276,0.053148,2.041235,0.005713,0.032176,2.009059,0.002596,0.095754
3353,1790556314.811928511,3.124852,0,0,0.011404,0.000553,0.065730,2.657835,0.014416,0.031276,2.626559,0.005539,0.183537
3354,1790556314.912136078,3.460941,0,0,0.010831,0.000463,0.065670,2.777572,0.026792,0.060673,2.716899,0.009595,0.194569
3355,1790556315.012332201,2.817412,0,0,0.008352,0.000222,0.064763,2.536431,0.009773,0.017695,2.518736,0.003071,0.093565
3356,1790556315.112534761,2.893019,0,0,0.010603,0.000550,0.070010,2.660308,0.005724,0.016291,2.644017,0.002963,0.068396
3357,1790556315.212728500,3.395485,0,0,0.024998,0.000570,0.166169,3.047164,0.006738,0.015691,3.031473,0.002287,0.070475
3358,1790556315.312899590,2.542386,0,0,0.021353,0.000465,0.083011,2.305168,0.006314,0.013427,2.291741,0.002274,0.064102
3359,1790556315.413075924,2.501795,0,0,0.009170,0.000178,0.052735,2.301144,0.005414,0.012757,2.288387,0.002890,0.077648
3360,1790556315.513317823,2.556504,0,0,0.006476,0.000296,0.064423,2.358805,0.005509,0.012097,2.346708,0.002031,0.064789
3361,1790556315.613486052,2.246432,0,0,0.006512,0.000269,0.052480,2.021778,0.006016,0.013131,2.008647,0.002997,0.096592
3362,1790556315.813857079,2.424677,0,0,0.009188,0.000432,0.068220,2.145483,0.006925,0.014855,2.130628,0.003125,0.094701
3363,1790556315.914057016,2.246863,0,0,0.008629,0.000261,0.054843,2.003569,0.005721,0.012410,1.991159,0.002760,0.087681
3364,1790556316.114468098,2.543238,0,0,0.010808,0.000336,0.068502,2.290283,0.005742,0.014535,2.275748,0.003310,0.079830
3365,1790556316.214675665,2.242843,0,0,0.010765,0.000414,0.065255,1.989039,0.005278,0.013363,1.975676,0.002612,0.087515
3366,1790556316.314837456,2.141262,0,0,0.009177,0.000211,0.051473,1.934938,0.006038,0.012522,1.922416,0.002439,0.070005
3367,1790556316.415077448,3.401698,0,0,0.011291,0.000269,0.061736,2.986978,0.015070,0.030946,2.956032,0.008464,0.164103
3368,1790556316.515258789,3.858064,0,0,0.014401,0.000284,0.071446,3.194546,0.023438,0.068744,3.125802,0.010190,0.189635
3369,1790556316.615477800,2.607560,0,0,0.009478,0.000230,0.056380,2.243687,0.009313,0.023599,2.220088,0.021277,0.117404
3370,1790556316.715871811,2.205578,0,0,0.008570,0.000280,0.052146,1.992690,0.005654,0.013825,1.978865,0.003298,0.068512
3371,1790556316.815819025,4.616191,0,0,0.014399,0.000332,0.076750,4.286420,0.011976,0.027696,4.258724,0.003771,0.103454
3372,1790556316.916044950,3.641448,0,0,0.009525,0.000511,0.058230,3.153987,0.012611,0.027599,3.126388,0.003840,0.220861
3373,1790556317.016228199,2.849778,0,0,0.017686,0.000669,0.151573,2.508725,0.006052,0.014155,2.494570,0.002404,0.064892
3374,1790556317.216626406,2.362956,0,0,0.008452,0.000305,0.058000,2.072077,0.005876,0.014226,2.057851,0.002521,0.104888
3375,1790556317.316830397,3.527240,0,0,0.016016,0.000431,0.128891,3.076354,0.010608,0.027063,3.049291,0.005386,0.119723
3376,1790556317.417026758,2.324382,0,0,0.006439,0.000212,0.054866,2.100808,0.005687,0.012921,2.087887,0.002578,0.068413
3377,1790556317.617424965,3.329335,0,0,0.011819,0.000235,0.065493,3.030921,0.011295,0.026581,3.004340,0.004343,0.089480
3378,1790556317.817846060,3.005474,0,0,0.011115,0.000343,0.071935,2.667429,0.008970,0.022115,2.645314,0.003291,0.097515
3379,1790556317.918001413,2.542052,0,0,0.007695,0.000321,0.088080,2.226372,0.014971,0.026778,2.199594,0.007010,0.117040
3380,1790556318.018206120,2.255686,0,0,0.007402,0.000209,0.050922,2.063095,0.005310,0.013148,2.049947,0.002978,0.067743
3381,1790556318.118434191,2.246149,0,0,0.012530,0.000446,0.087779,1.991047,0.005840,0.012746,1.978301,0.002622,0.086678
3382,1790556318.218626022,2.753141,0,0,0.011203,0.000281,0.065089,2.513655,0.005829,0.013257,2.500398,0.002440,0.077388
3383,1790556318.318845510,2.551808,0,0,0.008858,0.000273,0.056434,2.341741,0.007019,0.014120,2.327621,0.002640,0.069739
3384,1790556318.418991566,2.905263,0,0,0.009184,0.000478,0.084597,2.598364,0.019186,0.030903,2.567461,0.002573,0.106059
3385,1790556318.519225121,2.685502,0,0,0.005968,0.000163,0.056115,2.475287,0.004902,0.011299,2.463988,0.002171,0.078271
3386,1790556318.719612598,2.239401,0,0,0.007929,0.000218,0.052729,2.036737,0.006833,0.013714,2.023023,0.002908,0.066982
3387,1790556318.819781542,2.462132,0,0,0.005555,0.000441,0.047723,2.224355,0.006389,0.016727,2.207628,0.003030,0.072191
3388,1790556318.919970989,2.429563,0,0,0.007539,0.000320,0.062437,2.201612,0.005452,0.013407,2.188205,0.002506,0.088817
3389,1790556319.020193577,2.530518,0,0,0.006677,0.000244,0.053995,2.205623,0.009081,0.014414,2.191209,0.003095,0.104710
3390,1790556319.220579863,2.390714,0,0,0.008343,0.000283,0.061933,2.182487,0.006878,0.037190,2.145297,0.002356,0.066792
3391,1790556319.320752382,2.891399,0,0,0.006884,0.000269,0.063603,2.596577,0.012281,0.033037,2.563540,0.005772,0.088512
3392,1790556319.420949221,2.246655,0,0,0.005349,0.000202,0.046943,2.072567,0.005710,0.012013,2.060554,0.002389,0.063178
3393,1790556319.521175861,2.907741,0,0,0.006842,0.000230,0.061871,2.509931,0.014660,0.031617,2.478314,0.005714,0.137266
3394,1790556319.621378660,3.014316,0,0,0.006617,0.000232,0.066668,2.558407,0.013021,0.025219,2.533188,0.005322,0.167911
3395,1790556319.721539021,2.615333,0,0,0.006695,0.000221,0.048594,2.336477,0.008564,0.036525,2.299952,0.003550,0.112907
3396,1790556319.821752310,2.861553,0,0,0.006239,0.000196,0.049880,2.513696,0.012757,0.031898,2.481798,0.005764,0.135499
3397,1790556320.022153616,2.530372,0,0,0.006676,0.000179,0.053964,2.289028,0.005822,0.029893,2.259135,0.002510,0.067474
3398,1790556320.122354507,2.213915,0,0,0.006129,0.000363,0.049307,2.024381,0.006108,0.011102,2.013279,0.002346,0.071329
3399,1790556320.222528219,3.803372,0,0,0.007733,0.000200,0.064577,3.456797,0.012230,0.025359,3.431438,0.004530,0.114866
3400,1790556320.322717667,2.626589,0,0,0.008862,0.000272,0.075988,2.287391,0.012319,0.022971,2.264420,0.005171,0.117841
3401,1790556320.422949314,2.262221,0,0,0.005696,0.000178,0.050999,2.063401,0.005692,0.012637,2.050764,0.002404,0.068446
3402,1790556320.623341560,2.792677,0,0,0.007789,0.000276,0.051246,2.470798,0.015221,0.031153,2.439645,0.011444,0.099355
3403,1790556320.723533392,3.170160,0,0,0.009019,0.000495,0.070258,2.693411,0.015195,0.028246,2.665165,0.012094,0.187175
3404,1790556320.923893213,3.295561,0,0,0.010302,0.000643,0.071371,2.844145,0.013154,0.062219,2.781926,0.005903,0.144265
3405,1790556321.124284983,2.444025,0,0,0.006124,0.000225,0.048322,2.151395,0.006683,0.019336,2.132059,0.002776,0.116958
3406,1790556321.224483013,2.320991,0,0,0.006086,0.000224,0.050914,2.141086,0.005638,0.012858,2.128228,0.002471,0.060480
3407,1790556321.424916267,3.004636,0,0,0.011694,0.000239,0.069492,2.468271,0.012054,0.035730,2.432541,0.004925,0.173921
3408,1790556321.525080681,2.495069,0,0,0.009030,0.000314,0.055691,2.281199,0.006065,0.013793,2.267406,0.002726,0.073353
3409,1790556321.625417233,2.579495,0,0,0.009399,0.000319,0.056638,2.391447,0.006148,0.011712,2.379735,0.002133,0.063359
3410,1790556321.725480080,2.741026,0,0,0.018401,0.000831,0.109395,2.458171,0.006581,0.014792,2.443379,0.002808,0.074191
3411,1790556321.825659752,2.362264,0,0,0.008431,0.000277,0.048997,2.020535,0.006975,0.018609,2.001926,0.002997,0.145876
3412,1790556321.925890446,2.128464,0,0,0.008291,0.000283,0.052614,1.921305,0.006680,0.014055,1.907250,0.003363,0.070008
3413,1790556322.026101351,2.989575,0,0,0.012228,0.000238,0.084701,2.734586,0.006487,0.015810,2.718776,0.003141,0.072084
3414,1790556322.126303911,2.878503,0,0,0.011253,0.000348,0.071248,2.642615,0.006163,0.014230,2.628385,0.002871,0.074798
3415,1790556322.226471901,2.883712,0,0,0.013713,0.000436,0.120351,2.609528,0.005584,0.014136,2.595392,0.002870,0.067842
3416,1790556322.326648474,3.005112,0,0,0.014170,0.000353,0.084159,2.584065,0.014422,0.033626,2.550439,0.004793,0.125823
3417,1790556322.426908016,3.051879,0,0,0.012290,0.000422,0.076113,2.587955,0.011873,0.041970,2.545985,0.004581,0.175727
3418,1790556322.527116299,3.859834,0,0,0.007095,0.000170,0.067603,3.208802,0.024899,0.050337,3.158465,0.013296,0.147566
3419,1790556322.627236128,2.658339,0,0,0.010535,0.000296,0.055382,2.436625,0.005957,0.013689,2.422936,0.002715,0.091916
3420,1790556322.727431059,2.497374,0,0,0.008781,0.000369,0.058089,2.255932,0.005140,0.011771,2.244161,0.002526,0.077500
3421,1790556322.827636957,2.492356,0,0,0.009092,0.000334,0.051230,2.294682,0.005529,0.011985,2.282697,0.002249,0.077122
3422,1790556322.927855253,2.639654,0,0,0.008717,0.000324,0.051746,2.449617,0.005887,0.012363,2.437254,0.002412,0.063447
3423,1790556323.028023958,2.533776,0,0,0.007349,0.000312,0.093776,2.299932,0.005077,0.011078,2.288854,0.001903,0.059876
3424,1790556323.128212929,2.874394,0,0,0.006159,0.000172,0.081620,2.542232,0.005989,0.012970,2.529262,0.015684,0.121875
3425,1790556323.228410482,2.816909,0,0,0.020589,0.000332,0.050511,2.561277,0.028791,0.030635,2.530642,0.002200,0.098088
3426,1790556323.328610420,2.692403,0,0,0.005924,0.000239,0.050490,2.455666,0.010126,0.011972,2.443694,0.002343,0.070113
3427,1790556323.428807497,2.612876,0,0,0.005556,0.000260,0.051244,2.392083,0.005599,0.026399,2.365684,0.002719,0.091408
3428,1790556323.529041767,3.001514,0,0,0.017210,0.000248,0.114282,2.693905,0.009605,0.016655,2.677250,0.004080,0.069338
3429,1790556323.629220963,2.446952,0,0,0.007302,0.000291,0.050500,2.201481,0.006500,0.019783,2.181698,0.003602,0.084288
3430,1790556323.729420900,2.724994,0,0,0.005695,0.000156,0.064249,2.487233,0.005723,0.011630,2.475603,0.002469,0.085408
3431,1790556323.829626560,2.911821,0,0,0.006855,0.000228,0.050299,2.598654,0.012365,0.037486,2.561168,0.004045,0.114097
3432,1790556323.929777861,2.371810,0,0,0.006483,0.000179,0.082724,2.083626,0.008734,0.015961,2.067665,0.004218,0.093604
3433,1790556324.029988289,2.685937,0,0,0.006221,0.000306,0.086897,2.351514,0.009917,0.017821,2.333693,0.008477,0.109930
3434,1790556324.130182505,2.440213,0,0,0.006781,0.000247,0.048845,2.170657,0.022786,0.015004,2.155653,0.003276,0.084891
3435,1790556324.230378866,2.850197,0,0,0.033476,0.000282,0.076935,2.575096,0.005402,0.028846,2.546250,0.002499,0.080312
3436,1790556324.330597162,2.879011,0,0,0.014687,0.000350,0.082034,2.590172,0.005618,0.013691,2.576481,0.002911,0.082095
3437,1790556324.430779457,2.567593,0,0,0.027008,0.000292,0.070512,2.345646,0.005257,0.012165,2.333481,0.002092,0.061988
3438,1790556324.531012535,2.077243,0,0,0.007747,0.000398,0.051164,1.904309,0.005155,0.012272,1.892037,0.002001,0.059355
3439,1790556324.631197214,2.309091,0,0,0.017059,0.000254,0.073131,2.102485,0.004905,0.012015,2.090470,0.002257,0.060068
3440,1790556324.731379747,2.348281,0,0,0.013873,0.000320,0.091272,2.124002,0.006141,0.012466,2.111536,0.002227,0.060226
3441,1790556324.831583261,2.609237,0,0,0.009287,0.000227,0.054785,2.380127,0.005493,0.012119,2.368008,0.002077,0.088977
3442,1790556324.931748390,2.439142,0,0,0.006029,0.000223,0.049013,2.246058,0.005119,0.012279,2.233779,0.001968,0.067141
3443,1790556325.031980515,2.437545,0,0,0.005840,0.000168,0.048248,2.247984,0.005383,0.011583,2.236401,0.001991,0.063605
3444,1790556325.132138252,2.598094,0,0,0.006997,0.000166,0.049261,2.410863,0.005334,0.013107,2.397756,0.003191,0.064767
3445,1790556325.232360125,2.620186,0,0,0.006853,0.000241,0.051254,2.405997,0.021527,0.012347,2.393650,0.002437,0.073205
3446,1790556325.332514524,2.460798,0,0,0.007879,0.000221,0.053400,2.260748,0.006153,0.012788,2.247960,0.002864,0.063632
3447,1790556325.432729959,2.505828,0,0,0.012844,0.000349,0.066486,2.250222,0.008839,0.019356,2.230866,0.002927,0.081815
3448,1790556325.532945871,2.844463,0,0,0.007353,0.000184,0.055328,2.631607,0.006852,0.014961,2.616646,0.002432,0.068411
3449,1790556325.633156300,2.361905,0,0,0.008793,0.000227,0.052995,2.149385,0.005065,0.011741,2.137644,0.002346,0.090527
3450,1790556325.733300686,2.318796,0,0,0.009348,0.000210,0.053882,2.082784,0.005208,0.011995,2.070789,0.002383,0.091120
3451,1790556325.833495140,2.418043,0,0,0.005461,0.000218,0.047907,2.251867,0.004864,0.010868,2.240999,0.001984,0.057873
3452,1790556325.933724642,2.377451,0,0,0.005603,0.000218,0.047872,2.186470,0.004864,0.011053,2.175417,0.002559,0.063821
3453,1790556326.033987284,2.308013,0,0,0.006920,0.000366,0.050608,2.092343,0.005425,0.012212,2.080131,0.002220,0.081808
3454,1790556326.134082317,2.714657,0,0,0.008945,0.000487,0.069525,2.490191,0.005715,0.013289,2.476902,0.002309,0.068670
3455,1790556326.234472990,2.855549,0,0,0.011296,0.000460,0.087100,2.621737,0.005267,0.013603,2.608134,0.002414,0.067117
3456,1790556326.334471464,2.616680,0,0,0.007856,0.000292,0.050425,2.381396,0.005691,0.013754,2.367642,0.002411,0.078657
3457,1790556326.434704304,2.709880,0,0,0.008159,0.000221,0.064759,2.493462,0.005998,0.012511,2.480951,0.002422,0.067695
3458,1790556326.534893274,2.502922,0,0,0.009321,0.000318,0.069052,2.242779,0.006480,0.012938,2.229841,0.002430,0.080502
3459,1790556326.635088205,2.424656,0,0,0.006625,0.000250,0.049041,2.205857,0.008105,0.010752,2.195105,0.002549,0.057785
3460,1790556326.735283852,2.634746,0,0,0.008282,0.000278,0.050026,2.397943,0.006308,0.012827,2.385116,0.002396,0.087170
3461,1790556326.835513115,2.482967,0,0,0.007648,0.000314,0.063753,2.265100,0.005254,0.011840,2.253260,0.002348,0.084532
3462,1790556326.935710192,2.370577,0,0,0.006063,0.000207,0.050204,2.148561,0.006896,0.014595,2.133966,0.002475,0.074025
3463,1790556327.035916567,2.675150,0,0,0.009580,0.000325,0.055821,2.352278,0.010630,0.022187,2.330091,0.004034,0.109989
3464,1790556327.136095047,2.571863,0,0,0.008542,0.000311,0.058773,2.358755,0.006649,0.013668,2.345087,0.002497,0.067651
3465,1790556327.236285925,2.615002,0,0,0.008416,0.000323,0.056730,2.402456,0.005859,0.014941,2.387515,0.002469,0.067434
3466,1790556327.336463451,2.725799,0,0,0.008178,0.000294,0.087537,2.497737,0.005510,0.012658,2.485079,0.002134,0.063699
3467,1790556327.436667204,2.736699,0,0,0.008936,0.000293,0.058893,2.535691,0.005438,0.013050,2.522641,0.002381,0.062434
3468,1790556327.536843061,2.385934,0,0,0.008692,0.000297,0.082235,2.156168,0.010511,0.014582,2.141586,0.003351,0.063898
3469,1790556327.637050867,3.078437,0,0,0.008983,0.000280,0.085569,2.769910,0.009653,0.023232,2.746678,0.004162,0.074772
3470,1790556327.737269163,2.597526,0,0,0.009616,0.000347,0.061472,2.261249,0.010176,0.016546,2.244703,0.004529,0.097593
3471,1790556327.837441444,2.710594,0,0,0.009020,0.000187,0.104500,2.434581,0.006023,0.013864,2.420717,0.002310,0.088911
3472,1790556327.937682152,2.335120,0,0,0.008822,0.000237,0.053070,2.112030,0.006217,0.018591,2.093439,0.002482,0.077930
3473,1790556328.037877321,2.442905,0,0,0.007431,0.000233,0.049230,2.236493,0.005809,0.029530,2.206963,0.002366,0.066768
3474,1790556328.138074160,2.544379,0,0,0.005549,0.000188,0.047704,2.351903,0.005150,0.011611,2.340292,0.002396,0.080348
3475,1790556328.238265038,2.654847,0,0,0.008580,0.000180,0.052066,2.440476,0.006174,0.014000,2.426476,0.002636,0.079176
3476,1790556328.338470221,2.592323,0,0,0.008727,0.000221,0.054161,2.346338,0.005224,0.012659,2.333679,0.002542,0.087382
3477,1790556328.438667059,2.599980,0,0,0.007184,0.000185,0.064416,2.377232,0.005955,0.013461,2.363771,0.002511,0.070197
3478,1790556328.538857222,2.569254,0,0,0.008108,0.000300,0.054471,2.331915,0.006782,0.013777,2.318138,0.002752,0.081910
3479,1790556328.639050961,2.355869,0,0,0.008998,0.000223,0.055271,2.131745,0.006209,0.013653,2.118092,0.002971,0.070593
3480,1790556328.839414120,2.725798,0,0,0.034847,0.000255,0.095857,2.434202,0.008801,0.017865,2.416337,0.003871,0.068091
3481,1790556329.039832830,2.269047,0,0,0.006994,0.000310,0.051622,2.011071,0.009618,0.021146,1.989925,0.004809,0.087505
3482,1790556329.140002966,2.247520,0,0,0.006470,0.000301,0.053333,2.034984,0.005303,0.012341,2.022643,0.002267,0.085409
3483,1790556329.240198851,2.375570,0,0,0.008944,0.000231,0.050831,2.129776,0.008276,0.017628,2.112148,0.002883,0.098905
3484,1790556329.340397596,2.966299,0,0,0.012087,0.000298,0.064429,2.742476,0.006452,0.014980,2.727496,0.002764,0.067451
3485,1790556329.440613747,2.213088,0,0,0.012226,0.000359,0.070768,1.970614,0.006059,0.014424,1.956190,0.002401,0.090696
3486,1790556329.540783405,2.809195,0,0,0.009934,0.000450,0.057624,2.593234,0.005831,0.012805,2.580429,0.002143,0.076208
3487,1790556329.641021252,2.692456,0,0,0.026836,0.000313,0.066927,2.269544,0.014642,0.028607,2.240937,0.005666,0.163207
3488,1790556329.741204023,2.481910,0,0,0.008969,0.000307,0.059466,2.212584,0.005808,0.012407,2.200177,0.002291,0.138585
3489,1790556329.841396332,2.954843,0,0,0.006828,0.000194,0.049604,2.676870,0.019701,0.014351,2.662519,0.002965,0.070253
3490,1790556329.941584349,2.566518,0,0,0.026026,0.000310,0.062598,2.347995,0.005874,0.013457,2.334538,0.002228,0.061890
3491,1790556330.041783810,2.467414,0,0,0.008889,0.000212,0.049632,2.198005,0.008570,0.014550,2.183455,0.003978,0.107935
3492,1790556330.141994476,2.564210,0,0,0.008369,0.000300,0.056161,2.357014,0.005383,0.013858,2.343156,0.002392,0.068866
3493,1790556330.242192268,2.545960,0,0,0.008085,0.000237,0.057859,2.320188,0.005976,0.027586,2.292602,0.002379,0.084022
3494,1790556330.342387438,2.376786,0,0,0.006045,0.000175,0.047722,2.187864,0.005423,0.013578,2.174286,0.002457,0.065396
3495,1790556330.442636013,2.565371,0,0,0.008636,0.000336,0.084077,2.320122,0.005404,0.013955,2.306167,0.002785,0.077756
3496,1790556330.542758703,2.711407,0,0,0.009939,0.000320,0.068737,2.464247,0.005793,0.012510,2.451737,0.002748,0.095082
3497,1790556330.642968655,2.516111,0,0,0.008883,0.000235,0.051582,2.275930,0.006123,0.013413,2.262517,0.002332,0.105386
3498,1790556330.743145466,2.591984,0,0,0.005915,0.000203,0.048243,2.394516,0.005153,0.012216,2.382300,0.002411,0.082697
3499,1790556330.843333960,3.050703,0,0,0.007558,0.000272,0.061162,2.823262,0.006449,0.017724,2.805538,0.002739,0.072764
3500,1790556330.943507195,3.263951,0,0,0.008745,0.000320,0.050161,2.929554,0.014414,0.028938,2.900616,0.005404,0.091928
3501,1790556331.043734074,2.398110,0,0,0.006283,0.000196,0.054177,2.201565,0.005691,0.015258,2.186307,0.002561,0.064492
3502,1790556331.143968344,3.233046,0,0,0.007820,0.000413,0.085799,2.927220,0.006661,0.015705,2.911515,0.002644,0.097981
3503,1790556331.244159698,2.599706,0,0,0.007612,0.000225,0.074835,2.387793,0.005450,0.012499,2.375294,0.002681,0.062950
3504,1790556331.344355345,2.694327,0,0,0.010516,0.000275,0.073522,2.473213,0.005693,0.012656,2.460557,0.002483,0.065759
3505,1790556331.444491625,2.640333,0,0,0.006516,0.000223,0.059085,2.328844,0.010090,0.024851,2.303993,0.004811,0.071309
3506,1790556331.644915104,2.748192,0,0,0.010024,0.000435,0.058557,2.463286,0.034270,0.019988,2.443298,0.004372,0.088040
3507,1790556331.745129585,2.564020,0,0,0.016886,0.000391,0.104240,2.294422,0.005687,0.014500,2.279922,0.002526,0.067536
3508,1790556331.845315933,3.063226,0,0,0.008667,0.000278,0.061916,2.842224,0.005409,0.013930,2.828294,0.002794,0.078102
3509,1790556331.945722818,5.579456,0,0,0.006455,0.000168,0.051227,5.363563,0.006131,0.014457,5.349106,0.002616,0.073810
3510,1790556332.045690536,2.568765,0,0,0.005814,0.000283,0.073752,2.345127,0.005106,0.027837,2.317290,0.017634,0.059045
3511,1790556332.145930052,2.219970,0,0,0.005436,0.000246,0.049033,2.036577,0.005964,0.011915,2.024662,0.002114,0.069748
3512,1790556332.346330881,2.502295,0,0,0.006183,0.000250,0.047955,2.335566,0.004901,0.011384,2.324182,0.002258,0.057808
3513,1790556332.446451664,2.623336,0,0,0.008738,0.000265,0.064230,2.341332,0.020027,0.015381,2.325951,0.002219,0.096427
3514,1790556332.546665430,3.151912,0,0,0.008212,0.000268,0.079807,2.891625,0.006783,0.013781,2.877844,0.002511,0.087656
3515,1790556332.646874428,2.569142,0,0,0.007248,0.000265,0.051982,2.282964,0.005930,0.036187,2.246777,0.002754,0.106311
3516,1790556332.747064590,2.435741,0,0,0.005974,0.000175,0.049467,2.260324,0.006086,0.010794,2.249530,0.002264,0.061636
3517,1790556332.847267866,2.835896,0,0,0.009857,0.000672,0.076685,2.583797,0.005946,0.014677,2.569120,0.002358,0.083605
3518,1790556332.947460651,2.643180,0,0,0.011733,0.000269,0.060082,2.414566,0.006706,0.013267,2.401299,0.002438,0.078295
3519,1790556333.047654152,2.506835,0,0,0.010468,0.000246,0.056916,2.311985,0.005521,0.012582,2.299403,0.002512,0.063225
3520,1790556333.147855520,2.598105,0,0,0.010803,0.000214,0.059560,2.322016,0.006681,0.012943,2.309073,0.002296,0.105782
3521,1790556333.248053551,2.891559,0,0,0.008423,0.000218,0.057144,2.673295,0.006472,0.013301,2.659994,0.002598,0.070440
3522,1790556333.348241329,2.272425,0,0,0.008318,0.000494,0.052465,2.092244,0.005183,0.011983,2.080261,0.002211,0.058314
3523,1790556333.648844719,2.243277,0,0,0.007648,0.000228,0.050121,1.995226,0.005974,0.011843,1.983383,0.003289,0.089390
3524,1790556333.849258423,2.468502,0,0,0.010070,0.000356,0.058915,2.189585,0.008315,0.017390,2.172195,0.004217,0.095821
3525,1790556333.949445009,2.234076,0,0,0.007902,0.000199,0.051510,2.024077,0.005189,0.011768,2.012309,0.002289,0.061525
3526,1790556334.049649000,2.517237,0,0,0.007941,0.000306,0.048663,2.317809,0.005887,0.012562,2.305247,0.002590,0.066163
3527,1790556334.149808884,2.541876,0,0,0.008264,0.000228,0.052078,2.303532,0.007101,0.014382,2.289150,0.003080,0.094715
3528,1790556334.350209236,2.811729,0,0,0.014672,0.000222,0.070151,2.544009,0.006321,0.012984,2.531025,0.002415,0.112638
3529,1790556334.450407505,2.762889,0,0,0.008585,0.000279,0.052268,2.555564,0.005274,0.012789,2.542775,0.002449,0.080780
3530,1790556334.550606012,2.914691,0,0,0.008493,0.000248,0.105091,2.646359,0.006586,0.047710,2.598649,0.002831,0.069653
3531,1790556334.650924206,2.514427,0,0,0.008245,0.000218,0.066559,2.306682,0.005268,0.012711,2.293971,0.003225,0.064586
3532,1790556334.750994444,2.500805,0,0,0.006017,0.000165,0.047754,2.287564,0.006138,0.012788,2.274776,0.002509,0.063176
3533,1790556334.851167202,2.537660,0,0,0.007183,0.000229,0.048813,2.327888,0.005900,0.011840,2.316048,0.005852,0.065350
3534,1790556334.951421976,2.658588,0,0,0.010179,0.000245,0.105478,2.374780,0.006084,0.013813,2.360967,0.002267,0.070910
3535,1790556335.051640272,2.626726,0,0,0.008728,0.000277,0.078275,2.369298,0.007173,0.013492,2.355806,0.002611,0.080962
3536,1790556335.151827812,2.543341,0,0,0.007628,0.000265,0.067355,2.344137,0.005268,0.012499,2.331638,0.002455,0.061515
3537,1790556335.251984119,2.424974,0,0,0.007634,0.000279,0.048827,2.226852,0.005529,0.015502,2.211350,0.002477,0.064528
3538,1790556335.352180243,2.727209,0,0,0.009098,0.000215,0.060644,2.491816,0.007046,0.013663,2.478153,0.002436,0.081480
3539,1790556335.452390194,2.449483,0,0,0.008528,0.000294,0.053705,2.242222,0.006285,0.013271,2.228951,0.002787,0.070569
3540,1790556335.552585840,2.513967,0,0,0.007711,0.000272,0.051434,2.331362,0.005704,0.012371,2.318991,0.002347,0.060905
3541,1790556335.652797461,2.747574,0,0,0.007577,0.000203,0.052740,2.561772,0.005451,0.012807,2.548965,0.002302,0.062356
3542,1790556335.752993345,2.898397,0,0,0.009002,0.000615,0.057554,2.655184,0.005667,0.012546,2.642638,0.002316,0.098357
3543,1790556335.853181839,2.877792,0,0,0.006804,0.000259,0.048501,2.672760,0.007557,0.013392,2.659368,0.002314,0.084643
3544,1790556335.953400612,3.108145,0,0,0.007988,0.000401,0.066921,2.873667,0.006288,0.016478,2.857189,0.003303,0.067746
3545,1790556336.053604603,2.430124,0,0,0.010623,0.000285,0.054341,2.150032,0.006796,0.014775,2.135257,0.002786,0.113608
3546,1790556336.153763294,2.758361,0,0,0.007489,0.000245,0.049898,2.546560,0.006689,0.022132,2.524428,0.002858,0.065371
3547,1790556336.253954411,2.379967,0,0,0.009398,0.000521,0.051866,2.195963,0.005351,0.012507,2.183456,0.002114,0.061919
3548,1790556336.354140759,2.713766,0,0,0.024829,0.000463,0.084838,2.463143,0.005942,0.012973,2.450170,0.002386,0.073201
3549,1790556336.454332590,3.061748,0,0,0.007854,0.000263,0.051141,2.798362,0.010537,0.022584,2.775778,0.003568,0.079535
3550,1790556336.554575920,3.250851,0,0,0.014638,0.000582,0.115133,2.939679,0.006580,0.015357,2.924322,0.002582,0.091716
3551,1790556336.654791594,2.592748,0,0,0.009252,0.000253,0.052564,2.360632,0.006031,0.014032,2.346600,0.002417,0.085722
3552,1790556336.754979134,2.926956,0,0,0.009344,0.000251,0.060520,2.632688,0.005801,0.013864,2.618824,0.002431,0.086860
3553,1790556336.855255842,2.829460,0,0,0.009695,0.000287,0.070612,2.411704,0.019678,0.042699,2.369005,0.007442,0.154876
3554,1790556337.055486917,2.784587,0,0,0.009427,0.000299,0.083821,2.524836,0.005904,0.015279,2.509557,0.003022,0.079609
3555,1790556337.155736208,2.445186,0,0,0.009858,0.000307,0.052738,2.186676,0.005402,0.011892,2.174784,0.002585,0.121821
3556,1790556337.356081963,2.472808,0,0,0.008728,0.000273,0.067729,2.106951,0.009133,0.018274,2.088677,0.003835,0.136455
3557,1790556337.456305981,2.864690,0,0,0.008595,0.000234,0.055098,2.551948,0.009704,0.018066,2.533882,0.003334,0.095497
3558,1790556337.556488752,2.546567,0,0,0.008348,0.000267,0.057207,2.321224,0.006662,0.013410,2.307814,0.002961,0.074456
3559,1790556337.656693220,2.785968,0,0,0.008859,0.000369,0.057624,2.457762,0.006859,0.015207,2.442555,0.002868,0.095571
3560,1790556337.756892443,2.470532,0,0,0.008576,0.000665,0.065371,2.171195,0.007619,0.018272,2.152923,0.003182,0.114248
3561,1790556337.857084274,2.654553,0,0,0.005866,0.000294,0.059686,2.418893,0.006227,0.014261,2.404632,0.002481,0.073797
3562,1790556337.957276821,2.630765,0,0,0.008828,0.000294,0.052521,2.430401,0.006010,0.013746,2.416655,0.002159,0.066751
3563,1790556338.057446003,2.469173,0,0,0.005859,0.000249,0.064112,2.282555,0.005485,0.011383,2.271172,0.002108,0.059104
3564,1790556338.157645226,2.572667,0,0,0.022338,0.000297,0.078507,2.318350,0.006389,0.013769,2.304581,0.002426,0.074255
3565,1790556338.257865191,2.787599,0,0,0.006696,0.000232,0.049095,2.590170,0.006189,0.013427,2.576743,0.002496,0.066684
3566,1790556338.358067036,2.817687,0,0,0.009018,0.000265,0.068244,2.567330,0.006524,0.014805,2.552525,0.002724,0.085585
3567,1790556338.458233356,2.883061,0,0,0.033370,0.000261,0.095818,2.602639,0.006369,0.012552,2.590087,0.002512,0.069688
3568,1790556338.558458328,2.582505,0,0,0.007284,0.000279,0.067459,2.379184,0.005376,0.012056,2.367128,0.002182,0.065093
3569,1790556338.658650637,2.947968,0,0,0.007824,0.000157,0.062275,2.695955,0.006379,0.016145,2.679810,0.002450,0.083582
3570,1790556338.758855581,2.942848,0,0,0.009438,0.000301,0.077008,2.649116,0.006723,0.015223,2.633893,0.002445,0.123534
3571,1790556338.859018564,2.934780,0,0,0.010425,0.000343,0.065088,2.668073,0.005851,0.014236,2.653837,0.002958,0.106573
3572,1790556339.059440374,2.175830,0,0,0.005981,0.000228,0.050553,1.973661,0.008832,0.014084,1.959577,0.002712,0.073448
3573,1790556339.159640074,2.571474,0,0,0.023103,0.001218,0.137504,2.196380,0.008282,0.017033,2.179347,0.007085,0.101217
3574,1790556339.360077620,2.406086,0,0,0.008784,0.000316,0.051833,2.186680,0.007769,0.015187,2.171493,0.003064,0.070421
3575,1790556339.460257053,2.461831,0,0,0.009385,0.000238,0.051204,2.254892,0.005649,0.013231,2.241661,0.002779,0.061509
3576,1790556339.560394526,2.633914,0,0,0.009092,0.000454,0.052895,2.402778,0.005133,0.025706,2.377072,0.002729,0.103846
3577,1790556339.660651445,2.614576,0,0,0.007176,0.000291,0.052657,2.421475,0.005810,0.012338,2.409137,0.002499,0.066424
3578,1790556339.760813236,2.614479,0,0,0.006189,0.000174,0.083343,2.407491,0.005081,0.010973,2.396518,0.002018,0.061123
3579,1790556339.861009121,2.590036,0,0,0.008841,0.000209,0.051920,2.389735,0.005446,0.013226,2.376509,0.002332,0.066524
3580,1790556339.961214304,3.003910,0,0,0.009844,0.000183,0.064159,2.785829,0.005423,0.013328,2.772501,0.002474,0.073751
3581,1790556340.061373711,2.591224,0,0,0.009743,0.000486,0.059524,2.349583,0.006921,0.016339,2.333244,0.002635,0.078319
3582,1790556340.161606550,3.071936,0,0,0.008899,0.000215,0.057914,2.849956,0.006504,0.012631,2.837325,0.002241,0.077925
3583,1790556340.261801243,2.343554,0,0,0.007188,0.000308,0.063656,2.151903,0.005133,0.011568,2.140335,0.002529,0.061939
3584,1790556340.462178469,2.324813,0,0,0.013673,0.000311,0.078139,2.076309,0.006429,0.012920,2.063389,0.002619,0.074411
3585,1790556340.562388897,2.451633,0,0,0.013359,0.000567,0.073194,2.176712,0.004806,0.012447,2.164265,0.002531,0.068404
3586,1790556340.662608624,2.369262,0,0,0.005317,0.000200,0.046714,2.183608,0.005150,0.012185,2.171423,0.001945,0.076639
3587,1790556340.762778997,2.650746,0,0,0.006826,0.000286,0.051768,2.416866,0.005872,0.012486,2.404380,0.002457,0.061584
3588,1790556340.862981796,2.523102,0,0,0.005996,0.000279,0.049444,2.336956,0.018460,0.033185,2.303771,0.002404,0.060553
3589,1790556340.963169575,2.795731,0,0,0.008988,0.000314,0.051753,2.569423,0.005909,0.014058,2.555365,0.003037,0.075872
3590,1790556341.063398600,2.821933,0,0,0.008163,0.000294,0.052314,2.627590,0.005406,0.012528,2.615062,0.002628,0.067854
3591,1790556341.163593054,2.631916,0,0,0.007591,0.000301,0.073435,2.345363,0.015646,0.032942,2.312421,0.002865,0.097100
3592,1790556341.263793230,2.438819,0,0,0.007791,0.000228,0.049620,2.245303,0.005324,0.012538,2.232765,0.002696,0.065971
3593,1790556341.464157581,2.381450,0,0,0.017653,0.000262,0.051966,2.133036,0.005586,0.012524,2.120512,0.002496,0.107769
3594,1790556341.664576530,2.541271,0,0,0.009304,0.000622,0.055141,2.116685,0.017605,0.027977,2.088708,0.007173,0.123161
3595,1790556341.764911175,2.402036,0,0,0.008824,0.000324,0.136196,2.134069,0.005307,0.012654,2.121415,0.002350,0.063273
3596,1790556341.965184689,2.473156,0,0,0.009426,0.000309,0.065685,2.189159,0.008159,0.016912,2.172247,0.004312,0.104462
3597,1790556342.065340042,3.114986,0,0,0.010472,0.000347,0.064616,2.853170,0.006825,0.015168,2.838002,0.002870,0.092126
3598,1790556342.165561438,2.995550,0,0,0.010363,0.000214,0.056839,2.743779,0.006293,0.014006,2.729773,0.002757,0.086773
3599,1790556342.265759706,2.580963,0,0,0.008340,0.000306,0.057111,2.351155,0.006792,0.013803,2.337352,0.003044,0.074659
3600,1790556342.365983725,3.073140,0,0,0.009030,0.000275,0.060555,2.848692,0.007016,0.014473,2.834219,0.002504,0.073397
3601,1790556342.466133356,3.035616,0,0,0.020087,0.000418,0.097228,2.638702,0.011724,0.031069,2.607633,0.004908,0.137322
3602,1790556342.566325903,2.829368,0,0,0.009770,0.000225,0.070230,2.575912,0.006780,0.015207,2.560705,0.002199,0.084225
3603,1790556342.666484833,2.629472,0,0,0.009824,0.000234,0.058776,2.415059,0.006816,0.016479,2.398580,0.003045,0.066225
3604,1790556342.766748667,3.616285,0,0,0.011074,0.000244,0.121170,3.208937,0.007207,0.015804,3.193133,0.002596,0.105824
3605,1790556342.866906404,3.041416,0,0,0.007800,0.000180,0.088003,2.713339,0.007219,0.015943,2.697396,0.003221,0.088266
3606,1790556342.967102289,2.749441,0,0,0.015604,0.000410,0.097410,2.466813,0.005930,0.013369,2.453444,0.002833,0.081385
3607,1790556343.067302942,2.717987,0,0,0.009377,0.000559,0.066960,2.493746,0.005786,0.012836,2.480910,0.002273,0.078393
3608,1790556343.167498589,2.742389,0,0,0.008520,0.000309,0.056210,2.453062,0.008385,0.017171,2.435891,0.003265,0.115565
3609,1790556343.267684937,2.455014,0,0,0.008891,0.000343,0.053149,2.217845,0.006229,0.014671,2.203174,0.002655,0.096078
3610,1790556343.367885828,2.660891,0,0,0.008528,0.000237,0.051953,2.441936,0.005135,0.011696,2.430240,0.001792,0.094482
3611,1790556343.468090534,3.437665,0,0,0.013242,0.000224,0.146641,3.068348,0.005916,0.015786,3.052562,0.002945,0.113077
3612,1790556343.568271637,2.512186,0,0,0.007597,0.000237,0.048698,2.170835,0.010137,0.021290,2.149545,0.003798,0.154894
3613,1790556343.768709898,2.146900,0,0,0.009850,0.000227,0.054295,1.940830,0.006091,0.022331,1.918499,0.002770,0.068800
3614,1790556343.868900061,2.688325,0,0,0.008275,0.000244,0.057979,2.395286,0.007041,0.015681,2.379605,0.003639,0.116023
3615,1790556343.969057560,2.846493,0,0,0.009502,0.000214,0.093119,2.539893,0.005953,0.013333,2.526560,0.003154,0.103055
3616,1790556344.069261312,2.507641,0,0,0.008702,0.000236,0.052183,2.285245,0.008634,0.019316,2.265929,0.003680,0.068875
3617,1790556344.169453859,3.458811,0,0,0.011548,0.000424,0.068389,3.182949,0.006153,0.015935,3.167014,0.002959,0.088171
3618,1790556344.269687653,3.045890,0,0,0.010349,0.000664,0.132981,2.624703,0.007026,0.014822,2.609881,0.002671,0.103131
3619,1790556344.369850636,2.340373,0,0,0.007558,0.000254,0.050069,2.079366,0.005244,0.012778,2.066588,0.002351,0.110875
3620,1790556344.470072269,2.703636,0,0,0.006162,0.000191,0.054890,2.413385,0.007837,0.016370,2.397015,0.003073,0.121078
3621,1790556344.570269585,2.863627,0,0,0.013417,0.000227,0.056800,2.589320,0.007528,0.014128,2.575192,0.002711,0.114703
3622,1790556344.670437813,2.674635,0,0,0.008640,0.000248,0.056241,2.394150,0.036650,0.013960,2.380190,0.003003,0.084904
3623,1790556344.770661592,2.582832,0,0,0.010713,0.000311,0.091028,2.340342,0.005946,0.012571,2.327771,0.002529,0.066621
3624,1790556344.870836258,2.799192,0,0,0.007864,0.000240,0.052359,2.561397,0.007011,0.015200,2.546197,0.003130,0.080948
3625,1790556344.971070290,2.920012,0,0,0.005914,0.000253,0.077617,2.653945,0.006211,0.013995,2.639950,0.003093,0.079633
3626,1790556345.071242094,3.329316,0,0,0.012580,0.000434,0.074568,3.031793,0.006105,0.016035,3.015758,0.002595,0.128534
3627,1790556345.171392918,2.632080,0,0,0.026193,0.000271,0.087006,2.340345,0.006105,0.016679,2.323666,0.003358,0.078841
3628,1790556345.271651983,2.825861,0,0,0.012707,0.000529,0.088992,2.502172,0.006225,0.015156,2.487016,0.003036,0.083750
3629,1790556345.371838093,2.707620,0,0,0.012048,0.000332,0.099694,2.413543,0.007670,0.018427,2.395116,0.003090,0.080784
3630,1790556345.572199821,3.065452,0,0,0.009168,0.000244,0.059970,2.790549,0.006223,0.015889,2.774660,0.003094,0.097242
3631,1790556345.672397614,2.645768,0,0,0.007725,0.000166,0.069833,2.336670,0.019467,0.014536,2.322134,0.003009,0.100479
3632,1790556345.872823477,2.228104,0,0,0.006148,0.000170,0.052536,1.973860,0.029234,0.017200,1.956660,0.003523,0.082729
3633,1790556345.973022223,2.680032,0,0,0.015112,0.000194,0.060930,2.319817,0.025220,0.020069,2.299748,0.004155,0.124504
3634,1790556346.073221684,2.371083,0,0,0.010753,0.000267,0.072213,2.120362,0.007717,0.015905,2.104457,0.002567,0.072768
3635,1790556346.173391104,2.723206,0,0,0.007090,0.000211,0.064491,2.473024,0.007277,0.017253,2.455771,0.002993,0.075724
3636,1790556346.273608923,3.333403,0,0,0.009871,0.000362,0.056828,3.096273,0.006406,0.016991,3.079282,0.003359,0.072003
3637,1790556346.373777628,3.044246,0,0,0.007316,0.000372,0.072845,2.805449,0.006517,0.015391,2.790058,0.002579,0.068756
3638,1790556346.473974466,2.625517,0,0,0.008772,0.000273,0.056552,2.410083,0.019596,0.012801,2.397282,0.002355,0.064136
3639,1790556346.574203968,2.943017,0,0,0.008625,0.000159,0.055437,2.708872,0.006316,0.015020,2.693852,0.002498,0.075274
3640,1790556346.674448729,2.515863,0,0,0.011413,0.000336,0.069171,2.285984,0.005472,0.012892,2.273092,0.002376,0.070128
3641,1790556346.774588823,2.519353,0,0,0.008191,0.000329,0.066343,2.218317,0.010800,0.023374,2.194943,0.004289,0.095652
3642,1790556346.874795198,2.671850,0,0,0.010884,0.000401,0.081285,2.397967,0.007253,0.017133,2.380834,0.003077,0.080725
3643,1790556347.075150251,2.852007,0,0,0.007740,0.000269,0.051115,2.497375,0.011782,0.031629,2.465746,0.005044,0.122615
3644,1790556347.175321341,3.045876,0,0,0.009442,0.000242,0.088091,2.594263,0.013638,0.028906,2.565357,0.005761,0.179681
3645,1790556347.275521994,2.473692,0,0,0.008464,0.000283,0.050319,2.254764,0.006126,0.015402,2.239362,0.002667,0.076614
3646,1790556347.375752211,2.497625,0,0,0.009712,0.000222,0.052570,2.274655,0.006772,0.024423,2.250232,0.002540,0.081255
3647,1790556347.475929737,2.575944,0,0,0.008755,0.000632,0.056749,2.363090,0.006458,0.013750,2.349340,0.002429,0.071929
3648,1790556347.576134443,2.989168,0,0,0.010568,0.000286,0.067590,2.746352,0.007466,0.025230,2.721122,0.003169,0.070132
3649,1790556347.676325321,3.022161,0,0,0.013789,0.000275,0.087177,2.731381,0.006563,0.016699,2.714682,0.002582,0.079806
3650,1790556347.776501656,2.170390,0,0,0.009457,0.000269,0.052702,1.980899,0.006303,0.012194,1.968705,0.002793,0.061138
3651,1790556347.976944208,2.469038,0,0,0.008060,0.000213,0.053981,2.217484,0.006137,0.014000,2.203484,0.002604,0.084415
3652,1790556348.077168703,2.876873,0,0,0.008627,0.000354,0.051869,2.500808,0.012734,0.024790,2.476018,0.005507,0.144485
3653,1790556348.377728939,2.303701,0,0,0.009839,0.000449,0.056436,2.059677,0.006861,0.013371,2.046306,0.002905,0.083367
3654,1790556348.477933407,2.410451,0,0,0.013595,0.000844,0.073338,2.140871,0.021634,0.015931,2.124940,0.002670,0.082193
3655,1790556348.578132391,2.473136,0,0,0.008762,0.000220,0.055008,2.140490,0.011529,0.024191,2.116299,0.005322,0.126311
3656,1790556348.678314924,2.357365,0,0,0.007956,0.000172,0.055468,2.099605,0.008113,0.017671,2.081934,0.003774,0.092345
3657,1790556348.778461695,3.394730,0,0,0.012746,0.000281,0.092780,3.104984,0.007002,0.015644,3.089340,0.003114,0.090082
3658,1790556348.878882885,2.682337,0,0,0.009868,0.000455,0.070405,2.447899,0.006288,0.035070,2.412829,0.002623,0.067307
3659,1790556349.079080343,2.562886,0,0,0.009052,0.000231,0.059009,2.344068,0.007165,0.013597,2.330471,0.002560,0.067208
3660,1790556349.179282665,2.920310,0,0,0.009819,0.000295,0.064851,2.667562,0.007921,0.019678,2.647884,0.003095,0.078050
3661,1790556349.379694223,2.384349,0,0,0.019337,0.000356,0.061726,2.074857,0.005783,0.015570,2.059287,0.002985,0.103145
3662,1790556349.479861736,2.325987,0,0,0.015641,0.000688,0.065552,2.048801,0.007438,0.014902,2.033899,0.002659,0.111036
3663,1790556349.580034018,2.314278,0,0,0.007787,0.000297,0.052896,2.096140,0.006020,0.013064,2.083076,0.002716,0.083166
3664,1790556349.680266142,2.683828,0,0,0.007442,0.000332,0.052712,2.383668,0.011274,0.020370,2.363298,0.004533,0.103239
3665,1790556349.980870962,3.333633,0,0,0.008174,0.000268,0.057395,2.623478,0.016228,0.037750,2.585728,0.008134,0.401652
3666,1790556350.081041574,2.656426,0,0,0.011869,0.000289,0.074206,2.325602,0.007970,0.018854,2.306748,0.002694,0.122987
3667,1790556350.181257248,2.237874,0,0,0.007143,0.000301,0.054582,2.029582,0.005917,0.013358,2.016224,0.002349,0.072966
3668,1790556350.481831789,2.363784,0,0,0.008389,0.000246,0.052492,2.119777,0.006617,0.018475,2.101302,0.003246,0.083452
3669,1790556350.782437801,2.633728,0,0,0.009893,0.000228,0.062131,2.317850,0.007275,0.016477,2.301373,0.003092,0.099827
3670,1790556350.882653952,2.849793,0,0,0.012091,0.000627,0.083507,2.423319,0.029710,0.025567,2.397752,0.007029,0.108591
3671,1790556351.083039284,2.358315,0,0,0.008043,0.000329,0.054241,2.126958,0.006361,0.015448,2.111510,0.002989,0.072158
3672,1790556351.183201075,3.273828,0,0,0.012781,0.000327,0.072234,2.690991,0.013224,0.032978,2.658013,0.021968,0.216415
3673,1790556351.283376455,2.916804,0,0,0.012530,0.000264,0.065884,2.684736,0.006387,0.016119,2.668617,0.002922,0.068885
3674,1790556351.383571863,2.250016,0,0,0.006154,0.000261,0.062581,2.065680,0.004884,0.011467,2.054213,0.002200,0.063056
3675,1790556351.584170103,2.756570,0,0,0.008993,0.000248,0.052170,2.336669,0.011995,0.022620,2.314049,0.005876,0.188210
3676,1790556351.684180021,2.516549,0,0,0.007537,0.000264,0.050023,2.321898,0.005287,0.011653,2.310245,0.002256,0.078285
3677,1790556351.784385443,2.499353,0,0,0.006926,0.000371,0.071963,2.291292,0.005707,0.012654,2.278638,0.002238,0.063014
3678,1790556351.884606838,2.882324,0,0,0.020566,0.000239,0.066422,2.592418,0.009078,0.018916,2.573502,0.003574,0.097796
3679,1790556351.984806061,2.822237,0,0,0.011557,0.000268,0.078630,2.534460,0.010279,0.015420,2.519040,0.003047,0.093622
3680,1790556352.085008144,2.950908,0,0,0.018464,0.000356,0.107227,2.667819,0.007310,0.016063,2.651756,0.002563,0.067745
3681,1790556352.285396338,3.056831,0,0,0.009990,0.000289,0.059784,2.823104,0.006707,0.012994,2.810110,0.002834,0.073870
3682,1790556352.385597229,2.981861,0,0,0.010630,0.000277,0.062387,2.688952,0.006957,0.015423,2.673529,0.003159,0.130241
3683,1790556352.485750437,2.989239,0,0,0.010636,0.000339,0.071651,2.746434,0.006263,0.014864,2.731570,0.002408,0.073943
3684,1790556352.585946560,2.814114,0,0,0.010614,0.000318,0.069212,2.573966,0.006486,0.014920,2.559046,0.002574,0.073227
3685,1790556352.686153412,2.688950,0,0,0.009977,0.000273,0.061246,2.454830,0.005454,0.014486,2.440344,0.002482,0.083503
3686,1790556352.786367893,2.764389,0,0,0.016451,0.000676,0.112170,2.487795,0.006332,0.014708,2.473087,0.002429,0.066833
3687,1790556352.886577845,2.817918,0,0,0.009384,0.000294,0.061000,2.566053,0.005671,0.013731,2.552322,0.002381,0.093554
3688,1790556352.986738443,3.167132,0,0,0.010007,0.000344,0.087395,2.882660,0.007228,0.015021,2.867639,0.002553,0.082117
3689,1790556353.086983442,2.933251,0,0,0.011152,0.000264,0.075189,2.687872,0.005414,0.013984,2.673888,0.002767,0.074941
3690,1790556353.187135935,2.739455,0,0,0.016074,0.000487,0.096028,2.449382,0.006285,0.014264,2.435118,0.002244,0.078947
3691,1790556353.287354231,2.759799,0,0,0.010589,0.000242,0.062361,2.510497,0.005758,0.013140,2.497357,0.002895,0.101315
3692,1790556353.387566566,2.290080,0,0,0.008084,0.000197,0.053783,2.076749,0.006134,0.015359,2.061390,0.002772,0.070003
3693,1790556353.487720251,2.682589,0,0,0.008969,0.000360,0.065648,2.390209,0.006720,0.015375,2.374834,0.003064,0.092390
3694,1790556353.587959290,2.516684,0,0,0.021093,0.000245,0.058619,2.242634,0.008600,0.017804,2.224830,0.003985,0.088713
3695,1790556353.688112497,2.542108,0,0,0.007720,0.000257,0.050091,2.316903,0.005942,0.012740,2.304163,0.002202,0.060998
3696,1790556353.788342953,3.149955,0,0,0.010207,0.000284,0.063780,2.876614,0.019838,0.013401,2.863213,0.003015,0.104779
3697,1790556353.888513327,2.573949,0,0,0.008344,0.000269,0.052179,2.352937,0.006925,0.014924,2.338013,0.003125,0.075651
3698,1790556353.988701344,2.851706,0,0,0.006686,0.000217,0.049545,2.623670,0.005746,0.012481,2.611189,0.003094,0.082411
3699,1790556354.088934422,2.812618,0,0,0.006441,0.000248,0.083952,2.565632,0.004941,0.014331,2.551301,0.002806,0.071760
3700,1790556354.189100266,2.677951,0,0,0.012135,0.000336,0.076753,2.381817,0.009181,0.018015,2.363802,0.003899,0.091958
3701,1790556354.289322615,2.843702,0,0,0.008337,0.000197,0.050165,2.501150,0.008393,0.021935,2.479215,0.003763,0.156635
3702,1790556354.389495373,3.064749,0,0,0.015240,0.000310,0.062691,2.825601,0.006525,0.014769,2.810832,0.002935,0.076499
3703,1790556354.489699364,3.122706,0,0,0.009079,0.000258,0.058693,2.793958,0.016134,0.036606,2.757352,0.006463,0.084760
3704,1790556354.589901686,2.722980,0,0,0.010271,0.000579,0.061791,2.466659,0.006269,0.015233,2.451426,0.002423,0.100563
3705,1790556354.690102339,2.438380,0,0,0.013144,0.000314,0.065735,2.198540,0.006467,0.014492,2.184048,0.002622,0.073323
3706,1790556354.790292740,2.848234,0,0,0.009056,0.000210,0.050269,2.635121,0.007695,0.015163,2.619958,0.003620,0.065791
3707,1790556354.890520811,2.735543,0,0,0.008381,0.000271,0.051621,2.526473,0.006479,0.015039,2.511434,0.002557,0.067120
3708,1790556354.990678310,2.459615,0,0,0.013859,0.000584,0.071855,2.168031,0.011044,0.022340,2.145691,0.005750,0.075610
3709,1790556355.191081285,2.299456,0,0,0.007009,0.000179,0.049272,2.107397,0.005219,0.012598,2.094799,0.002399,0.065472
3710,1790556355.291264057,2.713808,0,0,0.015775,0.000371,0.076058,2.379597,0.009689,0.019827,2.359770,0.005124,0.111392
3711,1790556355.391456842,2.289889,0,0,0.009182,0.000580,0.053708,2.073037,0.005195,0.012448,2.060589,0.002912,0.081642
3712,1790556355.591877937,2.867393,0,0,0.008000,0.000225,0.053668,2.564434,0.007892,0.020574,2.543860,0.003319,0.124419
3713,1790556355.692045927,2.550989,0,0,0.006252,0.000268,0.050948,2.223548,0.026324,0.014680,2.208868,0.003093,0.114253
3714,1790556355.792270184,2.319145,0,0,0.007113,0.000161,0.051708,2.111532,0.005832,0.014003,2.097529,0.002774,0.072503
3715,1790556355.892422676,2.400762,0,0,0.006930,0.000210,0.049888,2.182926,0.005741,0.012604,2.170322,0.002748,0.090825
3716,1790556356.092833042,3.020844,0,0,0.012899,0.000287,0.096589,2.518900,0.011786,0.018381,2.500519,0.004504,0.205277
3717,1790556356.193018913,2.677968,0,0,0.008738,0.000274,0.065668,2.376055,0.005750,0.015186,2.360869,0.002740,0.091367
3718,1790556356.293244600,2.347186,0,0,0.008100,0.000220,0.070334,2.050941,0.005746,0.013565,2.037376,0.002467,0.121197
3719,1790556356.393432617,2.467837,0,0,0.007535,0.000333,0.051780,2.226443,0.009248,0.014765,2.211678,0.003414,0.076080
3720,1790556356.493674278,2.554267,0,0,0.008063,0.000214,0.065616,2.266396,0.007214,0.015238,2.251158,0.003978,0.091159
3721,1790556356.593812466,3.164899,0,0,0.008714,0.000394,0.057573,2.948766,0.006088,0.015599,2.933167,0.002245,0.067366
3722,1790556356.694029808,2.443094,0,0,0.007480,0.000250,0.052429,2.234532,0.005981,0.012494,2.222038,0.002462,0.073735
3723,1790556356.794235945,2.224497,0,0,0.006736,0.000249,0.066017,2.020252,0.005442,0.010746,2.009506,0.002303,0.073836
3724,1790556356.894398928,2.259344,0,0,0.007182,0.000278,0.051068,2.025448,0.007647,0.015179,2.010269,0.003685,0.088154
3725,1790556356.994600296,2.776747,0,0,0.008255,0.000239,0.071413,2.557578,0.005383,0.016411,2.541167,0.003525,0.066976
3726,1790556357.194983244,2.606457,0,0,0.007266,0.000219,0.064238,2.355019,0.007983,0.014673,2.340346,0.003486,0.084710
3727,1790556357.495573521,2.452332,0,0,0.007912,0.000200,0.051512,2.239400,0.006125,0.014630,2.224770,0.002436,0.071348
3728,1790556357.595782518,2.541417,0,0,0.008085,0.000206,0.052751,2.182659,0.016679,0.029311,2.153348,0.006414,0.127298
3729,1790556357.695995331,2.563851,0,0,0.008325,0.000220,0.051379,2.113703,0.011881,0.038626,2.075077,0.004870,0.158507
3730,1790556357.896389484,2.246167,0,0,0.007962,0.000287,0.052182,2.030995,0.006342,0.012535,2.018460,0.003056,0.077950
3731,1790556357.996599913,2.295469,0,0,0.009273,0.000512,0.057345,2.060667,0.008300,0.019968,2.040699,0.003191,0.072285
3732,1790556358.096769810,2.390066,0,0,0.008900,0.000308,0.055858,2.162342,0.008281,0.017476,2.144866,0.004067,0.072280
3733,1790556358.196947575,2.582468,0,0,0.007979,0.000242,0.057464,2.348849,0.011332,0.016692,2.332157,0.003764,0.072590
3734,1790556358.297173500,2.209753,0,0,0.009202,0.000222,0.054446,2.008785,0.006425,0.013765,1.995020,0.002664,0.064014
3735,1790556358.397342920,3.928181,0,0,0.008640,0.000181,0.075316,3.672016,0.006403,0.016662,3.655354,0.003136,0.076850
3736,1790556358.497535944,2.753131,0,0,0.017442,0.000739,0.083340,2.371678,0.007792,0.036286,2.335392,0.002984,0.145699
3737,1790556358.597755432,2.884219,0,0,0.008081,0.000393,0.116636,2.602854,0.005996,0.024615,2.578239,0.002438,0.069412
3738,1790556358.697927952,2.641856,0,0,0.009255,0.000277,0.050316,2.432757,0.005329,0.011971,2.420786,0.002661,0.091628
3739,1790556358.798137665,2.617733,0,0,0.008863,0.000473,0.049269,2.421450,0.005859,0.012845,2.408605,0.002131,0.075585
3740,1790556358.898323774,2.651510,0,0,0.009231,0.000234,0.052933,2.448407,0.005800,0.019666,2.428741,0.002758,0.071773
3741,1790556358.998566628,2.538258,0,0,0.006126,0.000186,0.048270,2.333788,0.008264,0.016789,2.316999,0.002881,0.069357
3742,1790556359.098757744,2.568726,0,0,0.007486,0.000276,0.054723,2.361345,0.005986,0.012101,2.349244,0.002474,0.074685
3743,1790556359.198986053,2.402729,0,0,0.007509,0.000175,0.050017,2.185906,0.005470,0.012430,2.173476,0.002776,0.063880
3744,1790556359.299131632,2.518089,0,0,0.008264,0.000340,0.084382,2.283563,0.005929,0.013816,2.269747,0.002589,0.070137
3745,1790556359.399303913,2.513159,0,0,0.009205,0.000392,0.054786,2.307260,0.005588,0.013616,2.293644,0.002527,0.069927
3746,1790556359.499476671,2.691794,0,0,0.009788,0.000339,0.076076,2.374521,0.009374,0.012314,2.362207,0.002538,0.163451
3747,1790556359.599742889,2.681297,0,0,0.008206,0.000382,0.053866,2.432639,0.005469,0.012820,2.419819,0.002503,0.091925
3748,1790556359.699932575,2.872930,0,0,0.027967,0.000905,0.116320,2.581546,0.006050,0.025967,2.555579,0.002212,0.077353
3749,1790556359.800115824,2.564628,0,0,0.005829,0.000174,0.050852,2.327908,0.005919,0.012899,2.315009,0.002354,0.089093
3750,1790556359.900310993,3.316977,0,0,0.010119,0.000306,0.077686,3.037003,0.006371,0.014682,3.022321,0.002452,0.089937
3751,1790556360.000456333,3.089723,0,0,0.010128,0.000217,0.069981,2.802105,0.020297,0.014951,2.787154,0.002775,0.112119
3752,1790556360.100714445,3.012731,0,0,0.012500,0.000449,0.101596,2.668815,0.006467,0.014889,2.653926,0.002561,0.084007
3753,1790556360.200900555,4.023607,0,0,0.013132,0.000219,0.161125,3.599328,0.019844,0.038415,3.560913,0.007550,0.085568
3754,1790556360.301092625,3.552692,0,0,0.007121,0.000257,0.053980,3.290377,0.006335,0.014371,3.276006,0.002969,0.067831
3755,1790556360.401248455,3.272933,0,0,0.015059,0.000211,0.058043,2.919768,0.008963,0.035861,2.883907,0.004168,0.159967
3756,1790556360.501468420,2.476713,0,0,0.005872,0.000241,0.048688,2.309213,0.004795,0.011732,2.297481,0.002589,0.057663
3757,1790556360.601672173,2.596814,0,0,0.006101,0.000177,0.047658,2.384718,0.005190,0.011498,2.373220,0.002162,0.076698
3758,1790556360.701969385,2.533873,0,0,0.007363,0.000159,0.065014,2.286766,0.004970,0.012133,2.274633,0.002277,0.112592
3759,1790556360.802057981,2.783844,0,0,0.015319,0.019546,0.075312,2.531260,0.006464,0.013707,2.517553,0.002414,0.066277
3760,1790556360.902459383,2.987773,0,0,0.010524,0.000618,0.107035,2.724542,0.006105,0.013756,2.710786,0.002575,0.067436
3761,1790556361.002427816,2.891692,0,0,0.009934,0.000207,0.060056,2.650341,0.005870,0.014007,2.636334,0.002415,0.064842
3762,1790556361.102626085,3.258235,0,0,0.007911,0.018259,0.070180,2.942273,0.007576,0.018935,2.923338,0.003771,0.105956
3763,1790556361.202842474,2.381418,0,0,0.006211,0.000528,0.047982,2.189874,0.005714,0.012631,2.177243,0.002231,0.067888
3764,1790556361.303073645,2.541278,0,0,0.011136,0.000327,0.065662,2.284041,0.006794,0.015636,2.268405,0.003070,0.082940
3765,1790556361.503405094,2.235722,0,0,0.008316,0.000291,0.052152,1.979845,0.009661,0.018329,1.961516,0.005554,0.083459
3766,1790556361.603627443,2.401869,0,0,0.007999,0.000220,0.050917,2.198983,0.006112,0.012828,2.186155,0.002456,0.069468
3767,1790556361.804043770,2.468136,0,0,0.008565,0.000216,0.052645,2.245113,0.006844,0.013678,2.231435,0.002833,0.091534
3768,1790556361.904256821,2.300957,0,0,0.008954,0.000278,0.052794,2.057215,0.009338,0.015873,2.041342,0.003678,0.082321
3769,1790556362.004439116,2.401970,0,0,0.008910,0.000259,0.066162,2.082881,0.019258,0.028055,2.054826,0.002382,0.110993
3770,1790556362.104622126,2.905646,0,0,0.008650,0.000314,0.071093,2.515229,0.032071,0.038090,2.477139,0.003326,0.130322
3771,1790556362.204797983,2.492778,0,0,0.009538,0.000275,0.055994,2.182321,0.014054,0.026939,2.155382,0.006249,0.099106
3772,1790556362.305032015,2.832747,0,0,0.008839,0.000305,0.048465,2.484481,0.008563,0.022422,2.462059,0.003460,0.141311
3773,1790556362.405197382,3.138649,0,0,0.009318,0.000305,0.053627,2.833187,0.013448,0.033894,2.799293,0.005297,0.115259
3774,1790556362.505366564,2.503186,0,0,0.008758,0.000229,0.065283,2.192025,0.009682,0.021338,2.170687,0.003016,0.092849
3775,1790556362.705787659,2.496400,0,0,0.008673,0.000224,0.068368,2.181910,0.009602,0.023793,2.158117,0.002974,0.103561
3776,1790556362.805978060,2.664602,0,0,0.008760,0.000312,0.066723,2.250910,0.026776,0.016925,2.233985,0.003930,0.158789
3777,1790556363.006467104,3.112176,0,0,0.009915,0.000344,0.079042,2.834983,0.008627,0.021169,2.813814,0.003949,0.071372
3778,1790556363.106607437,2.393582,0,0,0.009374,0.000285,0.053858,2.124865,0.008685,0.018894,2.105971,0.003512,0.091133
3779,1790556363.307007313,2.451976,0,0,0.009060,0.000198,0.054072,2.192132,0.006862,0.015154,2.176978,0.002778,0.103577
3780,1790556363.507390976,3.643226,0,0,0.009399,0.000277,0.057653,3.331045,0.007092,0.019202,3.311843,0.002865,0.102696
3781,1790556363.607608318,3.175453,0,0,0.024180,0.000305,0.062933,2.905938,0.007543,0.019434,2.886504,0.003412,0.081099
3782,1790556363.707781553,2.940989,0,0,0.007425,0.000314,0.058646,2.693490,0.010222,0.023340,2.670150,0.003462,0.076510
3783,1790556363.807948112,2.960515,0,0,0.010568,0.000371,0.082925,2.709770,0.005929,0.013648,2.696122,0.002410,0.072022
3784,1790556363.908148289,3.208660,0,0,0.011714,0.000461,0.122979,2.907531,0.006013,0.015133,2.892398,0.002913,0.082574
3785,1790556364.008382559,2.793681,0,0,0.009549,0.000238,0.057389,2.570181,0.006449,0.015856,2.554325,0.002275,0.069895
3786,1790556364.108563423,3.791715,0,0,0.017636,0.000606,0.106017,3.394806,0.015418,0.023674,3.371132,0.007265,0.076467
3787,1790556364.208752871,3.298667,0,0,0.007222,0.000199,0.051263,2.967879,0.006589,0.015652,2.952227,0.002677,0.142589
3788,1790556364.308964491,3.021266,0,0,0.009676,0.000191,0.060183,2.786256,0.005665,0.014890,2.771366,0.002500,0.075506
3789,1790556364.409180880,3.079940,0,0,0.007808,0.000179,0.052461,2.810310,0.006979,0.013607,2.796703,0.002560,0.121109
3790,1790556364.509353161,2.927838,0,0,0.031923,0.000389,0.071587,2.641547,0.007264,0.013768,2.627779,0.002798,0.080974
3791,1790556364.609513760,2.592998,0,0,0.008886,0.000317,0.056668,2.361235,0.006367,0.017886,2.343349,0.003049,0.068029
3792,1790556364.809947252,2.224835,0,0,0.009382,0.000347,0.055806,2.007334,0.006295,0.013737,1.993597,0.002471,0.069074
3793,1790556364.910139322,2.285141,0,0,0.007550,0.000271,0.051406,2.036888,0.007863,0.015420,2.021468,0.003626,0.097484
3794,1790556365.110527277,2.244382,0,0,0.007380,0.000252,0.052628,2.028534,0.005566,0.012880,2.015654,0.003152,0.067733
3795,1790556365.210723162,2.819103,0,0,0.009095,0.000239,0.055332,2.301865,0.014745,0.028294,2.273571,0.005637,0.234933
3796,1790556365.310923576,3.023842,0,0,0.010838,0.000496,0.066003,2.650538,0.027748,0.028260,2.622278,0.006603,0.153247
3797,1790556365.411119699,2.906182,0,0,0.015330,0.000913,0.110103,2.608980,0.007209,0.018453,2.590527,0.003623,0.079719
3798,1790556365.611514330,2.367869,0,0,0.010812,0.000369,0.057827,2.007842,0.008043,0.014791,1.993051,0.017385,0.131908
3799,1790556365.711681128,2.837448,0,0,0.011829,0.000306,0.082458,2.480194,0.008742,0.019674,2.460520,0.003639,0.152463
3800,1790556365.811863899,3.035165,0,0,0.027698,0.000234,0.084425,2.730188,0.006246,0.015905,2.714283,0.003110,0.102601
3801,1790556365.912062883,2.379762,0,0,0.005463,0.000175,0.048702,2.176313,0.005240,0.010594,2.165719,0.001978,0.092917
3802,1790556366.012265205,2.290106,0,0,0.019608,0.000433,0.048037,2.096883,0.006209,0.011916,2.084967,0.002252,0.062276
3803,1790556366.212700844,2.161414,0,0,0.006259,0.000211,0.047993,1.964579,0.005607,0.013828,1.950751,0.002582,0.071782
3804,1790556366.312884569,2.297549,0,0,0.005763,0.000171,0.050577,2.125199,0.005493,0.011524,2.113675,0.002133,0.059497
3805,1790556366.513271809,2.622468,0,0,0.010308,0.000282,0.056006,2.407600,0.005598,0.026447,2.381153,0.002529,0.068773
3806,1790556366.613433838,2.267968,0,0,0.009483,0.000230,0.062766,2.022521,0.006276,0.014146,2.008375,0.002627,0.083401
3807,1790556366.713652134,2.315950,0,0,0.009639,0.000342,0.055032,1.977782,0.007516,0.014535,1.963247,0.005008,0.155552
3808,1790556366.813808441,3.054170,0,0,0.008984,0.000250,0.054494,2.699378,0.011280,0.023698,2.675680,0.004227,0.129918
3809,1790556367.815773010,2.874873,0,0,0.008377,0.000217,0.058076,2.654537,0.006044,0.014186,2.640351,0.002618,0.068847
3810,1790556367.915992498,2.846029,0,0,0.014622,0.000268,0.075864,2.617019,0.005573,0.013766,2.603253,0.002447,0.066543
3811,1790556368.016186476,3.250978,0,0,0.031330,0.000307,0.066952,2.969504,0.006636,0.021590,2.947914,0.002563,0.088636
3812,1790556368.116390228,2.804356,0,0,0.009560,0.000291,0.057953,2.521556,0.007261,0.016433,2.505123,0.003047,0.083436
3813,1790556368.416978359,2.962010,0,0,0.012468,0.000258,0.066457,2.527844,0.014473,0.036710,2.491134,0.007146,0.180369
3814,1790556368.517349958,2.914232,0,0,0.013347,0.000441,0.074351,2.654441,0.006975,0.017514,2.636927,0.002744,0.077477
3815,1790556368.617391586,2.468080,0,0,0.009869,0.000496,0.067186,2.216945,0.006596,0.015465,2.201480,0.002549,0.086828
3816,1790556368.717611313,2.787974,0,0,0.006890,0.000270,0.056329,2.433259,0.015757,0.025314,2.407945,0.006493,0.102017
3817,1790556368.817802191,2.317701,0,0,0.011009,0.000272,0.062039,2.059882,0.005815,0.028197,2.031685,0.003316,0.075220
3818,1790556368.917954445,2.958141,0,0,0.008790,0.000417,0.053777,2.457676,0.029072,0.019084,2.438592,0.005618,0.187603
3819,1790556369.018283606,2.604778,0,0,0.006749,0.000186,0.051428,2.325461,0.009682,0.025461,2.300000,0.005417,0.100010
3820,1790556369.118383408,2.574856,0,0,0.006389,0.000270,0.052175,2.283419,0.007203,0.020196,2.263223,0.003490,0.105673
3821,1790556369.218569756,2.555009,0,0,0.007972,0.000263,0.078500,2.286391,0.006396,0.015714,2.270677,0.002400,0.098750
3822,1790556369.318773031,2.643369,0,0,0.005773,0.000180,0.049318,2.164029,0.015867,0.036462,2.127567,0.007771,0.168320
3823,1790556369.418955326,2.288479,0,0,0.006510,0.000184,0.049442,2.076134,0.006115,0.013188,2.062946,0.002275,0.087942
3824,1790556369.519170284,2.651166,0,0,0.030085,0.000833,0.139435,2.310111,0.005827,0.015157,2.294954,0.002793,0.074093
3825,1790556369.719569445,2.500917,0,0,0.006689,0.000234,0.062352,2.277328,0.006828,0.016630,2.260698,0.003089,0.072093
3826,1790556369.819770098,2.470523,0,0,0.005531,0.000172,0.049505,2.258241,0.008802,0.033237,2.225004,0.003863,0.068153
3827,1790556369.919958353,2.532002,0,0,0.006686,0.000254,0.059036,2.198686,0.005978,0.013949,2.184737,0.023576,0.111759
3828,1790556370.020122290,2.517058,0,0,0.009475,0.000193,0.071895,2.261235,0.008803,0.013856,2.247379,0.003323,0.074120
3829,1790556370.120308399,2.248226,0,0,0.005265,0.000247,0.048025,2.001584,0.010633,0.016921,1.984663,0.004188,0.108881
3830,1790556370.320735693,2.387909,0,0,0.005791,0.000217,0.050295,2.201991,0.006073,0.012108,2.189883,0.002165,0.064970
3831,1790556370.420904636,2.198538,0,0,0.005932,0.000168,0.048128,1.985571,0.007423,0.014733,1.970838,0.003037,0.078374
3832,1790556370.521103621,2.658838,0,0,0.007895,0.000311,0.060085,2.272793,0.009803,0.020822,2.251971,0.023563,0.153986
3833,1790556370.621266603,2.676226,0,0,0.011164,0.000244,0.073544,2.424714,0.006149,0.014657,2.410057,0.002485,0.086610
3834,1790556370.721499920,2.518213,0,0,0.021421,0.000510,0.112914,2.257405,0.006057,0.012764,2.244641,0.002439,0.062655
3835,1790556370.821692467,2.732052,0,0,0.006847,0.000608,0.077877,2.513595,0.005519,0.012312,2.501283,0.002303,0.068032
3836,1790556370.921892405,2.378007,0,0,0.006772,0.000267,0.051789,2.188355,0.005426,0.013301,2.175054,0.002462,0.064519
3837,1790556371.122313499,2.295501,0,0,0.007217,0.000291,0.066192,2.052333,0.006448,0.017782,2.034551,0.003540,0.074624
3838,1790556371.222476959,2.680330,0,0,0.007408,0.000243,0.050900,2.328619,0.011553,0.038581,2.290038,0.004136,0.123874
3839,1790556371.322704792,2.674815,0,0,0.020459,0.000200,0.053564,2.312906,0.009549,0.020186,2.292720,0.004217,0.156909
3840,1790556371.422901392,2.833927,0,0,0.008987,0.000261,0.062112,2.489389,0.014460,0.023548,2.465841,0.005412,0.108237
3841,1790556371.523098946,3.737813,0,0,0.008529,0.000207,0.094379,3.497306,0.005902,0.014933,3.482373,0.002484,0.064858
3842,1790556371.623296022,2.251051,0,0,0.008342,0.000232,0.057826,2.031337,0.006784,0.013669,2.017668,0.002762,0.077997
3843,1790556371.823698759,2.606174,0,0,0.008069,0.000586,0.051751,2.281440,0.011497,0.023465,2.257975,0.004660,0.104033
3844,1790556371.923856974,3.895705,0,0,0.011671,0.000374,0.075586,3.571037,0.011543,0.024085,3.546952,0.003439,0.103277
3845,1790556372.024075031,3.187084,0,0,0.011285,0.000608,0.066440,2.729943,0.012616,0.029024,2.700919,0.005783,0.180481
3846,1790556372.124269962,2.333001,0,0,0.007875,0.000295,0.058243,2.127310,0.005861,0.012268,2.115042,0.002196,0.076803
3847,1790556372.324644327,3.162715,0,0,0.012499,0.000387,0.067008,2.723511,0.010956,0.023458,2.700053,0.004958,0.164297
3848,1790556372.424844027,2.269635,0,0,0.015729,0.000330,0.123504,2.004250,0.005175,0.012250,1.992000,0.002485,0.063719
3849,1790556372.625228643,2.813656,0,0,0.010603,0.000321,0.065074,2.520870,0.008722,0.018485,2.502385,0.002936,0.104657
3850,1790556372.725437164,2.185053,0,0,0.011330,0.000283,0.080963,1.944323,0.006701,0.014083,1.930240,0.002618,0.080573
3851,1790556372.825627089,2.454260,0,0,0.008427,0.000246,0.052305,2.248895,0.005476,0.011975,2.236920,0.002886,0.062111
3852,1790556372.925818205,2.615218,0,0,0.009278,0.000294,0.055891,2.420952,0.005821,0.012330,2.408622,0.002415,0.062484
3853,1790556373.026019573,2.379640,0,0,0.010739,0.000248,0.073283,2.170163,0.005328,0.011785,2.158378,0.002181,0.062915
3854,1790556373.126207829,2.687392,0,0,0.019255,0.000268,0.074976,2.413590,0.005402,0.012440,2.401150,0.002181,0.095099
3855,1790556373.226424932,3.382372,0,0,0.021573,0.000447,0.101589,3.117285,0.006136,0.014126,3.103159,0.002238,0.067436
3856,1790556373.326614380,2.727804,0,0,0.005305,0.000224,0.056771,2.280584,0.014339,0.033061,2.247523,0.007226,0.178184
3857,1790556373.426801920,2.375832,0,0,0.008777,0.000423,0.053421,2.160874,0.006191,0.013940,2.146934,0.003588,0.067678
3858,1790556373.526993513,2.409194,0,0,0.009295,0.000303,0.053366,2.202289,0.006463,0.026901,2.175388,0.002258,0.075680
3859,1790556373.627162695,2.396265,0,0,0.008645,0.000234,0.053294,2.168461,0.022055,0.014442,2.154019,0.002939,0.067883
3860,1790556373.727355480,2.478325,0,0,0.009386,0.000281,0.068026,2.125942,0.020677,0.027984,2.097958,0.015807,0.080372
3861,1790556373.827584743,2.457471,0,0,0.008796,0.000211,0.051238,2.138975,0.008233,0.017004,2.121971,0.006087,0.118314
3862,1790556373.927774429,2.416810,0,0,0.008390,0.000309,0.066625,2.138332,0.005063,0.011440,2.126892,0.002315,0.096502
3863,1790556374.128221750,2.397528,0,0,0.009156,0.000310,0.052445,2.117929,0.014993,0.016337,2.101592,0.004535,0.093615
3864,1790556374.228381157,2.948911,0,0,0.015883,0.000575,0.091760,2.636818,0.005495,0.012890,2.623928,0.002466,0.135931
3865,1790556374.328556776,2.365866,0,0,0.008410,0.000332,0.050819,2.185266,0.005938,0.012066,2.173200,0.002271,0.060449
3866,1790556374.428796053,2.469780,0,0,0.008503,0.000351,0.051588,2.233447,0.005569,0.027689,2.205758,0.002420,0.060818
3867,1790556374.528986692,2.547423,0,0,0.008830,0.000261,0.069210,2.341490,0.005897,0.012392,2.329098,0.002427,0.067440
3868,1790556374.629176140,2.580701,0,0,0.008511,0.000289,0.051624,2.382434,0.005938,0.012484,2.369950,0.002325,0.076634
3869,1790556374.729357719,2.603510,0,0,0.008901,0.000324,0.055347,2.401222,0.005450,0.012078,2.389144,0.002582,0.076714
3870,1790556374.829523802,2.492987,0,0,0.007630,0.000341,0.049129,2.309025,0.005644,0.011894,2.297131,0.002011,0.069151
3871,1790556374.929746866,2.715494,0,0,0.006201,0.000230,0.048935,2.523839,0.006450,0.016585,2.507254,0.002515,0.068001
3872,1790556375.029975414,2.373168,0,0,0.006366,0.000268,0.056328,2.169853,0.005593,0.013047,2.156806,0.002415,0.074853
3873,1790556375.130132198,2.329336,0,0,0.006236,0.000216,0.050216,2.135993,0.005889,0.012550,2.123443,0.002459,0.064230
3874,1790556375.230365515,2.545194,0,0,0.012592,0.000230,0.068750,2.310459,0.006024,0.013296,2.297163,0.002342,0.074124
3875,1790556375.330601692,2.620286,0,0,0.009040,0.000437,0.059180,2.409788,0.006324,0.012864,2.396924,0.002486,0.066100
3876,1790556375.430728197,2.072524,0,0,0.007526,0.000222,0.049885,1.900396,0.004872,0.011481,1.888915,0.002436,0.061831
3877,1790556375.530916452,2.552009,0,0,0.008991,0.000201,0.055036,2.327097,0.005727,0.012014,2.315083,0.002181,0.086592
3878,1790556375.631130934,3.569231,0,0,0.021167,0.000557,0.116462,3.020097,0.011560,0.025718,2.994379,0.005426,0.204495
3879,1790556375.731334448,2.615193,0,0,0.008660,0.000271,0.052340,2.373599,0.006806,0.014186,2.359413,0.002843,0.091458
3880,1790556375.831517696,2.575269,0,0,0.007567,0.000251,0.064348,2.360461,0.006093,0.013096,2.347365,0.002199,0.069999
3881,1790556375.931700945,2.297562,0,0,0.010495,0.000343,0.070726,2.073294,0.006454,0.014149,2.059145,0.002671,0.075888
3882,1790556376.031893253,2.700131,0,0,0.008774,0.000279,0.089527,2.419945,0.006983,0.015135,2.404810,0.002856,0.082802
3883,1790556376.132125854,2.534418,0,0,0.008819,0.000248,0.052066,2.173696,0.025949,0.014703,2.158993,0.002794,0.114364
3884,1790556376.232321501,3.055849,0,0,0.008702,0.000543,0.051540,2.840035,0.006248,0.017136,2.822899,0.002784,0.070221
3885,1790556376.332513809,2.789304,0,0,0.007560,0.000193,0.056293,2.524589,0.006360,0.014038,2.510551,0.002407,0.115816
3886,1790556376.432712793,3.710091,0,0,0.014129,0.000547,0.098869,3.098015,0.007657,0.017162,3.080853,0.003215,0.399869
3887,1790556376.532912731,2.277282,0,0,0.007809,0.000214,0.052321,2.054934,0.005696,0.011736,2.043198,0.002219,0.087009
3888,1790556376.633103848,2.617194,0,0,0.013909,0.000517,0.090487,2.386283,0.005090,0.012960,2.373323,0.002522,0.063347
3889,1790556376.733299732,2.442820,0,0,0.008621,0.000326,0.052560,2.261025,0.005592,0.011426,2.249599,0.002163,0.060218
3890,1790556376.833482504,2.752055,0,0,0.008579,0.000528,0.053935,2.405232,0.010019,0.021832,2.383400,0.004446,0.113286
3891,1790556376.933693647,2.537512,0,0,0.016083,0.000557,0.095370,2.252805,0.006104,0.012008,2.240797,0.002455,0.065673
3892,1790556377.033867836,3.369511,0,0,0.010098,0.000264,0.073523,3.112513,0.007197,0.019162,3.093351,0.002898,0.070778
3893,1790556377.134087324,3.330494,0,0,0.007738,0.000211,0.060232,3.020299,0.006379,0.015419,3.004880,0.002692,0.096930
3894,1790556377.234270811,3.329107,0,0,0.007154,0.000577,0.054995,3.109235,0.006596,0.019529,3.089706,0.002738,0.066598
3895,1790556377.334459305,2.551983,0,0,0.007234,0.000184,0.053955,2.316104,0.006595,0.015091,2.301013,0.002886,0.076893
3896,1790556377.534853935,2.744477,0,0,0.007863,0.000274,0.051726,2.521352,0.010727,0.023727,2.497625,0.004074,0.067766
3897,1790556377.635033607,2.401417,0,0,0.007583,0.000299,0.049478,2.213036,0.005304,0.013452,2.199584,0.002184,0.064095
3898,1790556377.735216141,2.696140,0,0,0.008757,0.000418,0.051564,2.493674,0.005766,0.013242,2.480432,0.002605,0.069030
3899,1790556377.835450411,2.363330,0,0,0.009625,0.000301,0.063527,2.160743,0.005306,0.011947,2.148796,0.002646,0.060401
3900,1790556378.035822392,2.365577,0,0,0.008589,0.000322,0.051626,2.156132,0.005955,0.012916,2.143216,0.002379,0.080694
3901,1790556378.136017561,2.300889,0,0,0.009380,0.000249,0.052130,2.099100,0.006044,0.014365,2.084735,0.002428,0.068386
3902,1790556378.236253977,2.558915,0,0,0.009162,0.000253,0.052470,2.322155,0.006904,0.035604,2.286551,0.002933,0.088659
3903,1790556378.336426020,2.676091,0,0,0.021331,0.000407,0.108592,2.391670,0.012548,0.014440,2.377230,0.002406,0.072325
3904,1790556378.436626434,2.349357,0,0,0.013771,0.000656,0.090897,2.070268,0.019814,0.014051,2.056217,0.002564,0.087200
3905,1790556378.536826611,2.663901,0,0,0.009368,0.000250,0.062956,2.380881,0.006268,0.013963,2.366918,0.002425,0.104208
3906,1790556378.637029648,2.566761,0,0,0.009015,0.000326,0.084493,2.300242,0.007129,0.015589,2.284653,0.002983,0.088359
3907,1790556378.737173080,3.191664,0,0,0.009756,0.000339,0.069816,2.947571,0.006725,0.016703,2.930868,0.002958,0.072774
3908,1790556378.837432623,2.760233,0,0,0.008560,0.000268,0.055451,2.521794,0.006456,0.015458,2.506336,0.002550,0.086783
3909,1790556378.937577248,3.011070,0,0,0.020101,0.000333,0.073341,2.516277,0.020396,0.055829,2.460448,0.009580,0.112850
3910,1790556379.037836313,3.007843,0,0,0.009577,0.000385,0.088136,2.682715,0.006271,0.018162,2.664553,0.002859,0.122566
3911,1790556379.138022661,3.064817,0,0,0.008848,0.000293,0.098336,2.777777,0.007753,0.017042,2.760735,0.003519,0.080771
3912,1790556379.238210678,3.047588,0,0,0.006796,0.000288,0.063918,2.821144,0.007254,0.014964,2.806180,0.002303,0.070183
3913,1790556379.338384390,2.309092,0,0,0.010611,0.000315,0.063635,2.082771,0.006251,0.026306,2.056465,0.002547,0.077086
3914,1790556379.638992548,2.530230,0,0,0.005544,0.000254,0.048991,2.311350,0.005757,0.012913,2.298437,0.002139,0.084290
3915,1790556379.739135265,2.397213,0,0,0.006296,0.000235,0.093867,2.164355,0.005247,0.012968,2.151387,0.002428,0.067805
3916,1790556379.839364052,2.299902,0,0,0.005714,0.000169,0.049065,2.102351,0.008070,0.014406,2.087945,0.006406,0.065689
3917,1790556379.939594030,2.460765,0,0,0.006742,0.000188,0.050310,2.158506,0.005601,0.013129,2.145377,0.002838,0.170850
3918,1790556380.039787769,2.294822,0,0,0.006464,0.000259,0.051896,2.108043,0.005971,0.012902,2.095141,0.002864,0.064945
3919,1790556380.139963865,2.425941,0,0,0.006591,0.000204,0.053388,2.223419,0.006147,0.013493,2.209926,0.002231,0.069624
3920,1790556380.240122080,2.597911,0,0,0.007660,0.000351,0.078157,2.225391,0.006807,0.016423,2.208968,0.034166,0.118109
3921,1790556380.340367317,2.777600,0,0,0.007307,0.000297,0.053977,2.507521,0.006391,0.013193,2.494328,0.002489,0.117599
3922,1790556380.440575600,2.301772,0,0,0.006809,0.000249,0.048622,2.082932,0.006663,0.011596,2.071336,0.002364,0.094310
3923,1790556380.540784597,2.482475,0,0,0.007836,0.000240,0.076310,2.212872,0.008391,0.016492,2.196380,0.004370,0.085993
3924,1790556380.640939713,2.770693,0,0,0.011960,0.000251,0.095720,2.511793,0.006026,0.028928,2.482865,0.002784,0.069180
3925,1790556380.741146564,3.553985,0,0,0.012805,0.000316,0.077020,3.301069,0.007291,0.015173,3.285896,0.003213,0.070889
3926,1790556380.841327190,3.025833,0,0,0.012460,0.000457,0.085899,2.779624,0.006697,0.013829,2.765795,0.003216,0.061652
3927,1790556380.941546202,2.652219,0,0,0.009917,0.000740,0.090325,2.406202,0.006178,0.014947,2.391255,0.003107,0.065194
3928,1790556381.041755915,2.215437,0,0,0.008112,0.000469,0.050497,2.019325,0.005869,0.015330,2.003995,0.002911,0.064831
3929,1790556381.141918182,8.370606,0,0,0.008194,0.000223,0.071359,8.078347,0.007246,0.015861,8.062486,0.003124,0.100457
3930,1790556381.242113590,2.744491,0,0,0.013795,0.000322,0.078838,2.477839,0.006967,0.016553,2.461286,0.003256,0.076176
3931,1790556381.342305183,2.990052,0,0,0.007766,0.000220,0.054913,2.756615,0.007306,0.015786,2.740829,0.002689,0.069281
3932,1790556381.442497492,2.564925,0,0,0.008585,0.000279,0.053924,2.366410,0.005711,0.013162,2.353248,0.002365,0.058764
3933,1790556381.542747498,2.577117,0,0,0.008259,0.000413,0.052914,2.374842,0.006061,0.012834,2.362008,0.002228,0.077388
3934,1790556381.642930746,2.382354,0,0,0.005922,0.000219,0.050143,2.186795,0.006261,0.011270,2.175525,0.002268,0.063074
3935,1790556381.743100643,2.571332,0,0,0.006196,0.000271,0.049767,2.397740,0.006128,0.011284,2.386456,0.002109,0.058913
3936,1790556381.843312502,3.271016,0,0,0.033243,0.000907,0.077933,2.922990,0.008219,0.017989,2.905001,0.004267,0.135786
3937,1790556381.943462133,3.373392,0,0,0.007169,0.000200,0.053496,3.076980,0.010152,0.021181,3.055799,0.004522,0.097615
3938,1790556382.043668270,2.984021,0,0,0.015210,0.000579,0.089202,2.461446,0.009712,0.016167,2.445279,0.003816,0.122762
3939,1790556382.143908024,2.335511,0,0,0.010099,0.000254,0.058487,2.109923,0.006269,0.014878,2.095045,0.002213,0.082944
3940,1790556382.244112730,2.369278,0,0,0.008092,0.000256,0.056757,2.145494,0.007091,0.015109,2.130385,0.002879,0.069200
3941,1790556382.344269753,2.251993,0,0,0.008915,0.000294,0.055012,1.996845,0.008017,0.015016,1.981829,0.003333,0.087975
3942,1790556382.444501400,2.482822,0,0,0.008926,0.000439,0.061192,2.238021,0.006352,0.016825,2.221196,0.002687,0.075781
3943,1790556382.644868135,2.467561,0,0,0.009926,0.000187,0.058554,2.200887,0.006728,0.016394,2.184493,0.003224,0.103674
3944,1790556382.745098829,2.700102,0,0,0.009557,0.000356,0.055481,2.447544,0.006914,0.015979,2.431565,0.003164,0.078536
3945,1790556382.845290184,2.331614,0,0,0.013477,0.000281,0.060317,2.109844,0.006285,0.013859,2.095985,0.002756,0.069779
3946,1790556382.945451021,2.732720,0,0,0.009812,0.000258,0.060547,2.358396,0.017071,0.034538,2.323858,0.007700,0.087653
3947,1790556383.045681238,2.303484,0,0,0.009112,0.000302,0.054417,2.049844,0.006433,0.016560,2.033284,0.003950,0.074855
3948,1790556383.145833969,2.274343,0,0,0.008294,0.000317,0.057012,2.066065,0.005346,0.013213,2.052852,0.002676,0.068641
3949,1790556383.346246243,2.321521,0,0,0.008784,0.000289,0.055540,2.084434,0.006332,0.013281,2.071153,0.002398,0.100503
3950,1790556383.446440935,2.586873,0,0,0.009995,0.000237,0.055908,2.335021,0.006917,0.014693,2.320328,0.003072,0.078630
3951,1790556383.546619892,3.642790,0,0,0.027945,0.000650,0.072723,3.326342,0.011274,0.030128,3.296214,0.004457,0.070814
3952,1790556383.747023106,2.585231,0,0,0.007041,0.000163,0.070500,2.290267,0.006836,0.022382,2.267885,0.002978,0.110379
3953,1790556383.947386265,3.037574,0,0,0.013596,0.000229,0.060859,2.721782,0.007489,0.021884,2.699898,0.004449,0.102536
3954,1790556384.047621012,3.412185,0,0,0.010182,0.000209,0.096450,3.147422,0.006973,0.016563,3.130859,0.002647,0.066787
3955,1790556384.147799253,3.062927,0,0,0.019811,0.001011,0.091629,2.758799,0.006607,0.016192,2.742607,0.003042,0.094107
3956,1790556384.248009205,3.249492,0,0,0.011663,0.000392,0.062950,2.927814,0.008615,0.020927,2.906887,0.003134,0.105076
3957,1790556384.348220348,3.514268,0,0,0.011774,0.000513,0.078272,3.242453,0.010946,0.020355,3.222098,0.003853,0.072812
3958,1790556384.448385477,2.619386,0,0,0.005865,0.000251,0.050437,2.362303,0.006903,0.014762,2.347541,0.002656,0.088333
3959,1790556384.548642635,3.108595,0,0,0.006396,0.000241,0.099840,2.825935,0.007080,0.014699,2.811236,0.002588,0.079335
3960,1790556384.648837566,3.026178,0,0,0.025573,0.000490,0.102901,2.679598,0.006833,0.015796,2.663802,0.002748,0.086145
3961,1790556384.749006510,2.957490,0,0,0.010212,0.000378,0.082753,2.716796,0.005869,0.014752,2.702044,0.002933,0.064709
3962,1790556384.849202394,2.890709,0,0,0.007088,0.000199,0.063859,2.644887,0.007792,0.014465,2.630422,0.003280,0.070453
3963,1790556384.949404240,3.071781,0,0,0.007043,0.000221,0.069030,2.810431,0.006495,0.015027,2.795404,0.003064,0.091400
3964,1790556385.049613237,2.835502,0,0,0.006154,0.000260,0.121852,2.546220,0.006690,0.015624,2.530596,0.002426,0.071696
3965,1790556385.149792194,2.647070,0,0,0.007751,0.000291,0.067509,2.372911,0.006397,0.013307,2.359604,0.002508,0.107032
3966,1790556385.249970675,2.721308,0,0,0.008717,0.000512,0.056181,2.432189,0.007751,0.018641,2.413548,0.002746,0.109229
3967,1790556385.350156307,2.727134,0,0,0.006139,0.000293,0.079792,2.485146,0.006152,0.013666,2.471480,0.002428,0.084313
3968,1790556385.450355291,2.575782,0,0,0.008603,0.000588,0.066743,2.362090,0.006334,0.013052,2.349038,0.002543,0.066469
3969,1790556385.550647974,2.833847,0,0,0.011234,0.000455,0.096781,2.469980,0.008258,0.015683,2.454297,0.003241,0.129244
3970,1790556385.650790691,2.937632,0,0,0.021775,0.018601,0.189525,2.578778,0.005157,0.013374,2.565404,0.002598,0.063391
3971,1790556385.750953913,3.130859,0,0,0.019232,0.000360,0.105232,2.858193,0.005777,0.013706,2.844487,0.002448,0.067000
3972,1790556385.851145267,2.985776,0,0,0.010250,0.000237,0.062778,2.743700,0.006697,0.015859,2.727841,0.002746,0.071781
3973,1790556385.951367140,3.028521,0,0,0.009336,0.000318,0.085364,2.780694,0.006805,0.015962,2.764732,0.002655,0.065346
3974,1790556386.051594019,2.844347,0,0,0.010934,0.000371,0.078925,2.540883,0.007478,0.015426,2.525457,0.003050,0.100022
3975,1790556386.151774883,2.654326,0,0,0.008072,0.000191,0.072277,2.353716,0.005105,0.012500,2.341216,0.002618,0.115956
3976,1790556386.251967907,2.549234,0,0,0.007571,0.000242,0.051075,2.368737,0.005404,0.011295,2.357442,0.002150,0.060971
3977,1790556386.352132797,2.547861,0,0,0.007134,0.000187,0.050737,2.318973,0.007707,0.014817,2.304156,0.003205,0.074653
3978,1790556386.452336550,2.619015,0,0,0.009541,0.000297,0.072169,2.337978,0.005858,0.036948,2.301030,0.002920,0.093344
3979,1790556386.552558422,2.704836,0,0,0.010099,0.000387,0.077868,2.344560,0.008988,0.015631,2.328929,0.003313,0.109086
3980,1790556386.652721167,2.420319,0,0,0.007066,0.000201,0.048833,2.167798,0.006918,0.014888,2.152910,0.002809,0.089624
3981,1790556386.853156090,2.460053,0,0,0.007201,0.000246,0.047937,2.186453,0.005250,0.012084,2.174369,0.002342,0.108191
3982,1790556386.953273535,2.824337,0,0,0.005893,0.000260,0.047844,2.554457,0.007311,0.013230,2.541227,0.003376,0.120078
3983,1790556387.053472042,2.733990,0,0,0.008127,0.000268,0.054677,2.449657,0.006856,0.029971,2.419686,0.002776,0.103804
3984,1790556387.153708696,2.988169,0,0,0.006503,0.000255,0.059205,2.721666,0.006997,0.015994,2.705672,0.002848,0.101411
3985,1790556387.253894806,2.936745,0,0,0.006961,0.000211,0.052538,2.711667,0.006601,0.015232,2.696435,0.002322,0.075737
3986,1790556387.354086876,2.995557,0,0,0.025098,0.000238,0.081131,2.738327,0.006760,0.015278,2.723049,0.002538,0.065627
3987,1790556387.454553366,3.215171,0,0,0.007940,0.000239,0.054386,2.951926,0.006335,0.014646,2.937280,0.003037,0.096011
3988,1790556387.554495335,2.966049,0,0,0.007727,0.000187,0.071236,2.724674,0.007501,0.015682,2.708992,0.002822,0.070691
3989,1790556387.654713869,2.776897,0,0,0.007436,0.000269,0.065534,2.522687,0.008305,0.019147,2.503540,0.003027,0.077319
3990,1790556387.855113506,2.230398,0,0,0.007908,0.000339,0.052084,2.013841,0.006079,0.013359,2.000482,0.002163,0.076989
3991,1790556388.055477142,2.580535,0,0,0.011716,0.000229,0.064056,2.350683,0.005784,0.015327,2.335356,0.002861,0.068885
3992,1790556388.255892754,2.926116,0,0,0.010225,0.000538,0.079999,2.685735,0.007528,0.013371,2.672364,0.003069,0.081239
3993,1790556388.356068134,2.725574,0,0,0.008597,0.000644,0.083272,2.504190,0.005653,0.013478,2.490712,0.002762,0.064225
3994,1790556388.456269979,2.642948,0,0,0.025507,0.000337,0.056964,2.411941,0.005420,0.012432,2.399509,0.002496,0.082328
3995,1790556388.556442261,2.549694,0,0,0.009474,0.000276,0.053211,2.367234,0.005359,0.011458,2.355776,0.002734,0.061131
3996,1790556388.656652689,2.591755,0,0,0.009094,0.000229,0.054000,2.395055,0.005022,0.012692,2.382363,0.002308,0.073083
3997,1790556388.756837368,3.255665,0,0,0.013308,0.000409,0.078523,2.907622,0.009361,0.020853,2.886769,0.004142,0.136668
3998,1790556388.857041597,3.128282,0,0,0.012042,0.000563,0.078388,2.883995,0.006117,0.013875,2.870120,0.002263,0.072964
3999,1790556388.957230091,2.388380,0,0,0.009161,0.000304,0.052564,2.101156,0.011388,0.017652,2.083504,0.006060,0.112382
4000,1790556389.157643795,2.343119,0,0,0.008553,0.000216,0.068038,2.088719,0.012686,0.027715,2.061004,0.002542,0.089018
4001,1790556389.257867336,2.454850,0,0,0.005991,0.000238,0.051668,2.076744,0.015234,0.025072,2.051672,0.005522,0.125784
4002,1790556389.358047485,2.329186,0,0,0.007900,0.000248,0.066897,2.079199,0.006950,0.021071,2.058128,0.003899,0.098384
4003,1790556389.458198786,2.384789,0,0,0.008339,0.000256,0.052818,2.147067,0.007439,0.018787,2.128280,0.002841,0.092716
4004,1790556389.558439493,2.389815,0,0,0.005676,0.000191,0.047051,2.172537,0.007536,0.018091,2.154446,0.002955,0.071981
4005,1790556389.658631086,2.379957,0,0,0.006510,0.000279,0.048680,2.144542,0.009868,0.015753,2.128789,0.004694,0.081088
4006,1790556389.758796215,2.323364,0,0,0.008616,0.000207,0.052151,2.078773,0.006618,0.014158,2.064615,0.002588,0.100726
4007,1790556389.859008551,2.226118,0,0,0.008407,0.000302,0.052290,2.010958,0.005840,0.013225,1.997733,0.002512,0.083926
4008,1790556390.059399605,2.305963,0,0,0.005645,0.000212,0.050272,2.126799,0.005770,0.012033,2.114766,0.002182,0.062448
4009,1790556390.159627914,2.506317,0,0,0.008887,0.000332,0.051972,2.219610,0.005493,0.012494,2.207116,0.002293,0.094356
4010,1790556390.259791613,2.464431,0,0,0.007901,0.000248,0.050825,2.094322,0.011202,0.019652,2.074670,0.005022,0.124494
4011,1790556390.359989643,2.648065,0,0,0.007941,0.000194,0.052277,2.301837,0.007208,0.035729,2.266108,0.003661,0.086968
4012,1790556390.460194111,2.910646,0,0,0.007947,0.000565,0.054666,2.348806,0.012720,0.023992,2.324814,0.005954,0.257827
4013,1790556390.560346365,2.241370,0,0,0.007667,0.000286,0.051637,1.975806,0.010729,0.014689,1.961117,0.005761,0.079698
4014,1790556390.660575151,2.390022,0,0,0.007740,0.000274,0.051236,2.192266,0.006289,0.012137,2.180129,0.002960,0.067063
4015,1790556390.760796070,2.279505,0,0,0.007855,0.000251,0.052027,2.068836,0.005192,0.012570,2.056266,0.002447,0.083573
4016,1790556390.860933781,2.515274,0,0,0.007144,0.000270,0.065914,2.187942,0.006732,0.039440,2.148502,0.002814,0.103293
4017,1790556390.961167812,2.559454,0,0,0.007024,0.000261,0.050838,2.344502,0.006543,0.013853,2.330649,0.002683,0.083784
4018,1790556391.061357737,2.203816,0,0,0.007567,0.000291,0.050083,2.015279,0.006939,0.011990,2.003289,0.002754,0.063648
4019,1790556391.161643028,2.468307,0,0,0.007535,0.000254,0.052212,2.251206,0.005506,0.013603,2.237603,0.002348,0.071488
4020,1790556391.261775255,2.667540,0,0,0.013781,0.000266,0.053170,2.321996,0.010171,0.029465,2.292531,0.005493,0.124801
4021,1790556391.361990929,2.610484,0,0,0.008933,0.000226,0.053071,2.308518,0.011168,0.022027,2.286491,0.004313,0.085416
4022,1790556391.462136030,2.693069,0,0,0.009101,0.000515,0.057555,2.469911,0.005939,0.043466,2.426445,0.002774,0.083507
4023,1790556391.562338829,2.379768,0,0,0.005087,0.000177,0.047897,2.147673,0.006378,0.013719,2.133954,0.002532,0.113782
4024,1790556391.662550211,2.878859,0,0,0.010424,0.000218,0.085371,2.536297,0.010837,0.018186,2.518111,0.004417,0.093098
4025,1790556391.762727499,2.520861,0,0,0.005575,0.000244,0.063480,2.297022,0.006346,0.013623,2.283399,0.002695,0.081691
4026,1790556391.862929821,2.789984,0,0,0.008822,0.000274,0.057418,2.496092,0.010706,0.019742,2.476350,0.004077,0.102164
4027,1790556391.963122368,2.546146,0,0,0.006199,0.000190,0.049350,2.290665,0.006242,0.042529,2.248136,0.002563,0.083443
4028,1790556392.063322067,2.469029,0,0,0.008469,0.000227,0.053119,2.243679,0.006272,0.014715,2.228964,0.003003,0.089978
4029,1790556392.163500071,2.525966,0,0,0.009912,0.000229,0.050278,2.295527,0.005650,0.011953,2.283574,0.002708,0.080237
4030,1790556392.263707161,2.870282,0,0,0.011226,0.000351,0.078659,2.636184,0.005942,0.014808,2.621376,0.002593,0.069226
4031,1790556392.363909960,2.964691,0,0,0.006838,0.000248,0.050102,2.651656,0.007562,0.020062,2.631594,0.002930,0.132046
4032,1790556392.464113474,3.085516,0,0,0.019241,0.000186,0.046636,2.773527,0.009575,0.042858,2.730669,0.004154,0.093114
4033,1790556392.564305782,3.299046,0,0,0.006922,0.000294,0.066055,3.075346,0.006387,0.013819,3.061527,0.002829,0.067051
4034,1790556392.664471865,3.242730,0,0,0.006955,0.000311,0.052935,3.021940,0.006378,0.014468,3.007472,0.002364,0.071350
4035,1790556392.764699221,3.045278,0,0,0.006878,0.000321,0.055341,2.741585,0.007472,0.015674,2.725911,0.003642,0.129016
4036,1790556392.864887238,2.869123,0,0,0.009900,0.000208,0.063380,2.641338,0.006463,0.015467,2.625871,0.002717,0.067505
4037,1790556392.965092659,3.465082,0,0,0.009220,0.000308,0.098063,3.145976,0.006815,0.014416,3.131560,0.002490,0.091661
4038,1790556393.065253735,3.297080,0,0,0.008777,0.000257,0.072123,3.013541,0.009557,0.019898,2.993643,0.003380,0.073213
4039,1790556393.165519953,2.271278,0,0,0.006186,0.000235,0.047636,2.081474,0.005762,0.012437,2.069037,0.002610,0.067454
4040,1790556393.265676498,2.600484,0,0,0.009361,0.000318,0.055688,2.399052,0.006019,0.011602,2.387450,0.002485,0.061807
4041,1790556393.365875959,2.403140,0,0,0.008785,0.000286,0.087270,2.053764,0.007988,0.015371,2.038393,0.003103,0.132174
4042,1790556393.566265583,2.575959,0,0,0.008655,0.000288,0.080790,2.293679,0.005357,0.012312,2.281367,0.002266,0.094446
4043,1790556393.766631365,2.273591,0,0,0.006855,0.000216,0.055523,2.061977,0.005802,0.014047,2.047930,0.002754,0.069856
4044,1790556393.866830587,2.744321,0,0,0.009732,0.000216,0.064547,2.370299,0.006591,0.014712,2.355587,0.002578,0.124397
4045,1790556393.967059612,2.374456,0,0,0.011902,0.000282,0.056812,2.157062,0.006167,0.042556,2.114506,0.002438,0.069032
4046,1790556394.067257166,2.364964,0,0,0.009647,0.000376,0.053868,2.085832,0.006012,0.032622,2.053210,0.003013,0.132838
4047,1790556394.167418718,2.345277,0,0,0.009179,0.000279,0.053238,2.040576,0.012960,0.024285,2.016291,0.005463,0.096887
4048,1790556394.267644644,2.349025,0,0,0.009041,0.000305,0.051846,2.136764,0.005411,0.012994,2.123770,0.002492,0.080811
4049,1790556394.367842197,2.970869,0,0,0.007118,0.000283,0.048417,2.725129,0.009384,0.025678,2.699451,0.005440,0.072813
4050,1790556394.468041420,2.450013,0,0,0.011826,0.000533,0.075678,2.233849,0.005740,0.012007,2.221842,0.002607,0.064507
4051,1790556394.568197489,3.205839,0,0,0.008600,0.000326,0.058944,2.940818,0.010027,0.021551,2.919267,0.003197,0.076192
4052,1790556394.668421984,2.952725,0,0,0.007691,0.000279,0.052822,2.742029,0.005907,0.014479,2.727550,0.002732,0.066387
4053,1790556394.768593073,2.776080,0,0,0.005897,0.000255,0.048788,2.550244,0.006168,0.015559,2.534685,0.002640,0.079315
4054,1790556394.868818521,2.974858,0,0,0.020863,0.000243,0.066158,2.724347,0.006677,0.015236,2.709111,0.002439,0.073916
4055,1790556394.969010830,3.052704,0,0,0.006030,0.000166,0.050003,2.818956,0.007099,0.016669,2.802287,0.002995,0.079008
4056,1790556395.069207907,2.989820,0,0,0.014175,0.000780,0.094531,2.678800,0.006451,0.018358,2.660442,0.003323,0.091751
4057,1790556395.169409513,2.738079,0,0,0.005898,0.000238,0.068830,2.484942,0.020451,0.020278,2.464664,0.002980,0.070904
4058,1790556395.269600868,2.933310,0,0,0.010162,0.000345,0.068020,2.683808,0.005737,0.013638,2.670170,0.002646,0.087022
4059,1790556395.369834661,3.020205,0,0,0.011016,0.000450,0.083127,2.725314,0.007480,0.017717,2.707597,0.004087,0.085492
4060,1790556395.469995022,2.350922,0,0,0.007810,0.000217,0.064142,2.100766,0.005772,0.011764,2.089002,0.002198,0.075073
4061,1790556395.670394659,2.198873,0,0,0.012229,0.000506,0.081567,1.954655,0.006056,0.013860,1.940795,0.002660,0.071915
4062,1790556395.770627499,2.476765,0,0,0.009601,0.000398,0.054931,2.258982,0.006007,0.013515,2.245467,0.003106,0.083331
4063,1790556395.870780230,2.473235,0,0,0.008534,0.000304,0.063740,2.257599,0.005552,0.014798,2.242801,0.002764,0.065146
4064,1790556395.971008062,2.856533,0,0,0.008599,0.000262,0.054658,2.639267,0.006496,0.016077,2.623190,0.002574,0.070814
4065,1790556396.071152210,3.232452,0,0,0.019335,0.000256,0.111774,2.942830,0.006128,0.014927,2.927903,0.002656,0.071624
4066,1790556396.171366692,2.855706,0,0,0.009086,0.000195,0.068513,2.603180,0.005947,0.014865,2.588315,0.002854,0.089604
4067,1790556396.271664381,2.652684,0,0,0.010811,0.000364,0.064579,2.422945,0.005413,0.014005,2.408940,0.002571,0.075815
4068,1790556396.371779919,3.005774,0,0,0.009112,0.000319,0.065329,2.772971,0.006830,0.015006,2.757965,0.002557,0.070705
4069,1790556396.471992970,3.656909,0,0,0.009318,0.000352,0.058331,3.363878,0.006201,0.017332,3.346546,0.017875,0.091661
4070,1790556396.572155714,2.570379,0,0,0.020037,0.000201,0.048847,2.298443,0.007012,0.016528,2.281915,0.003252,0.081945
4071,1790556396.672373772,2.977480,0,0,0.008309,0.000369,0.058557,2.697481,0.009261,0.020575,2.676906,0.003213,0.089496
4072,1790556396.772525549,2.904559,0,0,0.027943,0.000200,0.087473,2.532036,0.021125,0.016427,2.515609,0.002933,0.118917
4073,1790556396.872774601,2.239646,0,0,0.009168,0.000297,0.058342,2.046888,0.005619,0.011465,2.035423,0.002308,0.062192
4074,1790556397.173368692,2.338644,0,0,0.007714,0.000205,0.068149,2.109999,0.005896,0.012906,2.097093,0.002408,0.074548
4075,1790556397.373754025,2.867952,0,0,0.010937,0.000611,0.073352,2.619257,0.007678,0.032691,2.586566,0.003175,0.070438
4076,1790556397.473975658,2.830939,0,0,0.006397,0.000224,0.051315,2.577813,0.006642,0.014638,2.563175,0.002545,0.091635
4077,1790556397.674352646,2.385357,0,0,0.008398,0.000267,0.051030,2.184499,0.005277,0.012365,2.172134,0.002847,0.077841
4078,1790556397.774513483,2.425294,0,0,0.008927,0.000239,0.053256,2.206443,0.005910,0.013885,2.192558,0.003061,0.081708
4079,1790556398.175394773,3.165053,0,0,0.012228,0.000374,0.065197,2.592079,0.030835,0.027402,2.564677,0.006324,0.271505
4080,1790556398.475986004,3.057777,0,0,0.014104,0.000605,0.136142,2.745777,0.006411,0.015816,2.729961,0.002651,0.069518
4081,1790556398.576082945,2.788665,0,0,0.006261,0.000303,0.051968,2.542448,0.006044,0.016697,2.525751,0.002809,0.091363
4082,1790556398.776476622,2.428517,0,0,0.009149,0.000243,0.053190,2.213874,0.006793,0.015188,2.198686,0.002699,0.074474
4083,1790556398.876708269,2.301501,0,0,0.008468,0.000235,0.054270,2.068748,0.006936,0.016874,2.051874,0.003718,0.071706
4084,1790556398.976869583,3.127389,0,0,0.010216,0.000489,0.061592,2.795014,0.009550,0.024888,2.770126,0.005492,0.150517
4085,1790556399.077083349,3.493492,0,0,0.015551,0.000248,0.077954,3.207834,0.007178,0.016906,3.190928,0.019097,0.075390
4086,1790556399.177263021,2.634565,0,0,0.008988,0.000305,0.054418,2.431874,0.006000,0.013743,2.418131,0.002908,0.064292
4087,1790556399.277463913,2.519415,0,0,0.012068,0.000426,0.085831,2.252176,0.005166,0.013102,2.239074,0.002590,0.060711
4088,1790556399.377665520,2.435988,0,0,0.006420,0.000248,0.053119,2.217545,0.028170,0.014980,2.202565,0.002225,0.061648
4089,1790556399.477882862,2.987138,0,0,0.012240,0.000231,0.066680,2.716747,0.007853,0.017278,2.699469,0.007067,0.086864
4090,1790556399.578070879,3.572881,0,0,0.028759,0.000478,0.077727,3.297983,0.007147,0.017084,3.280899,0.002588,0.072535
4091,1790556399.678245068,2.414917,0,0,0.012076,0.000330,0.072239,2.163582,0.006479,0.014151,2.149431,0.003207,0.078116
4092,1790556399.778445005,2.300019,0,0,0.006944,0.000236,0.057714,2.013428,0.007740,0.017725,1.995703,0.003395,0.126359
4093,1790556399.878639698,2.327271,0,0,0.011488,0.000315,0.060999,2.072872,0.005796,0.014220,2.058652,0.002779,0.099864
4094,1790556399.978879452,3.306201,0,0,0.008393,0.000288,0.052455,3.007665,0.007154,0.026521,2.981144,0.004528,0.124693
4095,1790556400.079030275,2.715561,0,0,0.007675,0.000179,0.052420,2.275446,0.008746,0.014907,2.260539,0.003807,0.208536
4096,1790556400.179226875,2.757117,0,0,0.011378,0.000572,0.074082,2.492937,0.006627,0.014177,2.478760,0.002758,0.072276
4097,1790556400.279396296,2.257954,0,0,0.011882,0.000330,0.072192,2.031158,0.006215,0.013458,2.017700,0.002633,0.068689
4098,1790556400.379591227,2.879955,0,0,0.007452,0.000298,0.054964,2.304835,0.010277,0.026171,2.278664,0.004074,0.363184
4099,1790556400.680179596,2.724475,0,0,0.006747,0.000269,0.047860,2.487561,0.005610,0.018487,2.469074,0.002892,0.078268
4100,1790556400.880605936,2.339547,0,0,0.009021,0.000264,0.054459,2.151820,0.005437,0.012570,2.139250,0.002867,0.064385
4101,1790556401.080989361,3.068371,0,0,0.011418,0.000364,0.071176,2.694310,0.013447,0.023222,2.671088,0.004683,0.118972
4102,1790556401.181217432,2.761014,0,0,0.022309,0.000627,0.101092,2.494843,0.005591,0.014713,2.480130,0.003381,0.068074
4103,1790556401.281363726,2.316528,0,0,0.009998,0.000450,0.056677,2.074568,0.005430,0.014106,2.060462,0.002571,0.094904
4104,1790556401.381557465,3.243326,0,0,0.009067,0.000297,0.055129,2.788186,0.012678,0.045281,2.742905,0.004238,0.126660
4105,1790556401.481796980,3.334531,0,0,0.009756,0.000190,0.056357,2.736690,0.018378,0.051157,2.685533,0.008238,0.152457
4106,1790556401.581976175,4.094485,0,0,0.014483,0.000242,0.091256,3.546583,0.015599,0.029863,3.516720,0.007051,0.206672
4107,1790556401.782382250,3.476453,0,0,0.011729,0.000305,0.088573,2.962127,0.034202,0.030785,2.931342,0.007403,0.178241
4108,1790556401.882554054,2.312974,0,0,0.006323,0.000362,0.052657,2.126277,0.005847,0.012412,2.113865,0.002757,0.061221
4109,1790556402.082964659,2.662937,0,0,0.008317,0.000260,0.056760,2.336981,0.019499,0.051628,2.285353,0.008041,0.078123
4110,1790556402.183192015,2.577699,0,0,0.011096,0.000227,0.058433,2.245636,0.009286,0.031909,2.213727,0.005110,0.100861
4111,1790556402.383557320,2.602672,0,0,0.011162,0.000309,0.078536,2.340848,0.006482,0.015533,2.325315,0.003227,0.083259
4112,1790556402.483790398,2.620118,0,0,0.009327,0.000273,0.058126,2.322812,0.009270,0.035095,2.287717,0.003593,0.084851
4113,1790556402.684164047,3.100476,0,0,0.005554,0.000312,0.056551,2.779272,0.012434,0.027405,2.751867,0.005236,0.109287
4114,1790556402.784364700,2.932268,0,0,0.009118,0.000269,0.060640,2.701055,0.005789,0.028087,2.672968,0.002495,0.080980
4115,1790556402.884507418,2.554121,0,0,0.006011,0.000255,0.046430,2.360181,0.006895,0.014097,2.346084,0.002416,0.064273
4116,1790556403.084948301,2.464201,0,0,0.021775,0.000195,0.083595,2.164066,0.005121,0.010925,2.153141,0.002082,0.138351
4117,1790556403.185149193,3.016880,0,0,0.008583,0.000311,0.057985,2.757655,0.008654,0.015955,2.741700,0.003266,0.080955
4118,1790556403.285327673,3.161574,0,0,0.008291,0.000273,0.105854,2.857847,0.005792,0.030915,2.826932,0.002579,0.072608
4119,1790556403.385482311,2.732072,0,0,0.023648,0.000284,0.088417,2.400928,0.007259,0.017638,2.383290,0.002696,0.121495
4120,1790556403.585917711,2.766633,0,0,0.007498,0.000320,0.053004,2.476508,0.010670,0.038716,2.437792,0.005096,0.070377
4121,1790556403.786330462,2.795583,0,0,0.011037,0.000308,0.074066,2.551504,0.006194,0.012725,2.538779,0.002207,0.063393
4122,1790556403.886461973,2.885151,0,0,0.015036,0.000611,0.072114,2.644712,0.005925,0.015750,2.628962,0.002884,0.067387
4123,1790556403.986682653,3.313370,0,0,0.008171,0.000250,0.061519,3.056415,0.005874,0.014569,3.041846,0.002449,0.096410
4124,1790556404.086916924,3.239529,0,0,0.008957,0.000294,0.061036,2.977345,0.006497,0.015335,2.962010,0.002649,0.087108
4125,1790556404.187113047,2.998595,0,0,0.005481,0.000245,0.052862,2.628003,0.008455,0.019269,2.608734,0.003620,0.175220
4126,1790556404.287280321,2.906734,0,0,0.006053,0.000156,0.053800,2.677925,0.007905,0.020180,2.657745,0.003565,0.072007
4127,1790556404.387468815,3.165744,0,0,0.008789,0.000209,0.070215,2.807742,0.005789,0.015055,2.792687,0.002633,0.158107
4128,1790556404.487717152,3.208384,0,0,0.006609,0.000273,0.051250,2.919032,0.009557,0.020916,2.898116,0.004821,0.077729
4129,1790556404.587880135,2.819486,0,0,0.009666,0.000270,0.057987,2.572910,0.005945,0.016394,2.556516,0.002551,0.087356
4130,1790556404.788283825,2.554044,0,0,0.007623,0.000233,0.051738,2.327419,0.006495,0.015550,2.311869,0.002822,0.080642
4131,1790556404.888488531,2.661226,0,0,0.005697,0.000197,0.054339,2.308689,0.009130,0.016505,2.292184,0.020053,0.112186
4132,1790556404.988683701,2.915722,0,0,0.006839,0.000246,0.057878,2.655297,0.007817,0.021494,2.633803,0.003688,0.074288
4133,1790556405.088881969,2.692233,0,0,0.030709,0.000334,0.086546,2.428049,0.005539,0.013106,2.414943,0.002475,0.062843
4134,1790556405.189072609,2.557287,0,0,0.007691,0.000228,0.063225,2.325778,0.006714,0.013931,2.311847,0.002469,0.073588
4135,1790556405.289266586,3.014356,0,0,0.008980,0.000305,0.056872,2.761994,0.010272,0.019509,2.742485,0.003233,0.075668
4136,1790556405.389457226,2.936552,0,0,0.006453,0.000223,0.052706,2.687256,0.006713,0.015917,2.671339,0.002969,0.093072
4137,1790556405.489640474,2.705363,0,0,0.007296,0.000271,0.069711,2.458719,0.007145,0.015016,2.443703,0.003083,0.074838
4138,1790556405.690054178,2.752546,0,0,0.009548,0.000286,0.100947,2.441902,0.007371,0.016246,2.425656,0.003390,0.097295
4139,1790556405.790257215,2.370581,0,0,0.008792,0.000489,0.052450,2.181320,0.005861,0.012466,2.168854,0.002442,0.061845
4140,1790556405.890415907,2.528373,0,0,0.006614,0.000257,0.049905,2.347746,0.005783,0.011401,2.336345,0.002587,0.063131
4141,1790556405.990639448,3.060487,0,0,0.009037,0.000301,0.057314,2.761125,0.010583,0.020542,2.740583,0.004032,0.094614
4142,1790556406.090840340,3.481384,0,0,0.008363,0.000302,0.054759,3.094311,0.011520,0.030820,3.063491,0.003839,0.113589
4143,1790556406.191011667,2.713009,0,0,0.005660,0.000272,0.048823,2.460461,0.007689,0.019485,2.440976,0.003670,0.074004
4144,1790556406.291207314,2.774302,0,0,0.010312,0.000287,0.060106,2.505774,0.006024,0.014833,2.490941,0.002862,0.083827
4145,1790556406.491571188,2.507245,0,0,0.008154,0.000228,0.052041,2.300212,0.005403,0.012968,2.287244,0.002523,0.074949
4146,1790556406.591835022,2.511538,0,0,0.006208,0.000230,0.049164,2.325955,0.005118,0.010974,2.314981,0.002460,0.076042
4147,1790556406.691964388,2.625421,0,0,0.006294,0.000586,0.049051,2.386568,0.005325,0.011179,2.375389,0.001929,0.081494
4148,1790556406.792183638,2.403371,0,0,0.006507,0.000394,0.055143,2.196228,0.006359,0.013003,2.183225,0.002984,0.071832
4149,1790556406.892353535,2.804737,0,0,0.014835,0.000296,0.101282,2.529530,0.005540,0.013601,2.515929,0.005833,0.064512
4150,1790556407.092771769,2.379564,0,0,0.013087,0.000314,0.083631,2.120466,0.006772,0.017894,2.102572,0.002802,0.064069
4151,1790556407.192971706,2.344365,0,0,0.007737,0.000226,0.066230,2.116438,0.011184,0.016505,2.099933,0.003111,0.067212
4152,1790556407.293136120,2.778756,0,0,0.005784,0.000172,0.049506,2.567634,0.005370,0.027619,2.540015,0.002574,0.063902
4153,1790556407.393366098,3.095990,0,0,0.023095,0.000279,0.055204,2.807383,0.022692,0.030677,2.776706,0.002769,0.088758
4154,1790556407.493535757,3.541325,0,0,0.008024,0.000249,0.054425,3.051431,0.015563,0.029358,3.022073,0.006879,0.078334
4155,1790556407.593759775,3.068963,0,0,0.006845,0.000237,0.052562,2.838655,0.007009,0.016349,2.822306,0.002771,0.075291
4156,1790556407.693926573,3.106779,0,0,0.006953,0.000482,0.136607,2.798121,0.006554,0.015374,2.782747,0.002755,0.072835
4157,1790556407.794149399,3.070765,0,0,0.008374,0.000409,0.082820,2.746869,0.006554,0.031926,2.714943,0.003062,0.101695
4158,1790556407.894344091,2.823070,0,0,0.010317,0.000257,0.078403,2.579116,0.006022,0.014624,2.564492,0.002550,0.069467
4159,1790556407.994564533,3.943072,0,0,0.010942,0.000269,0.082117,3.663649,0.006557,0.015014,3.648635,0.002362,0.091231
4160,1790556408.094735622,2.353913,0,0,0.009947,0.000443,0.062127,2.106421,0.006608,0.015924,2.090497,0.002632,0.077182
4161,1790556408.295172453,2.696314,0,0,0.009857,0.000288,0.096332,2.454373,0.005277,0.013702,2.440671,0.002657,0.064672
4162,1790556408.395338297,2.869323,0,0,0.011441,0.000314,0.103865,2.587113,0.005831,0.013932,2.573181,0.002661,0.069397
4163,1790556408.495497465,3.106447,0,0,0.008335,0.000417,0.055050,2.831146,0.006738,0.022435,2.808711,0.019280,0.084352
4164,1790556408.595744610,3.497907,0,0,0.019717,0.000950,0.104131,3.197040,0.007558,0.017973,3.179067,0.003208,0.074951
4165,1790556408.695914507,2.973942,0,0,0.007221,0.000248,0.067244,2.702794,0.009369,0.017398,2.685396,0.003869,0.090564
4166,1790556408.796138287,3.037226,0,0,0.007826,0.000215,0.053312,2.757707,0.007570,0.018763,2.738944,0.003813,0.089116
4167,1790556408.896343470,3.099830,0,0,0.039239,0.000318,0.123990,2.785113,0.006453,0.015736,2.769377,0.002336,0.066371
4168,1790556408.996514320,3.000647,0,0,0.008780,0.000291,0.061253,2.727084,0.008298,0.016483,2.710601,0.003063,0.095827
4169,1790556409.096740961,3.136292,0,0,0.009754,0.000238,0.061060,2.915131,0.006812,0.014518,2.900613,0.002582,0.068329
4170,1790556409.196892977,2.968443,0,0,0.016494,0.000431,0.099001,2.666411,0.005920,0.046480,2.619931,0.003005,0.098666
4171,1790556409.297122478,2.628934,0,0,0.010011,0.000315,0.063190,2.362349,0.006820,0.014608,2.347741,0.003011,0.100765
4172,1790556409.397314072,2.719498,0,0,0.005693,0.000148,0.091002,2.463559,0.006727,0.013180,2.450379,0.002810,0.071273
4173,1790556409.497511387,2.480151,0,0,0.007537,0.000315,0.052870,2.271749,0.005594,0.012919,2.258830,0.002457,0.073723
4174,1790556409.597672224,2.477019,0,0,0.008628,0.000269,0.049523,2.255640,0.005267,0.013158,2.242482,0.002516,0.087480
4175,1790556409.697882175,2.899118,0,0,0.007840,0.000236,0.050543,2.675892,0.005689,0.028684,2.647208,0.003333,0.082324
4176,1790556409.798098087,2.284332,0,0,0.007028,0.000444,0.073703,2.080351,0.004936,0.011662,2.068689,0.002091,0.061130
4177,1790556409.998513222,2.781515,0,0,0.009318,0.000301,0.063703,2.416202,0.007533,0.056139,2.360063,0.003074,0.177623
4178,1790556410.098704100,3.245843,0,0,0.013664,0.000661,0.078627,2.984034,0.005726,0.015764,2.968270,0.002984,0.084903
4179,1790556410.198859930,2.870883,0,0,0.011077,0.000221,0.086750,2.621994,0.006089,0.014607,2.607387,0.002971,0.067720
4180,1790556410.299104214,3.081700,0,0,0.011639,0.000960,0.082132,2.807438,0.006057,0.015235,2.792203,0.002854,0.073654
4181,1790556410.399277687,2.856501,0,0,0.010306,0.000305,0.095146,2.601611,0.019367,0.045578,2.556033,0.002276,0.061801
4182,1790556410.499422312,2.696424,0,0,0.006918,0.000190,0.055864,2.409042,0.006518,0.016617,2.392425,0.002948,0.088919
4183,1790556410.699864388,2.250095,0,0,0.006969,0.000239,0.052148,2.052716,0.005152,0.011731,2.040985,0.002420,0.078313
4184,1790556410.800054073,2.324787,0,0,0.006152,0.000205,0.048959,2.122006,0.004886,0.011797,2.110209,0.002498,0.090389
4185,1790556410.900240660,2.404299,0,0,0.007342,0.000240,0.054652,2.159857,0.005823,0.014061,2.145796,0.002624,0.066032
4186,1790556411.000405550,2.443143,0,0,0.007978,0.000197,0.052021,2.073823,0.008685,0.014910,2.058913,0.003802,0.135675
4187,1790556411.100604773,2.353705,0,0,0.007377,0.000237,0.052642,2.117263,0.006513,0.014973,2.102290,0.002541,0.078563
4188,1790556411.200844526,2.303138,0,0,0.006093,0.000392,0.049841,2.099739,0.006291,0.013762,2.085977,0.002939,0.066811
4189,1790556411.301048994,2.562781,0,0,0.007348,0.000227,0.067661,2.175514,0.024466,0.036557,2.138957,0.004690,0.165281
4190,1790556411.401252747,2.511648,0,0,0.008047,0.000491,0.051719,2.185830,0.006334,0.016576,2.169254,0.004601,0.120254
4191,1790556411.701843977,2.554766,0,0,0.010545,0.000229,0.115739,2.261795,0.005776,0.014391,2.247404,0.002341,0.084214
4192,1790556411.802018404,2.886977,0,0,0.009305,0.000270,0.062605,2.502786,0.008883,0.020401,2.482385,0.004452,0.133615
4193,1790556411.902245522,2.319344,0,0,0.007613,0.000266,0.065633,2.071553,0.005168,0.014022,2.057531,0.002472,0.088831
4194,1790556412.002369881,2.287095,0,0,0.005742,0.000267,0.049618,2.096963,0.006011,0.013384,2.083579,0.002497,0.065322
4195,1790556412.202815056,2.590660,0,0,0.007833,0.000294,0.064509,2.201772,0.015408,0.025885,2.175887,0.005217,0.148311
4196,1790556412.303021431,2.780126,0,0,0.012665,0.000663,0.063943,2.511151,0.007191,0.016689,2.494462,0.003494,0.084462
4197,1790556412.503391743,2.852015,0,0,0.016933,0.000515,0.112238,2.535490,0.006849,0.015685,2.519805,0.002794,0.094374
4198,1790556412.603550673,3.831427,0,0,0.011582,0.000615,0.067767,3.596879,0.006655,0.015594,3.581285,0.002803,0.066884
4199,1790556412.703791857,3.397981,0,0,0.009014,0.000223,0.074428,2.970703,0.013633,0.028955,2.941748,0.006452,0.163846
4200,1790556412.803973913,2.925596,0,0,0.008729,0.000270,0.058741,2.706930,0.006568,0.014671,2.692259,0.003281,0.067655
4201,1790556412.904163837,2.577348,0,0,0.018344,0.000211,0.054799,2.342089,0.006355,0.015287,2.326802,0.002719,0.067969
4202,1790556413.104601622,2.526117,0,0,0.010354,0.000352,0.107470,2.244023,0.006375,0.016916,2.227107,0.003496,0.070834
4203,1790556413.304990053,3.329505,0,0,0.018375,0.000505,0.101281,2.544671,0.005892,0.014001,2.530670,0.002606,0.111511
4204,1790556413.405172586,3.310307,0,0,0.007967,0.000181,0.067062,2.949816,0.009749,0.024792,2.925024,0.004228,0.143049
4205,1790556413.505368948,2.566540,0,0,0.007929,0.000267,0.064875,2.204975,0.013233,0.018552,2.186423,0.005875,0.125074
4206,1790556413.605564356,3.636678,0,0,0.013094,0.000314,0.073792,3.123834,0.017823,0.034679,3.089155,0.007162,0.162031
4207,1790556414.006366968,2.337835,0,0,0.008270,0.000467,0.068107,2.109432,0.006130,0.011737,2.097695,0.002283,0.081088
4208,1790556414.106573105,2.254518,0,0,0.007705,0.000259,0.051554,2.026763,0.005220,0.012256,2.014507,0.002346,0.073642
4209,1790556414.206737518,2.288037,0,0,0.009979,0.000235,0.052567,2.099868,0.005817,0.013177,2.086691,0.002451,0.060304
4210,1790556414.306946039,2.228997,0,0,0.009467,0.000293,0.054366,2.022335,0.005894,0.014621,2.007714,0.002613,0.069177
4211,1790556414.407103062,2.615566,0,0,0.010831,0.000309,0.068016,2.287194,0.011231,0.027875,2.259319,0.005777,0.094671
4212,1790556414.507336140,2.431277,0,0,0.009317,0.000307,0.053341,2.124166,0.009636,0.021896,2.102270,0.003543,0.096643
4213,1790556414.607529879,2.312079,0,0,0.009462,0.000425,0.053060,2.103121,0.006530,0.014803,2.088318,0.002968,0.066383
4214,1790556414.807895660,2.769112,0,0,0.005706,0.000197,0.049186,2.486139,0.006961,0.018834,2.467305,0.002454,0.093449
4215,1790556414.908130646,2.754754,0,0,0.008037,0.000274,0.053616,2.538468,0.006692,0.016199,2.522269,0.002832,0.068123
4216,1790556415.008283615,3.096272,0,0,0.008307,0.000182,0.053974,2.877246,0.006085,0.014512,2.862734,0.002803,0.072129
4217,1790556415.108520746,3.222751,0,0,0.006728,0.000252,0.055180,2.974578,0.006746,0.017623,2.956955,0.002896,0.090486
4218,1790556415.208722115,3.345544,0,0,0.011182,0.000455,0.083490,3.075297,0.006563,0.017057,3.058240,0.003136,0.075819
4219,1790556415.308900595,2.629199,0,0,0.013636,0.000359,0.095738,2.329706,0.017794,0.015718,2.313988,0.003031,0.093388
4220,1790556415.409077406,2.925877,0,0,0.013078,0.000334,0.070236,2.686694,0.005595,0.013729,2.672965,0.002534,0.077135
4221,1790556415.509306908,2.685494,0,0,0.007441,0.000217,0.053887,2.467954,0.006457,0.015009,2.452945,0.002666,0.065001
4222,1790556415.709700584,2.619188,0,0,0.009610,0.000218,0.055808,2.360777,0.006834,0.018639,2.342138,0.003065,0.083438
4223,1790556415.910211563,2.927769,0,0,0.007309,0.000273,0.053593,2.632224,0.007230,0.014789,2.617435,0.002922,0.094732
4224,1790556416.010284901,3.227048,0,0,0.016259,0.000254,0.084822,2.917797,0.006341,0.029294,2.888503,0.002991,0.105525
4225,1790556416.110498190,2.720053,0,0,0.010318,0.000244,0.075247,2.461448,0.005857,0.013000,2.448448,0.002183,0.074193
4226,1790556416.210676908,3.079948,0,0,0.011642,0.000315,0.082112,2.819450,0.006150,0.014297,2.805153,0.002422,0.085740
4227,1790556416.310858011,3.118010,0,0,0.007708,0.000213,0.052144,2.836134,0.013395,0.042510,2.793624,0.005405,0.083548
4228,1790556416.411065102,2.911849,0,0,0.008714,0.000321,0.051922,2.635106,0.010175,0.020663,2.614443,0.003622,0.096455
4229,1790556416.511264801,2.676580,0,0,0.006138,0.000157,0.047885,2.418294,0.006262,0.016080,2.402214,0.002595,0.094239
4230,1790556416.611401558,3.051616,0,0,0.013283,0.000355,0.068291,2.728116,0.006453,0.018380,2.709736,0.025537,0.097823
4231,1790556416.711652279,2.903030,0,0,0.007939,0.000274,0.060162,2.616623,0.009481,0.014811,2.601812,0.003005,0.099258
4232,1790556416.811884403,2.979159,0,0,0.008075,0.000228,0.053815,2.761778,0.006650,0.014225,2.747553,0.003105,0.067193
4233,1790556416.912016153,2.553697,0,0,0.006381,0.000250,0.047293,2.216552,0.007868,0.030609,2.185943,0.003981,0.150692
4234,1790556417.112383127,2.311908,0,0,0.011697,0.000174,0.066169,2.033791,0.005686,0.013640,2.020151,0.002794,0.120979
4235,1790556417.212635994,2.941854,0,0,0.009702,0.000318,0.057035,2.526124,0.012225,0.024132,2.501992,0.006527,0.160472
4236,1790556417.312834263,2.327958,0,0,0.009797,0.000319,0.056054,2.080481,0.007162,0.017462,2.063019,0.003248,0.089079
4237,1790556417.412980080,2.982140,0,0,0.013412,0.000341,0.124107,2.474520,0.009213,0.028418,2.446102,0.004998,0.168758
4238,1790556417.513244390,3.680997,0,0,0.033651,0.000344,0.080364,3.404474,0.006496,0.015921,3.388553,0.002852,0.076417
4239,1790556417.613420725,2.876987,0,0,0.009211,0.000191,0.053797,2.641455,0.007530,0.017619,2.623836,0.002706,0.067220
4240,1790556418.014182091,3.505903,0,0,0.012480,0.000421,0.150712,3.175055,0.007022,0.018289,3.156766,0.003145,0.071915
4241,1790556418.114525080,2.818605,0,0,0.006939,0.000197,0.051002,2.554617,0.007564,0.015786,2.538831,0.003269,0.084640
4242,1790556418.214589596,2.963977,0,0,0.008030,0.000254,0.055377,2.666337,0.008308,0.019969,2.646368,0.003099,0.108796
4243,1790556418.314773798,2.925048,0,0,0.013327,0.000488,0.085790,2.645042,0.005677,0.015600,2.629442,0.002517,0.082810
4244,1790556418.415026426,3.038398,0,0,0.007896,0.016448,0.149894,2.702519,0.006464,0.015353,2.687166,0.002383,0.075208
4245,1790556418.515131474,2.737960,0,0,0.008569,0.000292,0.072493,2.453425,0.006210,0.015471,2.437954,0.002838,0.111154
4246,1790556418.715526104,2.815051,0,0,0.009972,0.000170,0.064141,2.557114,0.008717,0.035870,2.521244,0.003205,0.077173
4247,1790556419.116371393,2.661841,0,0,0.008316,0.000295,0.052083,2.418050,0.006950,0.015932,2.402118,0.002693,0.093935
4248,1790556419.216536283,3.020816,0,0,0.012378,0.000390,0.075939,2.754732,0.006132,0.014807,2.739925,0.002577,0.073507
4249,1790556419.316744566,3.084877,0,0,0.009598,0.000205,0.070334,2.856001,0.006475,0.014527,2.841474,0.002615,0.066622
4250,1790556419.416927814,2.479371,0,0,0.010225,0.000529,0.062735,2.252817,0.006284,0.014675,2.238142,0.002750,0.069078
4251,1790556419.617315054,2.744739,0,0,0.010254,0.000240,0.064587,2.487697,0.006856,0.017228,2.470469,0.002889,0.082694
4252,1790556419.717524290,2.465456,0,0,0.009625,0.000295,0.053095,2.210659,0.006592,0.026011,2.184648,0.002526,0.084227
4253,1790556419.817718506,2.447219,0,0,0.010249,0.000231,0.055845,2.168582,0.011514,0.020233,2.148349,0.003584,0.090884
4254,1790556419.917910337,2.530675,0,0,0.005838,0.000266,0.046099,2.113962,0.011028,0.024829,2.089133,0.006312,0.189483
4255,1790556420.018185616,2.440400,0,0,0.010636,0.000245,0.066437,2.153810,0.006919,0.020153,2.133657,0.004183,0.083539
4256,1790556420.118321896,2.559359,0,0,0.006141,0.000252,0.051994,2.310617,0.007200,0.016120,2.294497,0.003768,0.075022
4257,1790556420.218500853,2.282992,0,0,0.013320,0.000278,0.065377,2.044447,0.005629,0.013548,2.030899,0.002926,0.082214
4258,1790556420.318743229,2.696886,0,0,0.005002,0.000382,0.046654,2.365996,0.012647,0.040028,2.325968,0.004585,0.111858
4259,1790556420.418922186,2.740076,0,0,0.012313,0.000231,0.079733,2.391732,0.007012,0.018303,2.373429,0.003927,0.137694
4260,1790556420.519113064,2.631492,0,0,0.009128,0.000224,0.074753,2.350010,0.006277,0.013472,2.336538,0.002595,0.092625
4261,1790556420.619311571,2.380066,0,0,0.008412,0.000231,0.051313,2.190773,0.005579,0.012753,2.178020,0.002604,0.065323
4262,1790556420.719517946,2.320120,0,0,0.007172,0.000330,0.049655,2.123171,0.006147,0.012668,2.110503,0.002224,0.068221
4263,1790556420.819703817,2.902813,0,0,0.007065,0.000230,0.063222,2.663461,0.006267,0.013625,2.649836,0.002314,0.096453
4264,1790556420.919906378,2.669079,0,0,0.007123,0.000176,0.057635,2.446354,0.006220,0.015010,2.431344,0.003461,0.076331
4265,1790556421.020097971,2.532793,0,0,0.007483,0.000294,0.068565,2.271772,0.005929,0.031782,2.239990,0.003507,0.089388
4266,1790556421.120304346,2.963245,0,0,0.008923,0.000260,0.058768,2.647698,0.005790,0.013471,2.634227,0.002412,0.083148
4267,1790556421.220459700,2.594166,0,0,0.012398,0.000352,0.089261,2.349846,0.006221,0.013666,2.336180,0.002291,0.070457
4268,1790556421.320627213,2.652830,0,0,0.009211,0.000394,0.065093,2.393367,0.007530,0.014538,2.378829,0.002403,0.102870
4269,1790556421.420881033,2.815389,0,0,0.006102,0.000170,0.048157,2.609547,0.005739,0.013156,2.596391,0.002424,0.074425
4270,1790556421.521049023,2.799461,0,0,0.010020,0.000371,0.102590,2.511012,0.006346,0.018215,2.492797,0.002676,0.090276
4271,1790556421.621274471,3.138788,0,0,0.006729,0.000166,0.055991,2.877368,0.006466,0.014888,2.862480,0.002536,0.116122
4272,1790556421.721448183,2.696868,0,0,0.017146,0.000207,0.077675,2.395676,0.021610,0.014213,2.381463,0.002197,0.116015
4273,1790556421.821671724,2.641167,0,0,0.008708,0.000267,0.067048,2.402393,0.006283,0.013965,2.388428,0.002349,0.086078
4274,1790556421.921861887,2.812573,0,0,0.010558,0.000249,0.062748,2.549720,0.006511,0.015437,2.534283,0.003020,0.096412
4275,1790556422.022059679,3.537055,0,0,0.036655,0.000290,0.091190,3.229061,0.006646,0.016717,3.212344,0.002861,0.085620
4276,1790556422.122261763,2.739779,0,0,0.007420,0.000349,0.052401,2.529363,0.006478,0.013173,2.516190,0.002722,0.070361
4277,1790556422.222452879,2.402342,0,0,0.006708,0.000277,0.064428,2.164325,0.007922,0.014441,2.149884,0.003142,0.081677
4278,1790556422.422851324,2.990437,0,0,0.019661,0.000868,0.073114,2.674109,0.006918,0.017283,2.656826,0.002792,0.118306
4279,1790556422.523051739,2.301043,0,0,0.007895,0.000313,0.053577,2.013487,0.006967,0.015924,1.997563,0.003006,0.139156
4280,1790556422.623235941,2.396132,0,0,0.008320,0.000227,0.052534,2.124443,0.013002,0.027144,2.097299,0.003860,0.087070
4281,1790556422.723405361,2.343578,0,0,0.008889,0.000224,0.058601,2.118633,0.006461,0.013614,2.105019,0.002529,0.074316
4282,1790556422.823631763,2.462193,0,0,0.009084,0.000273,0.055559,2.238769,0.006172,0.013952,2.224817,0.002557,0.074778
4283,1790556422.923829794,2.731767,0,0,0.009452,0.000258,0.059818,2.468672,0.005781,0.029372,2.439300,0.002210,0.096182
4284,1790556423.024092674,3.144901,0,0,0.023423,0.000288,0.088902,2.843806,0.007776,0.032856,2.810950,0.003992,0.077991
4285,1790556423.124227524,2.889183,0,0,0.010756,0.000362,0.060173,2.651544,0.006348,0.015095,2.636449,0.002613,0.074717
4286,1790556423.224403858,3.207796,0,0,0.008074,0.000252,0.056330,2.923387,0.024650,0.022267,2.901120,0.003233,0.102043
4287,1790556423.324559927,3.289030,0,0,0.020960,0.000492,0.113329,2.988923,0.007856,0.016231,2.972692,0.003278,0.069073
4288,1790556423.424782038,2.976590,0,0,0.006565,0.000266,0.051876,2.767859,0.006171,0.014988,2.752871,0.002347,0.066977
4289,1790556423.524988890,3.178464,0,0,0.007406,0.000263,0.052483,2.949395,0.005795,0.015484,2.933911,0.003010,0.076507
4290,1790556423.625174522,2.889744,0,0,0.009055,0.000258,0.103008,2.616321,0.006361,0.015831,2.600490,0.002576,0.072903
4291,1790556423.825555086,2.477030,0,0,0.009161,0.000222,0.068861,2.230146,0.005740,0.014747,2.215399,0.002805,0.087936
4292,1790556423.925735950,2.589692,0,0,0.010919,0.000219,0.060993,2.196825,0.010698,0.022450,2.174375,0.004974,0.177037
4293,1790556424.025962830,2.631330,0,0,0.014605,0.000300,0.083049,2.345077,0.006544,0.015447,2.329630,0.002839,0.106912
4294,1790556424.126154900,2.427985,0,0,0.012546,0.000442,0.068918,2.160970,0.006613,0.019411,2.141559,0.003188,0.087670
4295,1790556424.226325035,2.606412,0,0,0.009854,0.000391,0.058602,2.354243,0.006363,0.013957,2.340286,0.017520,0.069275
4296,1790556424.326557159,2.514255,0,0,0.011022,0.000321,0.066216,2.289824,0.006138,0.013824,2.276000,0.002610,0.068204
4297,1790556424.426744223,2.574387,0,0,0.009086,0.000305,0.063568,2.273921,0.006303,0.013451,2.260470,0.002501,0.148464
4298,1790556424.526970387,2.341186,0,0,0.008747,0.000291,0.052859,2.105989,0.006798,0.013942,2.092047,0.003613,0.087865
4299,1790556424.627130508,2.758838,0,0,0.009052,0.000223,0.060280,2.427657,0.012950,0.020452,2.407205,0.006258,0.107442
4300,1790556424.727334261,2.439070,0,0,0.006724,0.000190,0.050364,2.196797,0.006782,0.015381,2.181416,0.002868,0.081696
4301,1790556424.827502012,2.534156,0,0,0.009388,0.000318,0.059724,2.260901,0.008661,0.019896,2.241005,0.003492,0.083308
4302,1790556424.927725554,2.796620,0,0,0.006050,0.000301,0.048094,2.434085,0.017067,0.044192,2.389893,0.007651,0.078213
4303,1790556425.027957201,3.280081,0,0,0.013076,0.000521,0.118911,2.714317,0.024736,0.033911,2.680406,0.007616,0.197367
4304,1790556425.128121853,2.628525,0,0,0.008596,0.000295,0.082092,2.296633,0.005201,0.012165,2.284468,0.002233,0.131977
4305,1790556425.228298903,3.066292,0,0,0.016226,0.000414,0.071674,2.782226,0.020351,0.015102,2.767124,0.002538,0.089887
4306,1790556425.328521967,3.169017,0,0,0.009337,0.000290,0.083844,2.844609,0.006292,0.014346,2.830263,0.003225,0.105279
4307,1790556425.428729057,2.687367,0,0,0.007793,0.000306,0.053330,2.475380,0.006433,0.014240,2.461140,0.002578,0.067721
4308,1790556425.528934002,2.777339,0,0,0.009132,0.000312,0.052702,2.559694,0.005268,0.013206,2.546488,0.002464,0.069003
4309,1790556425.629145384,2.495403,0,0,0.008302,0.000303,0.048754,2.316102,0.005182,0.012446,2.303656,0.002390,0.061032
4310,1790556425.729326010,2.599602,0,0,0.006722,0.000186,0.048903,2.363759,0.006204,0.016425,2.347334,0.002207,0.069945
4311,1790556425.829521894,2.939599,0,0,0.011562,0.000391,0.056624,2.647467,0.008672,0.024067,2.623400,0.003324,0.104925
4312,1790556425.929691792,3.219552,0,0,0.014409,0.000498,0.069894,2.970210,0.019670,0.031772,2.938438,0.003061,0.066629
4313,1790556426.029884338,2.653720,0,0,0.005705,0.000213,0.055781,2.382472,0.004893,0.012562,2.369910,0.002801,0.145873
4314,1790556426.130052805,2.895464,0,0,0.009897,0.000215,0.097861,2.603996,0.007025,0.015191,2.588805,0.002808,0.080216
4315,1790556426.230270624,2.906274,0,0,0.009314,0.000317,0.062688,2.682836,0.005906,0.011851,2.670985,0.002331,0.076782
4316,1790556426.330470800,2.465136,0,0,0.006288,0.000238,0.048667,2.162331,0.009371,0.017875,2.144456,0.004236,0.132848
4317,1790556426.430643082,2.794031,0,0,0.010875,0.000267,0.115527,2.484033,0.008755,0.016757,2.467276,0.003295,0.084297
4318,1790556426.530905008,3.577931,0,0,0.014049,0.000503,0.168906,3.237591,0.006273,0.015530,3.222061,0.002787,0.067691
4319,1790556426.631071806,2.614761,0,0,0.006253,0.000267,0.048446,2.352359,0.007593,0.014915,2.337444,0.002862,0.102425
4320,1790556426.731253862,2.977588,0,0,0.009426,0.000194,0.066820,2.762740,0.005099,0.014502,2.748238,0.002285,0.065692
4321,1790556426.831516266,2.786066,0,0,0.010492,0.000236,0.081134,2.510109,0.011358,0.019087,2.491022,0.003683,0.076592
4322,1790556426.931695938,2.649377,0,0,0.009008,0.000211,0.064180,2.404905,0.006754,0.015322,2.389583,0.002811,0.077879
4323,1790556427.031894684,2.888717,0,0,0.009044,0.000301,0.059741,2.625524,0.007662,0.015161,2.610363,0.002436,0.082418
4324,1790556427.132086277,2.707532,0,0,0.009240,0.000232,0.066503,2.486562,0.006220,0.014049,2.472513,0.002318,0.068597
4325,1790556427.232266665,2.452816,0,0,0.008019,0.000511,0.050832,2.225108,0.007435,0.014899,2.210209,0.004392,0.075407
4326,1790556427.332484007,2.403301,0,0,0.009792,0.000203,0.057133,2.201871,0.005689,0.012732,2.189139,0.002412,0.066601
4327,1790556427.432682753,2.861166,0,0,0.012056,0.000244,0.075261,2.599610,0.006487,0.015549,2.584061,0.002637,0.077220
4328,1790556427.532834530,3.184196,0,0,0.008801,0.000399,0.057591,2.948581,0.005797,0.014913,2.933668,0.002558,0.085790
4329,1790556427.633034468,2.730306,0,0,0.009472,0.000282,0.061865,2.522693,0.007289,0.014177,2.508516,0.002830,0.064822
4330,1790556427.733231544,2.613746,0,0,0.008239,0.000477,0.051985,2.387354,0.007988,0.021744,2.365610,0.003864,0.070600
4331,1790556427.833432436,2.828087,0,0,0.009071,0.000241,0.098993,2.551432,0.006930,0.016440,2.534992,0.002723,0.074174
4332,1790556427.933643103,2.731298,0,0,0.008535,0.000186,0.056011,2.503104,0.006595,0.015770,2.487334,0.002848,0.077001
4333,1790556428.033788443,2.607743,0,0,0.008928,0.000544,0.049978,2.369484,0.006778,0.013668,2.355816,0.002797,0.070172
4334,1790556428.133989096,3.488991,0,0,0.011337,0.000429,0.091127,2.917233,0.015231,0.029073,2.888160,0.007651,0.224671
4335,1790556428.234209776,2.641618,0,0,0.009290,0.000382,0.057447,2.428667,0.006403,0.013431,2.415236,0.002408,0.066068
4336,1790556428.334373236,2.765300,0,0,0.013641,0.000479,0.094918,2.420438,0.009245,0.017045,2.403393,0.004136,0.078920
4337,1790556428.434606075,2.971859,0,0,0.009561,0.000407,0.065915,2.706198,0.006280,0.014882,2.691316,0.002467,0.101701
4338,1790556428.534830809,2.772144,0,0,0.011673,0.000170,0.063180,2.568909,0.005889,0.013707,2.555202,0.002201,0.061575
4339,1790556428.634994507,2.629293,0,0,0.006936,0.000254,0.051045,2.419698,0.005185,0.012528,2.407170,0.002151,0.072350
4340,1790556428.735186100,2.757271,0,0,0.007363,0.000303,0.051423,2.523103,0.005576,0.013474,2.509629,0.002602,0.073690
4341,1790556428.835407019,2.645201,0,0,0.007263,0.000188,0.049568,2.457632,0.005438,0.013216,2.444416,0.002166,0.065044
4342,1790556428.935558558,2.509900,0,0,0.006746,0.000232,0.050987,2.279475,0.019855,0.015126,2.264349,0.002384,0.085078
4343,1790556429.035774231,2.650671,0,0,0.006508,0.000299,0.054641,2.446885,0.005885,0.012449,2.434436,0.002163,0.068874
4344,1790556429.135975599,2.838065,0,0,0.007574,0.000286,0.059893,2.618565,0.006113,0.013495,2.605070,0.002627,0.069574
4345,1790556429.236174583,2.786451,0,0,0.007005,0.000277,0.080109,2.529971,0.005847,0.013307,2.516664,0.002256,0.065833
4346,1790556429.336364031,2.647134,0,0,0.014220,0.000435,0.079390,2.384869,0.005212,0.043983,2.340886,0.002458,0.097521
4347,1790556429.436598778,3.177662,0,0,0.010970,0.000201,0.099142,2.894230,0.006211,0.017016,2.877214,0.003070,0.084826
4348,1790556429.536795855,2.391043,0,0,0.005953,0.000333,0.048745,2.225206,0.005268,0.011087,2.214119,0.002304,0.057047
4349,1790556429.636983871,2.317507,0,0,0.008264,0.000310,0.069056,2.072824,0.005326,0.013482,2.059342,0.002920,0.077898
4350,1790556429.737154245,2.700264,0,0,0.012033,0.000224,0.080087,2.422080,0.006372,0.013657,2.408423,0.003297,0.090068
4351,1790556429.837351322,2.692335,0,0,0.009085,0.000278,0.052758,2.415788,0.005611,0.013265,2.402523,0.002361,0.105323
4352,1790556429.937619209,2.659559,0,0,0.020518,0.000256,0.081554,2.404238,0.005641,0.015197,2.389041,0.002794,0.070146
4353,1790556430.037738800,2.383535,0,0,0.006504,0.000156,0.051068,2.175035,0.005675,0.012497,2.162538,0.002437,0.075849
4354,1790556430.137941837,2.507978,0,0,0.006020,0.000380,0.046395,2.311427,0.005368,0.012232,2.299195,0.001907,0.080286
4355,1790556430.238155365,2.528039,0,0,0.009332,0.000290,0.049853,2.315455,0.005344,0.013708,2.301747,0.002367,0.071929
4356,1790556430.338353634,2.757704,0,0,0.008830,0.000201,0.054674,2.480168,0.010025,0.021384,2.458784,0.003619,0.089398
4357,1790556430.438530207,2.634097,0,0,0.008103,0.000245,0.056207,2.428080,0.005974,0.012677,2.415403,0.002425,0.068093
4358,1790556430.538731098,2.505657,0,0,0.006512,0.000220,0.069756,2.202823,0.005524,0.011349,2.191474,0.002273,0.166910
4359,1790556430.638940334,2.603796,0,0,0.006898,0.000227,0.069287,2.385730,0.005394,0.012151,2.373579,0.002009,0.065938
4360,1790556430.739146948,2.411077,0,0,0.008679,0.000314,0.053066,2.176966,0.006250,0.013174,2.163792,0.002906,0.097709
4361,1790556430.939517498,2.542801,0,0,0.009020,0.000281,0.051557,2.328358,0.007093,0.014419,2.313939,0.002892,0.071244
4362,1790556431.039729595,3.073466,0,0,0.006332,0.000277,0.051283,2.832790,0.006582,0.015403,2.817387,0.002922,0.086956
4363,1790556431.139926195,2.941406,0,0,0.008719,0.000249,0.050379,2.728743,0.005937,0.013722,2.715021,0.002635,0.068621
4364,1790556431.240135908,2.393709,0,0,0.012207,0.000443,0.063790,2.174959,0.005223,0.012909,2.162050,0.002389,0.080253
4365,1790556431.540721893,2.435654,0,0,0.005596,0.000223,0.049264,2.248703,0.005437,0.013068,2.235635,0.002360,0.065866
4366,1790556431.741087675,2.724810,0,0,0.008967,0.000225,0.052287,2.505692,0.006394,0.022452,2.483240,0.002568,0.076211
4367,1790556431.841277361,2.574059,0,0,0.005772,0.000274,0.047391,2.337571,0.018841,0.013554,2.324017,0.002248,0.078019
4368,1790556431.941474915,2.777178,0,0,0.009291,0.000265,0.096424,2.515619,0.005943,0.014217,2.501402,0.002612,0.072259
4369,1790556432.041672945,2.691188,0,0,0.024262,0.000389,0.094680,2.345336,0.008229,0.032665,2.312671,0.003719,0.092761
4370,1790556432.141872644,2.525808,0,0,0.008491,0.000206,0.052901,2.264029,0.006361,0.013923,2.250106,0.002412,0.076953
4371,1790556432.242090940,2.549732,0,0,0.008164,0.000276,0.052092,2.314713,0.006274,0.033560,2.281153,0.002495,0.074728
4372,1790556432.342253208,2.418972,0,0,0.007921,0.000303,0.058340,2.226313,0.005716,0.013802,2.212511,0.002406,0.064105
4373,1790556432.442441225,2.524566,0,0,0.008527,0.000230,0.051794,2.310831,0.006550,0.014247,2.296584,0.002537,0.068845
4374,1790556432.642864943,2.490573,0,0,0.017881,0.000623,0.068317,2.253122,0.013924,0.015351,2.237771,0.003304,0.065838
4375,1790556432.743067503,3.104389,0,0,0.006112,0.000222,0.067994,2.816007,0.006627,0.014420,2.801587,0.002694,0.079018
4376,1790556432.843289375,2.720619,0,0,0.024655,0.000351,0.066094,2.494065,0.005329,0.013249,2.480816,0.002597,0.067466
4377,1790556432.943439960,2.462716,0,0,0.008728,0.000236,0.051189,2.265287,0.006447,0.014124,2.251163,0.002638,0.063489
4378,1790556433.143842220,2.762125,0,0,0.011876,0.000390,0.072145,2.479625,0.007243,0.017921,2.461704,0.002935,0.086535
4379,1790556433.344252586,2.724130,0,0,0.009683,0.000364,0.066103,2.496301,0.005959,0.012918,2.483383,0.002397,0.071426
4380,1790556434.045607090,2.103642,0,0,0.005663,0.000234,0.055600,1.911303,0.004605,0.011621,1.899682,0.002237,0.073810
4381,1790556434.246025324,2.247502,0,0,0.005423,0.000226,0.061198,2.070468,0.004794,0.011356,2.059112,0.002462,0.057039
4382,1790556434.446393490,2.580903,0,0,0.008186,0.000245,0.049271,2.343016,0.005238,0.012833,2.330183,0.002302,0.069037
4383,1790556434.646799564,2.897958,0,0,0.008892,0.000288,0.055205,2.660577,0.006120,0.012601,2.647976,0.002360,0.063934
4384,1790556434.746991158,3.031588,0,0,0.008705,0.000281,0.065962,2.717832,0.006719,0.016235,2.701597,0.002401,0.126767
4385,1790556434.847167253,2.708913,0,0,0.009951,0.000259,0.057563,2.444462,0.009319,0.016055,2.428407,0.003940,0.088815
4386,1790556434.947364569,2.476633,0,0,0.008280,0.000269,0.088460,2.233562,0.005808,0.014344,2.219218,0.003206,0.067653
4387,1790556435.047646523,2.647946,0,0,0.008962,0.000419,0.053189,2.383242,0.006583,0.015646,2.367596,0.003962,0.079690
4388,1790556435.147760391,2.517686,0,0,0.023186,0.000236,0.050404,2.280155,0.007481,0.014716,2.265439,0.002742,0.073257
4389,1790556435.247982025,2.446181,0,0,0.006600,0.000235,0.070058,2.209635,0.004829,0.011854,2.197781,0.002243,0.068558
4390,1790556435.448350906,2.601748,0,0,0.010671,0.000340,0.087249,2.357038,0.005365,0.013077,2.343961,0.002482,0.071620
4391,1790556435.548518181,2.617877,0,0,0.009319,0.000237,0.058644,2.372187,0.006717,0.013907,2.358280,0.002631,0.089523
4392,1790556435.648709774,2.466996,0,0,0.007823,0.000196,0.077620,2.239212,0.005489,0.014072,2.225140,0.003193,0.067966
4393,1790556435.849106550,2.734718,0,0,0.013452,0.000316,0.091571,2.348469,0.008754,0.017610,2.330859,0.003776,0.092462
4394,1790556435.949300766,3.070990,0,0,0.006697,0.000244,0.050804,2.828393,0.006571,0.015872,2.812521,0.002653,0.081811
4395,1790556436.049534321,2.891904,0,0,0.009743,0.000302,0.059059,2.671262,0.006478,0.013027,2.658235,0.002526,0.066869
4396,1790556436.149727345,2.748507,0,0,0.008594,0.000206,0.052294,2.471650,0.005605,0.015148,2.456502,0.002531,0.105427
4397,1790556436.249891758,2.437848,0,0,0.007441,0.000265,0.072401,2.204437,0.005852,0.014442,2.189995,0.003260,0.073931
4398,1790556436.350164652,2.419488,0,0,0.006062,0.000248,0.049513,2.241466,0.004879,0.011295,2.230171,0.002582,0.063382
4399,1790556436.450325012,2.614772,0,0,0.007486,0.000248,0.055535,2.398483,0.005136,0.012687,2.385796,0.002344,0.076091
4400,1790556436.550552130,2.748604,0,0,0.007050,0.000301,0.050987,2.512023,0.006374,0.013636,2.498387,0.002810,0.085417
4401,1790556436.650732756,2.975574,0,0,0.009153,0.000299,0.077812,2.696492,0.006078,0.014816,2.681676,0.002604,0.103460
4402,1790556436.750906467,2.834982,0,0,0.010423,0.000304,0.066798,2.580479,0.007086,0.016264,2.564215,0.002643,0.082692
4403,1790556436.851129532,2.882118,0,0,0.008193,0.000319,0.067050,2.613107,0.006114,0.014426,2.598681,0.003244,0.105345
4404,1790556436.951326609,2.760891,0,0,0.006483,0.000194,0.049579,2.539284,0.005591,0.013120,2.526164,0.002414,0.090741
4405,1790556437.051521301,2.827888,0,0,0.009570,0.000211,0.069543,2.581858,0.006690,0.014252,2.567606,0.002632,0.067540
4406,1790556437.151760101,2.791596,0,0,0.008308,0.000285,0.058622,2.552345,0.006270,0.014193,2.538152,0.002834,0.090207
4407,1790556437.251913786,2.798162,0,0,0.007456,0.000229,0.051401,2.595225,0.005996,0.012643,2.582582,0.002342,0.074285
4408,1790556437.352104902,2.659651,0,0,0.008534,0.000314,0.052182,2.413109,0.005246,0.012255,2.400854,0.002709,0.119161
4409,1790556437.452280760,2.996784,0,0,0.009122,0.000504,0.133059,2.614709,0.006238,0.015833,2.598876,0.002576,0.142130
4410,1790556437.552466154,2.803134,0,0,0.009232,0.000235,0.086727,2.533957,0.006281,0.013366,2.520591,0.002661,0.089402
4411,1790556437.652670383,2.502969,0,0,0.006586,0.000171,0.050242,2.278191,0.005549,0.014622,2.263569,0.002453,0.088943
4412,1790556437.753005981,2.215164,0,0,0.005928,0.000183,0.046972,2.001772,0.005611,0.014169,1.987603,0.003271,0.084809
4413,1790556437.953289270,2.387395,0,0,0.008960,0.000291,0.058248,2.189067,0.005530,0.012338,2.176729,0.001845,0.075616
4414,1790556438.053455591,2.673181,0,0,0.009219,0.000603,0.078111,2.419851,0.006908,0.014719,2.405132,0.003021,0.077493
4415,1790556438.153677225,2.952021,0,0,0.017133,0.000258,0.177812,2.620808,0.005887,0.014535,2.606273,0.002711,0.064655
4416,1790556438.253973246,2.385774,0,0,0.007886,0.000256,0.051428,2.139674,0.005816,0.013442,2.126232,0.002710,0.110385
4417,1790556438.454264879,2.428070,0,0,0.007823,0.000338,0.064058,2.135489,0.005355,0.012346,2.123143,0.002699,0.142683
4418,1790556438.554459333,2.627742,0,0,0.007646,0.000327,0.048447,2.445462,0.005070,0.017607,2.427855,0.002944,0.062644
4419,1790556438.654632092,2.897292,0,0,0.008031,0.000311,0.052814,2.666882,0.005875,0.013787,2.653095,0.002708,0.076068
4420,1790556438.754824162,2.864421,0,0,0.007813,0.000230,0.068229,2.606034,0.006666,0.013649,2.592385,0.002575,0.088310
4421,1790556438.855040073,2.421448,0,0,0.007058,0.000227,0.048723,2.217733,0.005745,0.012176,2.205557,0.002385,0.080180
4422,1790556439.055452108,3.044214,0,0,0.008891,0.000328,0.052930,2.815952,0.006597,0.017496,2.798456,0.002643,0.079566
4423,1790556439.155652523,2.363432,0,0,0.008210,0.000235,0.062846,2.065168,0.009212,0.024901,2.040267,0.004657,0.106214
4424,1790556439.255855799,2.478817,0,0,0.007611,0.000247,0.057213,2.293508,0.004930,0.012080,2.281428,0.002252,0.062779
4425,1790556439.356010914,2.794455,0,0,0.012120,0.000275,0.073723,2.509766,0.008322,0.016264,2.493502,0.003648,0.092812
4426,1790556439.456222296,2.915581,0,0,0.006947,0.000248,0.088771,2.531247,0.005238,0.011930,2.519317,0.002549,0.166893
4427,1790556439.556399345,2.804767,0,0,0.025030,0.000334,0.068944,2.522197,0.006572,0.013628,2.508569,0.002390,0.098508
4428,1790556439.656636953,2.346176,0,0,0.013870,0.000302,0.060393,2.141490,0.005389,0.013034,2.128456,0.002705,0.061181
4429,1790556439.857027769,2.384520,0,0,0.010040,0.000340,0.059648,2.183665,0.005859,0.013253,2.170412,0.002684,0.063193
4430,1790556439.957187891,2.877299,0,0,0.009193,0.000291,0.081836,2.590362,0.022594,0.012935,2.577427,0.002146,0.102906
4431,1790556440.057411671,2.728569,0,0,0.008494,0.000273,0.128915,2.441242,0.006962,0.013408,2.427834,0.002446,0.070120
4432,1790556440.157584190,3.107412,0,0,0.006688,0.000258,0.083102,2.874324,0.005270,0.013528,2.860796,0.002264,0.067407
4433,1790556440.257790804,2.330276,0,0,0.009035,0.000543,0.051951,2.131705,0.005925,0.013368,2.118337,0.002145,0.063497
4434,1790556440.458201170,2.576701,0,0,0.006199,0.000232,0.048246,2.332248,0.006861,0.014567,2.317681,0.003112,0.077960
4435,1790556440.558398247,2.750499,0,0,0.011834,0.000217,0.070184,2.347604,0.007964,0.015987,2.331617,0.003433,0.162982
4436,1790556440.658571243,3.427200,0,0,0.007615,0.000229,0.049969,3.153995,0.024105,0.017641,3.136354,0.002314,0.090495
4437,1790556440.758792162,2.742898,0,0,0.012748,0.000383,0.117335,2.411130,0.008261,0.018414,2.392716,0.003038,0.102148
4438,1790556440.858924389,2.635435,0,0,0.007912,0.000210,0.066574,2.421978,0.005567,0.012780,2.409198,0.002529,0.066620
4439,1790556440.959174395,2.562304,0,0,0.008143,0.000338,0.053206,2.361493,0.005653,0.012358,2.349135,0.002565,0.067076
4440,1790556441.059352398,2.785989,0,0,0.008280,0.000501,0.049446,2.579574,0.012894,0.012842,2.566732,0.002484,0.066324
4441,1790556441.159559011,2.588338,0,0,0.008317,0.000217,0.065821,2.312422,0.005760,0.012902,2.299520,0.002701,0.066204
4442,1790556441.259760380,2.691165,0,0,0.008899,0.000206,0.052701,2.493443,0.005854,0.013478,2.479965,0.002813,0.066503
4443,1790556441.560357094,2.215409,0,0,0.007133,0.000191,0.060648,1.997030,0.005565,0.014612,1.982418,0.002399,0.081328
4444,1790556441.660523176,2.587747,0,0,0.009248,0.000270,0.052037,2.389227,0.005683,0.011150,2.378077,0.002234,0.061780
4445,1790556441.760714531,2.452029,0,0,0.005663,0.000232,0.049253,2.227130,0.009047,0.018791,2.208339,0.002348,0.085864
4446,1790556441.860907793,3.244346,0,0,0.008621,0.000259,0.051650,2.973819,0.006315,0.013663,2.960156,0.003237,0.100008
4447,1790556441.961140633,2.488080,0,0,0.008073,0.000402,0.077981,2.233407,0.006138,0.013088,2.220319,0.003686,0.092746
4448,1790556442.161516428,2.422843,0,0,0.008754,0.000638,0.052177,2.164832,0.007005,0.020417,2.144415,0.003507,0.085836
4449,1790556442.261748314,2.413499,0,0,0.006704,0.000272,0.062068,2.139228,0.009000,0.016797,2.122431,0.003658,0.087275
4450,1790556442.361896515,2.450070,0,0,0.007504,0.000409,0.049162,2.232146,0.005368,0.010882,2.221264,0.002252,0.087690
4451,1790556442.462085724,2.795250,0,0,0.011555,0.000193,0.082208,2.516690,0.006578,0.017556,2.499134,0.003330,0.082409
4452,1790556442.562326431,2.730921,0,0,0.008960,0.000239,0.053574,2.485565,0.006449,0.014688,2.470877,0.002538,0.097656
4453,1790556442.662479401,2.930063,0,0,0.007682,0.000261,0.100385,2.657851,0.006037,0.015100,2.642751,0.002677,0.073649
4454,1790556442.762721300,2.948581,0,0,0.008423,0.000185,0.074133,2.694814,0.006449,0.028004,2.666810,0.002861,0.066433
4455,1790556442.862890244,2.665003,0,0,0.006410,0.000223,0.049972,2.444272,0.005942,0.016552,2.427720,0.002122,0.082599
4456,1790556442.963109493,2.745060,0,0,0.010652,0.000284,0.064164,2.467675,0.006539,0.015941,2.451734,0.002500,0.096998
4457,1790556443.063295126,2.873714,0,0,0.006292,0.000288,0.050919,2.642086,0.007818,0.020546,2.621540,0.003559,0.071557
4458,1790556443.163465261,2.763048,0,0,0.009777,0.000233,0.070495,2.534379,0.006360,0.014752,2.519627,0.003153,0.066429
4459,1790556443.263640404,2.870039,0,0,0.008506,0.000270,0.068334,2.526097,0.006732,0.015352,2.510745,0.003845,0.119638
4460,1790556443.363878250,2.666872,0,0,0.009240,0.000636,0.054587,2.395792,0.009307,0.018913,2.376879,0.003248,0.088263
4461,1790556443.464033365,2.574851,0,0,0.008864,0.000250,0.053431,2.316321,0.005373,0.013547,2.302774,0.002442,0.098042
4462,1790556443.564301491,2.706269,0,0,0.011388,0.000440,0.076155,2.449029,0.005957,0.015202,2.433827,0.002687,0.077711
4463,1790556443.664455891,3.044476,0,0,0.007697,0.000262,0.058615,2.828705,0.006859,0.029030,2.799675,0.002497,0.066414
4464,1790556443.764692783,2.528600,0,0,0.007577,0.000196,0.071815,2.265897,0.008094,0.034776,2.231121,0.003235,0.072174
4465,1790556443.864838123,2.604901,0,0,0.009926,0.000317,0.058893,2.384203,0.005349,0.013757,2.370446,0.002673,0.074452
4466,1790556443.965065956,2.600216,0,0,0.007852,0.000237,0.057064,2.386628,0.006091,0.013691,2.372937,0.002805,0.072992
4467,1790556444.065209389,2.354370,0,0,0.006007,0.000183,0.045805,2.158544,0.005987,0.012641,2.145903,0.002927,0.070667
4468,1790556444.165409088,3.056864,0,0,0.007061,0.000271,0.053263,2.822148,0.009408,0.018649,2.803499,0.002804,0.067437
4469,1790556444.265619755,2.703797,0,0,0.010008,0.000316,0.059817,2.437040,0.006247,0.014449,2.422591,0.002706,0.077646
4470,1790556444.365850449,2.923432,0,0,0.009390,0.000213,0.063634,2.648020,0.007332,0.046829,2.601191,0.003067,0.100583
4471,1790556444.466043711,2.530193,0,0,0.008380,0.000328,0.055393,2.323047,0.006313,0.015057,2.307990,0.002705,0.070199
4472,1790556444.566230297,2.868577,0,0,0.008813,0.000321,0.051900,2.672514,0.006048,0.013910,2.658604,0.002197,0.063735
4473,1790556444.666396141,2.795202,0,0,0.006586,0.000171,0.052716,2.523392,0.007627,0.020958,2.502434,0.003461,0.102029
4474,1790556444.766624928,2.763321,0,0,0.007977,0.000249,0.068063,2.511501,0.006297,0.016380,2.495121,0.002975,0.079212
4475,1790556444.866832733,2.464510,0,0,0.008675,0.000219,0.054842,2.257345,0.006176,0.014102,2.243243,0.002507,0.065778
4476,1790556444.967044115,2.891521,0,0,0.010288,0.000221,0.055324,2.664656,0.006863,0.015196,2.649460,0.002414,0.082300
4477,1790556445.067178249,2.587026,0,0,0.008485,0.000206,0.064325,2.336263,0.005641,0.015651,2.320612,0.002258,0.087018
4478,1790556445.167435408,3.086459,0,0,0.006666,0.000275,0.049393,2.865555,0.007114,0.017486,2.848069,0.003109,0.068692
4479,1790556445.367785931,2.752871,0,0,0.013363,0.000304,0.061123,2.535147,0.005887,0.013720,2.521427,0.002277,0.072875
4480,1790556445.467989206,3.067906,0,0,0.029086,0.000270,0.082206,2.775278,0.006354,0.031690,2.743588,0.002662,0.097137
4481,1790556445.568151236,2.875193,0,0,0.008440,0.000283,0.060199,2.651521,0.006614,0.016408,2.635113,0.002833,0.068800
4482,1790556445.668373585,2.810666,0,0,0.012215,0.000375,0.075464,2.552095,0.006075,0.015070,2.537025,0.003205,0.087324
4483,1790556445.768578291,2.311660,0,0,0.008132,0.000263,0.051238,2.009910,0.009508,0.021738,1.988172,0.003466,0.132185
4484,1790556445.868741274,2.598946,0,0,0.008356,0.000227,0.064555,2.383352,0.005634,0.013743,2.369609,0.002558,0.068992
4485,1790556445.968970537,3.319952,0,0,0.014365,0.000371,0.071134,3.079903,0.005647,0.016086,3.063817,0.002699,0.068010
4486,1790556446.069165468,3.081691,0,0,0.039264,0.000324,0.074072,2.690088,0.005363,0.012544,2.677544,0.002271,0.141665
4487,1790556446.169328928,2.811135,0,0,0.007263,0.000247,0.050650,2.479093,0.011270,0.020484,2.458609,0.005323,0.123883
4488,1790556446.269571304,2.595622,0,0,0.012386,0.000247,0.069325,2.360096,0.005858,0.014588,2.345508,0.002659,0.069724
4489,1790556446.469983578,2.795747,0,0,0.013411,0.000293,0.115737,2.523896,0.005983,0.014080,2.509816,0.002531,0.069221
4490,1790556446.570146322,2.416345,0,0,0.007888,0.000173,0.072219,2.104842,0.006751,0.013870,2.090972,0.002624,0.136417
4491,1790556446.670368910,2.763977,0,0,0.009950,0.000222,0.053865,2.523133,0.007015,0.014764,2.508369,0.002900,0.091021
4492,1790556446.770516157,2.591808,0,0,0.005349,0.000199,0.051064,2.376398,0.005783,0.013161,2.363237,0.002925,0.087064
4493,1790556446.870741606,2.365263,0,0,0.007545,0.000316,0.066265,2.176393,0.005024,0.011173,2.165220,0.002300,0.059961
4494,1790556446.970960379,2.856474,0,0,0.007618,0.000506,0.071251,2.637894,0.005883,0.012366,2.625528,0.002630,0.066767
4495,1790556447.071126938,2.807851,0,0,0.025367,0.000221,0.053919,2.583753,0.006255,0.014068,2.569685,0.002545,0.065639
4496,1790556447.171355247,2.542622,0,0,0.006846,0.000294,0.075879,2.247721,0.007543,0.015236,2.232485,0.003445,0.111961
4497,1790556447.371690750,2.574205,0,0,0.009371,0.000211,0.056127,2.201593,0.008776,0.020289,2.181304,0.003530,0.153388
4498,1790556447.572123051,5.355819,0,0,0.008292,0.000223,0.064847,5.105949,0.006085,0.014727,5.091222,0.002785,0.098886
4499,1790556447.672304630,3.038215,0,0,0.006315,0.000288,0.061186,2.782725,0.006050,0.014543,2.768182,0.003083,0.098429
4500,1790556447.772479296,2.735020,0,0,0.010566,0.000317,0.076104,2.500690,0.005845,0.015804,2.484886,0.002604,0.067265
4501,1790556447.872705221,2.334132,0,0,0.006349,0.000225,0.050332,2.076998,0.010433,0.033486,2.043512,0.003514,0.079710
4502,1790556448.073123217,2.567553,0,0,0.007013,0.000299,0.064803,2.276703,0.005691,0.030168,2.246535,0.002507,0.080405
4503,1790556448.173312426,2.633638,0,0,0.011176,0.000416,0.084043,2.281595,0.010450,0.019555,2.262040,0.003981,0.134243
4504,1790556448.273484468,2.653839,0,0,0.007395,0.000194,0.056231,2.398607,0.005456,0.012993,2.385614,0.002306,0.070181
4505,1790556448.373707533,2.963794,0,0,0.013585,0.000496,0.061924,2.680327,0.006352,0.014017,2.666310,0.002662,0.119420
4506,1790556448.473883390,2.896372,0,0,0.008961,0.000362,0.059248,2.668351,0.006558,0.016559,2.651792,0.002961,0.068733
4507,1790556448.574048758,2.420070,0,0,0.012844,0.000254,0.094483,2.144706,0.006170,0.015347,2.129359,0.003542,0.075317
4508,1790556448.674291134,2.547182,0,0,0.008814,0.000302,0.057300,2.257654,0.012230,0.018137,2.239517,0.006279,0.106689
4509,1790556448.774473906,2.731313,0,0,0.005460,0.000269,0.047986,2.427022,0.009102,0.015837,2.411185,0.049110,0.079097
4510,1790556448.874698639,2.588517,0,0,0.006655,0.000277,0.050707,2.403206,0.005536,0.027804,2.375402,0.002434,0.065056
4511,1790556448.974890709,3.074276,0,0,0.009040,0.000157,0.079197,2.820158,0.006442,0.015605,2.804553,0.002611,0.081799
4512,1790556449.075090647,3.254577,0,0,0.009678,0.000370,0.066011,2.862058,0.034395,0.026508,2.835550,0.022242,0.118103
4513,1790556449.275489569,2.856269,0,0,0.007737,0.000404,0.071219,2.627140,0.006290,0.014048,2.613092,0.002741,0.065307
4514,1790556449.475848198,3.072137,0,0,0.012600,0.000350,0.076175,2.834991,0.005732,0.015287,2.819704,0.003069,0.064441
4515,1790556449.576048374,2.910304,0,0,0.007551,0.000221,0.060591,2.681128,0.005632,0.014366,2.666762,0.002256,0.085134
4516,1790556449.676235199,2.684118,0,0,0.006280,0.000244,0.079653,2.414967,0.007221,0.013792,2.401175,0.002987,0.103339
4517,1790556449.776431561,2.318110,0,0,0.005655,0.000292,0.049262,2.095505,0.006031,0.012971,2.082534,0.002301,0.087283
4518,1790556449.976865053,2.354509,0,0,0.014691,0.000463,0.095916,2.107439,0.006018,0.014743,2.092696,0.002161,0.065006
4519,1790556450.077061892,3.327566,0,0,0.007746,0.000287,0.084628,3.051200,0.020849,0.014638,3.036562,0.003609,0.066224
4520,1790556450.177213430,2.534922,0,0,0.008217,0.000284,0.049699,2.309929,0.006112,0.012568,2.297361,0.002380,0.097820
4521,1790556450.277619362,2.757294,0,0,0.007222,0.000227,0.050686,2.528232,0.006122,0.013899,2.514333,0.002280,0.081364
4522,1790556450.377642393,2.538740,0,0,0.012052,0.000360,0.087350,2.308139,0.005206,0.012971,2.295168,0.002609,0.066723
4523,1790556450.477775574,2.688511,0,0,0.006737,0.000183,0.054363,2.355866,0.011446,0.026934,2.328932,0.004814,0.145034
4524,1790556450.578002691,2.575052,0,0,0.010449,0.000274,0.079671,2.368493,0.005328,0.042195,2.326298,0.002265,0.058798
4525,1790556450.678230524,3.122400,0,0,0.008322,0.000167,0.064075,2.879654,0.007069,0.013940,2.865714,0.002650,0.079646
4526,1790556450.778406858,2.758928,0,0,0.005998,0.000324,0.045611,2.515612,0.007718,0.013964,2.501648,0.003109,0.067915
4527,1790556450.878616810,2.626083,0,0,0.006477,0.000201,0.050846,2.434176,0.006402,0.013435,2.420741,0.002284,0.062731
4528,1790556450.978807449,2.405063,0,0,0.011854,0.000238,0.073608,2.180110,0.005421,0.015685,2.164425,0.002645,0.062729
4529,1790556451.078984737,2.210797,0,0,0.009029,0.000266,0.055334,1.970113,0.008906,0.018394,1.951719,0.004818,0.083318
4530,1790556451.179178715,2.499273,0,0,0.007564,0.000325,0.055522,2.314418,0.005409,0.012049,2.302369,0.002335,0.060845
4531,1790556451.279406071,3.037460,0,0,0.009750,0.000503,0.064910,2.793524,0.006679,0.013356,2.780168,0.002260,0.083372
4532,1790556451.379606009,2.371550,0,0,0.021433,0.000258,0.054871,2.163441,0.005698,0.011723,2.151718,0.002267,0.062768
4533,1790556451.479785442,2.682938,0,0,0.009705,0.000286,0.065473,2.460749,0.006199,0.013048,2.447701,0.002881,0.068368
4534,1790556451.580023527,2.273600,0,0,0.005347,0.000226,0.047090,2.075870,0.009210,0.012966,2.062904,0.002644,0.065480
4535,1790556451.780382156,2.221084,0,0,0.005629,0.000278,0.049365,2.005214,0.005940,0.017239,1.987975,0.003223,0.084771
4536,1790556451.880650520,2.652458,0,0,0.006337,0.000309,0.057686,2.441475,0.005620,0.015515,2.425960,0.002378,0.067585
4537,1790556451.980790615,2.708465,0,0,0.007176,0.000202,0.076611,2.457148,0.005610,0.013448,2.443700,0.002504,0.087952
4538,1790556452.080934048,2.484364,0,0,0.009890,0.000220,0.054382,2.263475,0.005466,0.013681,2.249794,0.002486,0.083734
4539,1790556452.181147814,2.378875,0,0,0.019627,0.000300,0.080991,2.072090,0.005358,0.011888,2.060202,0.002089,0.150724
4540,1790556452.281309605,2.630021,0,0,0.008019,0.000220,0.054982,2.386239,0.007364,0.017017,2.369222,0.002929,0.078085
4541,1790556452.381567478,2.386820,0,0,0.006137,0.000242,0.065866,2.178390,0.005649,0.011212,2.167178,0.001962,0.077204
4542,1790556452.481771708,2.865988,0,0,0.006541,0.000233,0.050371,2.587681,0.006677,0.014763,2.572918,0.002411,0.075201
4543,1790556452.581958294,2.426896,0,0,0.005795,0.000269,0.048199,2.221031,0.005562,0.012986,2.208045,0.002523,0.083159
4544,1790556452.682140827,2.593049,0,0,0.009439,0.000269,0.058274,2.395714,0.005444,0.013119,2.382595,0.002339,0.065249
4545,1790556452.782346249,2.881076,0,0,0.008177,0.000222,0.053090,2.604006,0.010334,0.019747,2.584259,0.004418,0.091027
4546,1790556452.882540464,2.549725,0,0,0.007898,0.000371,0.060834,2.351928,0.005365,0.011863,2.340065,0.002442,0.068335
4547,1790556452.982759953,3.398713,0,0,0.010093,0.000347,0.125412,3.095374,0.006631,0.017317,3.078057,0.002907,0.074091
4548,1790556453.082933903,2.871223,0,0,0.009854,0.000333,0.088935,2.553234,0.006834,0.014856,2.538378,0.002637,0.108836
4549,1790556453.183149099,2.693247,0,0,0.009320,0.000193,0.053446,2.471672,0.005785,0.014827,2.456845,0.002636,0.079078
